Date,hd1,hd2,hd3,hd4,hd5,hd6,hd7,hd8,hd9,hd10,average,Label2,Label3
2014-01,Brazil Soybeans are 93% GMO Corn is 82% and Cotton is 66%,Dry Weather Impacting Crops in Southern Brazil,Argentine Farmers Hold their Grain amid Economic Turmoil,Vale Indicates a Desire to sell its Potassium Mine in Argentina,Brazilian Farmers Undecided about Safrinha Corn Acreage,Reaction to Last Week's USDA Reports,,,,,"4,26",0,0
2014-01,Brazil Soybeans are 93% GMO Corn is 82% and Cotton is 66%,Dry Weather Impacts Soybean Yields in Goias,Freight Rates in Brazil Surge as Soy Harvesting Gets under Way,Embrapa to Conduct Field Days Promoting Conventional Soybeans,Brazil Soy Farmers Generally Successful Controlling Insects ,Vale Indicates a Desire to sell its Potassium Mine in Argentina,First New Crop Soybeans Leave Brazil Destined for China,Northern Export Routes being developed for Brazilian Soybeans,Soybean Harvest Underway in Brazil's two Top Producing States,Reaction to Last Week's USDA Reports,"13,12",0,0
2014-01-06,Capacity Expands at Latin America's Largest Grain Terminal,Livestock Producers in Brazil Fear Diversion of Corn to Export and Ethanol Production,Harvest Picks Up in Mato Grosso Dry Concerns in Central Brazil,Brazilian Farmers Advised to stay Vigilant about Soybean Rust,Thousands of Additional Trucks Expected on Brazilian Highways,"Harvest Picks Up in Mato Grosso, Dry Concerns in Central Brazil",Brazilian Corn Acreage Losing out to Higher Priced Soybeans,,,,"4,23",1,1
2014-01-12,"""Phytosanitary Emergency"" Decreed for State of Mato Grosso",Soybean Harvest Underway in Brazil's two Top Producing States,Brazilian Farmers Undecided about Safrinha Corn Acreage,Reaction to Last Week's USDA Reports,,,,,,,"4,29",0,0
2014-01-24,Brazil Soybeans are 93% GMO Corn is 82% and Cotton is 66%,Northern Export Routes being developed for Brazilian Soybeans,Argentine Economy on Accelerated Downward Spiral,"Brazil Soybeans are 93% GMO, Corn is 82%, and Cotton is 66%",First New Crop Soybeans Leave Brazil Destined for China,,,,,,"4,31",1,1
2014-01-27,Argentine Economy on Accelerated Downward Spiral,Brazil Soy Farmers Generally Successful Controlling Insects ,Brazil Soybeans are 93% GMO Corn is 82% and Cotton is 66%,Northern Export Routes being developed for Brazilian Soybeans,"Brazil Soybeans are 93% GMO, Corn is 82%, and Cotton is 66%",Vale Indicates a Desire to sell its Potassium Mine in Argentina,First New Crop Soybeans Leave Brazil Destined for China,Brazil Soy Farmers Generally Successful Controlling Insects,,,"4,32",1,1
2014-01-30,Brazil Soy Farmers Generally Successful Controlling Insects ,Brazil Soybeans are 93% GMO Corn is 82% and Cotton is 66%,Embrapa to Conduct Field Days Promoting Conventional Soybeans,Brazil Soy Farmers Generally Successful Controlling Insects,Cities in Southern Brazil endure Record High January Temps,Argentine Farmers Hold their Grain amid Economic Turmoil,"Brazil Soybeans are 93% GMO, Corn is 82%, and Cotton is 66%",Northern Export Routes being developed for Brazilian Soybeans,Vale Indicates a Desire to sell its Potassium Mine in Argentina,First New Crop Soybeans Leave Brazil Destined for China,"4,38",1,0
2014-02,Dryer Weather Allows Advance of Brazil Soybean Harvest,Safrinha Soybeans Increase Nematode Populations,Secretary of Agriculture Downgrades Parana's Soy Estimate,High Humidity Causes Problems for Brazilian Soybean Harvest,"More Traffic Woes for Brazil's ""Soybean Highway""",Wet Weather Delays Soy Harvest and Corn Planting in Brazil,Conab Trims Brazilian Soybean Estimate,,,,"12,97",0,-1
2014-02,Winter Wheat May Replace some Safrinha Corn in Parana,Safrinha Soybeans Increase Nematode Populations,Wet Weather Delays Soy Harvest and Corn Planting in Brazil,Adverse Weather takes Toll on Crops in Eastern/Southern Brazil,POET May Build Four Corn-Based Ethanol Plants in M.T. do Sul,,,,,,"4,32",1,1
2014-02-02,Embrapa to Conduct Field Days Promoting Conventional Soybeans,Dry Weather Impacting Crops in Southern Brazil,Dry Weather Impacts Soybean Yields in Goias,Brazilian Farmers Warned not to Apply Descants too Early,Cities in Southern Brazil endure Record High January Temps,Freight Rates in Brazil Surge as Soy Harvesting Gets under Way,Argentine Farmers Hold their Grain amid Economic Turmoil,,,,"4,42",1,0
2014-02-05,Argentine Farmers Hold their Grain amid Economic Turmoil,Brazilian Farmers Warned not to Apply Descants too Early,Freight Rates in Brazil Surge as Soy Harvesting Gets under Way,Dry Weather Impacts Soybean Yields in Goias,Dry Weather Impacting Crops in Southern Brazil,President Rousseff to meet with Farmers in Mato Grosso Today,Blocking High Pressure in S.E. Brazil may break down next Week,,,,"4,43",1,0
2014-02-08,President Rousseff to meet with Farmers in Mato Grosso Today,Conab Trims Brazilian Soybean Estimate,Adverse Weather takes Toll on Crops in Eastern/Southern Brazil,POET May Build Four Corn-Based Ethanol Plants in M.T. do Sul,Blocking High Pressure in S.E. Brazil may break down next Week,,,,,,"4,42",1,1
2014-02-20,Wet Weather Delays Soy Harvest and Corn Planting in Brazil,Harvest Progress in Brazil Slowed by Wet Weather,"More Traffic Woes for Brazil\'s ""Soybean Highway""","More Traffic Woes for Brazil's ""Soybean Highway""",,,,,,,"4,55",1,1
2014-02-23,"More Traffic Woes for Brazil's ""Soybean Highway""",High Humidity Causes Problems for Brazilian Soybean Harvest,Southern Ports in Brazil facing Northern Competition,Secretary of Agriculture Downgrades Parana's Soy Estimate,"More Traffic Woes for Brazil\'s ""Soybean Highway""",Harvest Progress in Brazil Slowed by Wet Weather,Wet Weather Delays Soy Harvest and Corn Planting in Brazil,,,,"4,56",1,1
2014-02-26,Flooding Isolates States of Rondonia and Acre from Rest of Brazil,Dryer Weather Allows Advance of Brazil Soybean Harvest,Harvest Progress in Brazil Slowed by Wet Weather,High Humidity Causes Problems for Brazilian Soybean Harvest,Safrinha Soybeans Increase Nematode Populations,Limited Harvest Resumes in Mato Grosso Roads in poor Condition,Southern Ports in Brazil facing Northern Competition,Secretary of Agriculture Downgrades Parana's Soy Estimate,"Limited Harvest Resumes in Mato Grosso, Roads in poor Condition",,"4,65",1,1
2014-03,Argentine Farmers still holding over 7 Million Tons of Soybeans,Brazilian Corn Producers are Slow Sellers Expecting Higher Prices,Brazil on track for Record Soybean Exports,Brazil and Paraguay to Plant 1.3 mha of Safrinha Soybeans,Wheat Production May Move into Central Brazil,Argentine Farmers Still Hold 5 mt of Last Year's Soybean Crop,Brazil Soybean Exports off to a Faster Start than Last Year,Corn Acreage Grew Faster than Soy in Mato Grosso Last 6 Years,Uruguay Farmers Continue to Increase their Soybean Production,"Brazil's ""Soybean Highway"" (BR-163) now Officially a Toll Road","13,77",1,1
2014-03,Brazilian Corn Producers are Slow Sellers Expecting Higher Prices,Program Encourages Grain Storage Expansion in Brazil,Grain Companies Propose Three New Railroads for Mato Grosso,Corn Earworm Damage in Bahia less than Feared,Brazilian Ranchers Combining Cattle and Row Crops for Profit,Wheat Production May Move into Central Brazil,Corn Acreage Grew Faster than Soy in Mato Grosso Last 6 Years,Uruguay Farmers Continue to Increase their Soybean Production,Safrinha Corn and Cotton Planting Wrapping up in Mato Grosso,Drought Lowers Prospects for Brazil's Sugarcane Production,"4,58",1,1
2014-03-01,Flooding Isolates States of Rondonia and Acre from Rest of Brazil,Harvesting and Planting Progress in Central Brazil,Safrinha Soybeans Increase Nematode Populations,Dryer Weather Allows Advance of Brazil Soybean Harvest,"Limited Harvest Resumes in Mato Grosso, Roads in poor Condition",Limited Harvest Resumes in Mato Grosso Roads in poor Condition,Winter Wheat May Replace some Safrinha Corn in Parana,,,,"4,83",1,0
2014-03-07,Winter Wheat May Replace some Safrinha Corn in Parana,Brazil Quickly Converting to Mechanical Sugarcane Harvesting,Safrinha Corn and Cotton Planting Wrapping up in Mato Grosso,"Emergency Declared in 17 Cities in Mato Grosso, more to come",Argentine Farmers have Lower Transport Costs than Brazilians,Conab Slashes Brazil's Soybean Estimate 4.57 Million Tons (-5%),Emergency Declared in 17 Cities in Mato Grosso more to come,Brazilian Soybean Exports Set Record for Month of February,Drought Lowers Prospects for Brazil's Sugarcane Production,,"4,85",0,0
2014-03-10,Drought Lowers Prospects for Brazil's Sugarcane Production,Emergency Declared in 17 Cities in Mato Grosso more to come,"Brazil's ""Soybean Highway"" (BR-163) now Officially a Toll Road",Brazilian Soybean Exports Set Record for Month of February,"Brazil\'s ""Soybean Highway"" (BR-163) now Officially a Toll Road",Conab Slashes Brazil's Soybean Estimate 4.57 Million Tons (-5%),Safrinha Corn and Cotton Planting Wrapping up in Mato Grosso,Brazil Quickly Converting to Mechanical Sugarcane Harvesting,Argentine Farmers have Lower Transport Costs than Brazilians,"Emergency Declared in 17 Cities in Mato Grosso, more to come","4,84",0,0
2014-03-13,"Brazil's ""Soybean Highway"" (BR-163) now Officially a Toll Road",Corn Acreage Grew Faster than Soy in Mato Grosso Last 6 Years,Safrinha Corn and Cotton Planting Wrapping up in Mato Grosso,"Brazil\'s ""Soybean Highway"" (BR-163) now Officially a Toll Road",Conab Slashes Brazil's Soybean Estimate 4.57 Million Tons (-5%),Brazil Soybean Exports off to a Faster Start than Last Year,Uruguay Farmers Continue to Increase their Soybean Production,,,,"4,85",0,0
2014-03-22,Wheat Production May Move into Central Brazil,2014/15 Does not look like a Rebound Year for Brazil's Sugar Sector,First Look at 2014 U.S. Growing Season,2013/14 Cotton Acreage in Mato Grosso up 34%,Brazil and Paraguay to Plant 1.3 mha of Safrinha Soybeans,Insured Crop Acreage in Brazil Expected to Triple in Ten Years,Minas Gerais Hit Hard by Hot and Dry Summer Weather in Brazil,Argentine Government's Goal is to Double Irrigated Acreage,Argentine Farmers still holding over 7 Million Tons of Soybeans,Predicted El Nino would have Mixed Impact in Brazil,"4,89",1,1
2014-03-25,Predicted El Nino would have Mixed Impact in Brazil,Cargill and Copersucar Form Joint Sugar Venture,First Look at 2014 U.S. Growing Season,Brazil and Paraguay to Plant 1.3 mha of Safrinha Soybeans,Lineup of Vessels at Brazilian Ports Down from Last Year,2014/15 Does not look like a Rebound Year for Brazil's Sugar Sector,2013/14 Cotton Acreage in Mato Grosso up 34%,Argentine Government's Goal is to Double Irrigated Acreage,Minas Gerais Hit Hard by Hot and Dry Summer Weather in Brazil,Insured Crop Acreage in Brazil Expected to Triple in Ten Years,"4,91",1,1
2014-03-28,Corn Earworm Damage in Bahia less than Feared,Brazilian Ranchers Combining Cattle and Row Crops for Profit,Cargill and Copersucar Form Joint Sugar Venture,Grain Companies Propose Three New Railroads for Mato Grosso,2013/14 Cotton Acreage in Mato Grosso up 34%,2014/15 Does not look like a Rebound Year for Brazil's Sugar Sector,Lineup of Vessels at Brazilian Ports Down from Last Year,Farmers in Southern Brazil Turning Attention to Planting Wheat,,,"4,99",1,0
2014-03-31,Brazil on track for Record Soybean Exports,Cargill and Copersucar Form Joint Sugar Venture,Lineup of Vessels at Brazilian Ports Down from Last Year,"""Flex"" Sugar Mills in Brazil Produce 35 Million Liters of Ethanol",Corn Earworm Damage in Bahia less than Feared,Brazilian Ranchers Combining Cattle and Row Crops for Profit,Grain Companies Propose Three New Railroads for Mato Grosso,Farmers in Southern Brazil Turning Attention to Planting Wheat,,,"5,01",1,0
2014-04,Corn Earworms Bridge Gap between Soy Crops Surviving on Millet,USDA's 2014 U.S. Total Acreage Numbers may be Too Small,Brazilian Farmers are slow Sellers of their 2014 Safrinha Corn,Amazon River Route Inaugurated for Brazilian Soybean Exports,Preliminary 2014 U.S. Corn and Soy Yield and Acreage Estimates,Developing El Nino could Benefit Brazil's Corn and Soybean Crops,Grain Transport Costs in Brazil are 4-5 Times higher than in U.S.,Wheat Production in Argentina and Brazil could Rebound in 2014,"""Brazil Cost"" was Main Theme of Seminar in Brazilian Congress",Brazil May Increase Ethanol Blend in Gasoline from 25% to 27.5%,"14,32",1,1
2014-04,Corn Earworms Bridge Gap between Soy Crops Surviving on Millet,U.S. Corn Planting Remains Behind the Average Pace,USDA's 2014 U.S. Total Acreage Numbers may be Too Small,Brazilian Farmers are slow Sellers of their 2014 Safrinha Corn,Preliminary 2014 U.S. Corn and Soy Yield and Acreage Estimates,Developing El Nino could Benefit Brazil's Corn and Soybean Crops,When Would Corn Planting in the U.S. be Considered Late,Exporting Grain in Containers an Emerging Trend in Brazil,Corn Planting Progress Remains Slow in the U.S.,Grain Transport Costs in Brazil are 4-5 Times higher than in U.S.,"4,91",1,1
2014-04-03,"Brazilian Corn Producers are Slow Sellers, Expecting Higher Prices",Farmers in Southern Brazil Turning Attention to Planting Wheat,Brazil on track for Record Soybean Exports,Where Does the Weather Need to Improve the Most in the U.S.,U.S. Spring Weather Continues to be Less than Ideal,Brazilian Corn Producers are Slow Sellers Expecting Higher Prices,Program Encourages Grain Storage Expansion in Brazil,Will 2014 U.S. Corn Yields be impacted by Delayed Planting,Grain Companies Propose Three New Railroads for Mato Grosso,"""Flex"" Sugar Mills in Brazil Produce 35 Million Liters of Ethanol","5,02",0,0
2014-04-06,Brazilian Corn Producers are Slow Sellers Expecting Higher Prices,U.S. Spring Weather Continues to be Less than Ideal,Where Does the Weather Need to Improve the Most in the U.S.,Program Encourages Grain Storage Expansion in Brazil,"Brazilian Corn Producers are Slow Sellers, Expecting Higher Prices",Will 2014 U.S. Corn Yields be impacted by Delayed Planting,Mato Grosso Farmers have Sold 75% of their Soy 12% of Corn,"Mato Grosso Farmers have Sold 75% of their Soy, 12% of Corn",,,"5,02",0,0
2014-04-09,Where Does the Weather Need to Improve the Most in the U.S.,Transport Costs in Brazil Rising Much Faster than Inflation,Biomass Promoted as Alternative Energy Source in Brazil,"Mato Grosso Farmers have Sold 75% of their Soy, 12% of Corn",Sunflowers Gaining in Brazil as Second Crop Following Soybeans,Mato Grosso Farmers have Sold 75% of their Soy 12% of Corn,Brazil May Increase Ethanol Blend in Gasoline from 25% to 27.5%,Will 2014 U.S. Corn Yields be impacted by Delayed Planting,,,"5,02",0,-1
2014-04-15,Mato Grosso and Sao Paulo are two Main Ag States in Brazil,Brazil May Increase Ethanol Blend in Gasoline from 25% to 27.5%,Return of Cool Temperatures Slows U.S. Spring Planting Pace,Transport Costs in Brazil Rising Much Faster than Inflation,After Delayed Start Brazil's Safrinha Corn in Good Condition\,After Delayed Start Brazil's Safrinha Corn in Good Condition\\,"""Brazil Cost"" was Main Theme of Seminar in Brazilian Congress",,,,"4,96",1,1
2014-04-24,Brazil's 2014/15 Sugarcane Harvest off to a Slow Start,Exporting Grain in Containers an Emerging Trend in Brazil,"U.S. Planting Pace Accelerates, but Still Slower than Average",Brazil's Transport Minister needs R$ 400 Billion to Upgrade System,U.S. Planting Pace Accelerates but Still Slower than Average,Preliminary 2014 U.S. Corn and Soy Yield and Acreage Estimates,Developing El Nino could Benefit Brazil's Corn and Soybean Crops,When Would Corn Planting in the U.S. be Considered Late,,,"5,11",0,0
2014-04-27,When Would Corn Planting in the U.S. be Considered Late,"U.S. Planting Pace Accelerates, but Still Slower than Average",Amazon River Route Inaugurated for Brazilian Soybean Exports,Preliminary 2014 U.S. Corn and Soy Yield and Acreage Estimates,Brazil Could Produce Record Wheat Crop in 2014/15,Developing El Nino could Benefit Brazil's Corn and Soybean Crops,Brazil's 2014/15 Sugarcane Harvest off to a Slow Start,U.S. Planting Pace Accelerates but Still Slower than Average,New Wheat Variety Could Double Wheat Yields in Brazil,,"5,11",1,0
2014-04-30,Brazil's Largest Agrishow Ends on Positive Note,Dry Season Taking hold in Southeastern and Central Brazil,Developing El Nino could Benefit Brazil's Corn and Soybean Crops,Brazilian Farmers are slow Sellers of their 2014SafrinhaCorn,New Wheat Variety Could Double Wheat Yields in Brazil,Preliminary 2014 U.S. Corn and Soy Yield and Acreage Estimates,Brazil Could Produce Record Wheat Crop in 2014/15,Amazon River Route Inaugurated for Brazilian Soybean Exports,Brazilian Farmers are slow Sellers of their 2014 Safrinha Corn,,"5,1",0,0
2014-05,El Nino could Favor Soybean and Corn Production in Brazil,Soybeans Surpass Iron Ore as Main Brazil Export thus far in 2014,Argentine Farmers are Slow Sellers of their 2013/14 Soybeans,Brazil Increases Biodiesel Blend to B7 Sites many Advantages,Corn Production Costs Higher in Mato Grosso for 2014/15,Biodiesel in Brazil will Increase to 7% Vegetable Oil by end of 2014,Dry Summer Weather Impacting Brazilian Sugar Production,Prohibition of Safrinha Soybeans being proposed for Mato Grosso,Mato Grosso Safrinha Corn Estimate increased slightly by Imea,Brazilian Corn Farmers are slow Sellers Exports Lag Last Year,"14,85",1,1
2014-05,El Nino could Favor Soybean and Corn Production in Brazil,First Rating Indicates the U.S. Corn is in Very Good Condition,Argentine Farmers are Slow Sellers of their 2013/14 Soybeans,Brazil Increases Biodiesel Blend to B7 Sites many Advantages,Corn Production Costs Higher in Mato Grosso for 2014/15,Biodiesel in Brazil will Increase to 7% Vegetable Oil by end of 2014,Dry Summer Weather Impacting Brazilian Sugar Production,Brazilian Gov. Supplying Low Interest Loans for new Grain Silos,Mato Grosso Safrinha Corn Estimate increased slightly by Imea,Brazilian Corn Farmers are slow Sellers Exports Lag Last Year,"5,05",1,1
2014-05-03,Brazilian Farmers are slow Sellers of their 2014 Safrinha Corn,Brazilian Farmers are slow Sellers of their 2014SafrinhaCorn,Corn Earworms Bridge Gap between Soy Crops Surviving on Millet,U.S. Corn Planting Remains Behind the Average Pace,USDA's 2014 U.S. Total Acreage Numbers may be Too Small,Brazil's Largest Agrishow Ends on Positive Note,Dry Season Taking hold in Southeastern and Central Brazil,,,,"5,13",0,-1
2014-05-06,U.S. Corn Planting Remains Behind the Average Pace,Corn Earworms Bridge Gap between Soy Crops Surviving on Millet,Brazilian Farmers are slow Sellers of their 2014SafrinhaCorn,Dry Season Taking hold in Southeastern and Central Brazil,Brazilian Farmers are slow Sellers of their 2014 Safrinha Corn,USDA's 2014 U.S. Total Acreage Numbers may be Too Small,,,,,"5,11",0,-1
2014-05-15,Prohibition of Safrinha Soybeans being proposed for Mato Grosso,Mato Grosso Safrinha Corn Estimate increased slightly by Imea,Sugarcane Producers want Brazil Gov. to Increase Price of Gasoline,2013/14 Corn Sales Remain Slow in Mato Grosso,U.S. Planting Last Week Caught up to the Average Pace,Brazilian Corn Farmers are slow Sellers Exports Lag Last Year,,,,,"4,79",0,0
2014-05-18,President Rousseff Announces 2014/15 Harvest Plan for Brazil,Prohibition of Safrinha Soybeans being proposed for Mato Grosso,Brazilian Gov. Supplying Low Interest Loans for new Grain Silos,Mato Grosso Safrinha Corn Estimate increased slightly by Imea,Dry Summer Weather Impacting Brazilian Sugar Production,Brazilian Corn Farmers are slow Sellers Exports Lag Last Year,,,,,"4,76",0,-1
2014-05-21,Good Weather Encourages Rapid Planting Progress Across U.S.,President Rousseff Announces 2014/15 Harvest Plan for Brazil,Prohibition of Safrinha Soybeans being proposed for Mato Grosso,Biodiesel in Brazil will Increase to 7% Vegetable Oil by end of 2014,Dry Summer Weather Impacting Brazilian Sugar Production,Brazilian Gov. Supplying Low Interest Loans for new Grain Silos,Mato Grosso Safrinha Corn Estimate increased slightly by Imea,,,,"4,75",0,-1
2014-05-24,Corn Production Costs Higher in Mato Grosso for 2014/15,Brazil Increases Biodiesel Blend to B7 Sites many Advantages,Fewer Sugar Mills Operating in Brazil compared to Last Year,Biodiesel in Brazil will Increase to 7% Vegetable Oil by end of 2014,Good Weather Encourages Rapid Planting Progress Across U.S.,Cooperatives in Southern Brazil work to Overcome Storage Deficits,El Nino could Favor Soybean and Corn Production in Brazil,,,,"4,69",0,-1
2014-05-27,Late Season Planting in U.S. Progressing Faster than Average,Good Weather Encourages Rapid Planting Progress Across U.S.,Fewer Sugar Mills Operating in Brazil compared to Last Year,Biodiesel in Brazil will Increase to 7% Vegetable Oil by end of 2014,Argentine Farmers are Slow Sellers of their 2013/14 Soybeans,El Nino could Favor Soybean and Corn Production in Brazil,First Rating Indicates the U.S. Corn is in Very Good Condition,Corn Production Costs Higher in Mato Grosso for 2014/15,Brazil Increases Biodiesel Blend to B7 Sites many Advantages,Cooperatives in Southern Brazil work to Overcome Storage Deficits,"4,69",0,-1
2014-06,2014/15 Brazilian Soybean and Corn Acreage and Production,2014/15 Argentine Soybean and Corn Acreage and Production,Economic Uncertainty in Argentina make Farmers slow Sellers,Domestic Corn Prices in Brazil Continue to Decline,Trip Report - Iowa Minnesota S.E. South Dakota N. Illinois,Wetness Causes Uncertainly for June Planted Report,U.S. Corn Condition Improves Slightly while Soy Declines Slightly,90-Day Soybean Free Period now in Effect in Most of Brazil,Wheat Production Increasing in Brazil's Cerrado Region,Port of Santos Struggles while Paranagua Exports Record Soy,"14,84",0,0
2014-06,Sunflowers can offer Alternative to Safrinha Corn in Mato Grosso,2014/15 Brazilian Soybean and Corn Acreage and Production,2014/15 Argentine Soybean and Corn Acreage and Production,Producers in Brazil want Government help in Marketing their Corn,Economic Uncertainty in Argentina make Farmers slow Sellers,Corn-Based Ethanol Possible in Mato Grosso - at least on Paper,Domestic Corn Prices in Brazil Continue to Decline,Trip Report - Iowa Minnesota S.E. South Dakota N. Illinois,Wetness Causes Uncertainly for June Planted Report,Heavy Rains Pound NW Corn Belt resulting in Localized Flooding,"4,7",0,-1
2014-06-05,Wheat Planting Pace in Southern Brazil Varies by Location,Soybeans Surpass Iron Ore as Main Brazil Export thus far in 2014,Russia Turns to Brazil for Needed Pork Imports,,,,,,,,"4,49",0,-1
2014-06-08,Port of Santos Struggles while Paranagua Exports Record Soy,Wheat Production Increasing in Brazil's Cerrado Region,Russia Turns to Brazil for Needed Pork Imports,,,,,,,,"4,46",0,0
2014-06-11,Port of Santos Struggles while Paranagua Exports Record Soy,Wheat Production Increasing in Brazil's Cerrado Region,U.S. Corn Condition Improves Slightly while Soy Declines Slightly,90-Day Soybean Free Period now in Effect in Most of Brazil,,,,,,,"4,42",1,0
2014-06-14,Heavy Rains Pound NW Corn Belt resulting in Localized Flooding,U.S. Corn Condition Improves Slightly while Soy Declines Slightly,90-Day Soybean Free Period now in Effect in Most of Brazil,Wet Weather Slows Planting of Winter Crops in Southern Brazil,,,,,,,"4,45",0,0
2014-06-17,U.S. Corn Condition Improves Slightly while Soy Declines Slightly,90-Day Soybean Free Period now in Effect in Most of Brazil,Heavy Rains Pound NW Corn Belt resulting in Localized Flooding,Wet Weather Slows Planting of Winter Crops in Southern Brazil,,,,,,,"4,46",0,-1
2014-06-20,Brazilian Sugarcane Producers are in Lose-Lose Situation,"Trip Report - Iowa, Minnesota, S.E. South Dakota, N. Illinois",Wetness Causes Uncertainly for June Planted Report,Trip Report - Iowa Minnesota S.E. South Dakota N. Illinois,A Milder but Wet Winter Season Expected in Southern Brazil,How Many Acres Lost in U.S. and is this a Repeat of 1993,Domestic Corn Prices in Brazil Continue to Decline,,,,"4,44",0,-1
2014-06-23,Brazilian Sugarcane Producers are in Lose-Lose Situation,"Trip Report - Iowa, Minnesota, S.E. South Dakota, N. Illinois",Trip Report - Iowa Minnesota S.E. South Dakota N. Illinois,Domestic Corn Prices in Brazil Continue to Decline,How Many Acres Lost in U.S. and is this a Repeat of 1993,Wetness Causes Uncertainly for June Planted Report,A Milder but Wet Winter Season Expected in Southern Brazil,Brazil may Import another 1.0 mt of Wheat until mid-August,,,"4,42",0,-1
2014-06-26,Brazilian Sugarcane Producers are in Lose-Lose Situation,Brazil's Sugarcane Crop Continues to Struggle with Dry Conditions,Corn-Based Ethanol Possible in Mato Grosso - at least on Paper,Brazil may Import another 1.0 mt of Wheat until mid-August,Domestic Corn Prices in Brazil Continue to Decline,,,,,,"4,26",0,-1
2014-06-29,Economic Uncertainty in Argentina make Farmers slow Sellers,New Mobile Apt Matches Truck Drivers and Cargos in Brazil,Corn-Based Ethanol Possible in Mato Grosso - at least on Paper,Brazil Defends Decision to Temporarily Drop Wheat Import Tariff,Brazil's Sugarcane Crop Continues to Struggle with Dry Conditions,,,,,,"4,14",0,-1
2014-07,Announcement of Pepro Program Raises Corn Prices in Mato Grosso,Pepro Corn Program in Brazil set to Start by mid-August,Trip Report-Illinois Missouri S. Iowa NE Kansas and SE Nebraska,Brazilian Corn Farmers Petition Government for Price Assistance,Brazilian Government will Attempt to Limit Safrinha Soy Production,Corn Prices make small Rebound in Mato Grosso Brazil,Monsanto wants to Increase Corn Refuse areas in Brazil,Low Corn Prices in Mato Grosso Good for Corn-Ethanol Production,Brazilian Scientists Worry Bt Corn Losing its Effectiveness,Corn Prices Slump to US$ 2.27 per bushel in Mato Grosso Brazil,"4,28",0,-1
2014-07,Announcement of Pepro Program Raises Corn Prices in Mato Grosso,90-day Soybean Free Period helps to Control Spread of Rust in Brazil,Trip Report-Illinois Missouri S. Iowa NE Kansas and SE Nebraska,Brazilian Corn Farmers Petition Government for Price Assistance,Brazilian Government will Attempt to Limit Safrinha Soy Production,Corn Prices make small Rebound in Mato Grosso Brazil,Rain in Mato Grosso Complicates Soybean Eradication Efforts,Monsanto wants to Increase Corn Refuse areas in Brazil,Low Corn Prices in Mato Grosso Good for Corn-Ethanol Production,Corn Prices Slump to US$ 2.27 per bushel in Mato Grosso Brazil,"13,67",0,-1
2014-07-02,New Mobile Apt Matches Truck Drivers and Cargos in Brazil,Brazilian Airline Experimenting with Biokerosene Fuel,Brazil Defends Decision to Temporarily Drop Wheat Import Tariff,Economic Uncertainty in Argentina make Farmers slow Sellers,Producers in Brazil want Government help in Marketing their Corn,,,,,,"4,05",0,-1
2014-07-05,2014/15 Brazilian Soybean and Corn Acreage and Production,Brazilian Airline Experimenting with Biokerosene Fuel,Sunflowers can offer Alternative to Safrinha Corn in Mato Grosso,Producers in Brazil want Government help in Marketing their Corn,2014/15 Argentine Soybean and Corn Acreage and Production,First Semester Ag Equipment Sales decline 19% in Brazil,,,,,"3,91",0,-1
2014-07-08,Brazilian Airline Experimenting with Biokerosene Fuel,2014/15 Argentine Soybean and Corn Acreage and Production,First Semester Ag Equipment Sales decline 19% in Brazil,Sunflowers can offer Alternative to Safrinha Corn in Mato Grosso,Producers in Brazil want Government help in Marketing their Corn,2014/15 Brazilian Soybean and Corn Acreage and Production,,,,,"3,87",0,-1
2014-07-11,Brazilians looking for Gov. Help as Corn Prices fall to US$ 2.33 bu,Trip Report - Indiana Ohio and Eastern Illinois,"Corn Prices Slump to US$ 2.27 per bushel in Mato Grosso, Brazil",Corn Prices Slump to US$ 2.27 per bushel in Mato Grosso Brazil,First Semester Ag Equipment Sales decline 19% in Brazil,"Trip Report - Indiana, Ohio, and Eastern Illinois",Brazilian Farmers still Plan on Increasing their Soybean Acreage,,,,"3,78",0,-1
2014-07-17,Low Corn Prices in Mato Grosso Good for Corn-Ethanol Production,Monsanto wants to Increase Corn Refuse areas in Brazil,Brazil's Beef Exports to China Expected to Surge in 2015,Brazil President discusses Infrastructure with Chinese Counterpart,"Corn Prices Slump to US$ 2.27 per bushel in Mato Grosso, Brazil",Wheat Planting in Southern Brazil Slowly Coming to an End,Corn Prices Slump to US$ 2.27 per bushel in Mato Grosso Brazil,Brazilian Scientists Worry Bt Corn Losing its Effectiveness,Conab's Storage Facilities fall into Disrepair in Mato Grosso do Sul,,"3,68",0,0
2014-07-20,"Corn Prices make small Rebound in Mato Grosso, Brazil",Rain in Mato Grosso Complicates Soybean Eradication Efforts,Corn Prices make small Rebound in Mato Grosso Brazil,Low Corn Prices in Mato Grosso Good for Corn-Ethanol Production,Brazil President discusses Infrastructure with Chinese Counterpart,Monsanto wants to Increase Corn Refuse areas in Brazil,Brazil's Beef Exports to China Expected to Surge in 2015,Conab's Storage Facilities fall into Disrepair in Mato Grosso do Sul,Wheat Planting in Southern Brazil Slowly Coming to an End,,"3,62",0,0
2014-07-23,Brazilian Corn Farmers Petition Government for Price Assistance,Conab's Storage Facilities fall into Disrepair in Mato Grosso do Sul,Rains in Central Brazil helps Replenish Soil Moisture,Heavy Rains Surprise Farmers in Mato Grosso and Central Brazil,"Corn Prices make small Rebound in Mato Grosso, Brazil",Corn Prices make small Rebound in Mato Grosso Brazil,Rain in Mato Grosso Complicates Soybean Eradication Efforts,Brazilian Government will Attempt to Limit Safrinha Soy Production,Monsanto wants to Increase Corn Refuse areas in Brazil,,"3,63",0,-1
2014-07-26,Brazil's Sugarcane Harvest may end a Month Earlier than Normal,Brazilian Government will Attempt to Limit Safrinha Soy Production,Brazilian Corn Farmers Petition Government for Price Assistance,Brazil's 2014/15 Wheat Crop may not Meet Expectations,Rains in Central Brazil helps Replenish Soil Moisture,Heavy Rains Surprise Farmers in Mato Grosso and Central Brazil,,,,,"3,6",0,0
2014-07-29,Rains in Central Brazil helps Replenish Soil Moisture,Brazil's 2014/15 Wheat Crop may not Meet Expectations,Brazil's Sugarcane Harvest may end a Month Earlier than Normal,Heavy Rains Surprise Farmers in Mato Grosso and Central Brazil,,,,,,,"3,58",0,0
2014-08,Farmers in Mato Grosso Slow Sellers of old Corn and New Soybeans,Farmers in Parana Brazil Opt for More Soybean Production,Brazil Set to Increase % Ethanol in Gasoline and Veg Oil in Biodiesel,Brazilian Farmers Plant Early Maturing Soybeans to Reduce Costs,Cost of Production Estimates for 2013/14 Growing Season in Brazil,SDS and Cloudy Weather Potential Impact on Soybean Production,Farmers in Northern Parana switching Full-season Corn to Soybeans,Pasture Conversions Source of New Soy Acreage in Central Brazil,Sugarcane Production Estimates in Brazil Continue to Move Lower,Brazilian Sugar Mills Generate Revenue by Selling Excess Electricity,"11,56",0,-1
2014-08,Farmers in Mato Grosso Slow Sellers of old Corn and New Soybeans,Farmers in Parana Brazil Opt for More Soybean Production,Brazil Set to Increase % Ethanol in Gasoline and Veg Oil in Biodiesel,Safrinha Corn Harvest Completed in Mato Grosso,Brazilian Farmers Plant Early Maturing Soybeans to Reduce Costs,Cost of Production Estimates for 2013/14 Growing Season in Brazil,SDS and Cloudy Weather Potential Impact on Soybean Production,Farmers in Northern Parana switching Full-season Corn to Soybeans,Sugarcane Production Estimates in Brazil Continue to Move Lower,Second Pepro Corn Auction in Brazil Scheduled for August 28th,"3,63",0,-1
2014-08-04,90-day Soybean Free Period helps to Control Spread of Rust in Brazil,Pepro Corn Program in Brazil set to Start by mid-August,Announcement of Pepro Program Raises Corn Prices in Mato Grosso,"Trip Report-Illinois, Missouri, S. Iowa, NE Kansas and SE Nebraska",Trip Report-Illinois Missouri S. Iowa NE Kansas and SE Nebraska,Russia's Ban on U.S. Meat Exports opens Door for Brazilian Exports,Fire in Cosan's Sugar Warehouse at Santos Causes Minor Disruption,,,,"3,58",1,0
2014-08-07,Russia's Ban on U.S. Meat Exports opens Door for Brazilian Exports,90-day Soybean Free Period helps to Control Spread of Rust in Brazil,Mato Grosso to have Largest Soy Acre Increase in Brazil in 2014/15,Safrinha Corn Estimate in Parana Continues to Increase,Announcement of Pepro Program Raises Corn Prices in Mato Grosso,Conab Increases Corn and Decreases Soybeans in August Report,,,,,"3,57",1,1
2014-08-10,Ag Chemical Sales up only 6% in Brazil in 2014 Insecticides Led Way,Safrinha Corn Estimate in Parana Continues to Increase,Conab Increases Corn and Decreases Soybeans in August Report,"Brazil Farmers Recycle 94% of Chemical Containers, Goal is 100%",Brazil Farmers Recycle 94% of Chemical Containers Goal is 100%,Lack of Infrastructure Limits Agricultural Expansion in Brazil,Mato Grosso to have Largest Soy Acre Increase in Brazil in 2014/15,,,,"3,6",1,0
2014-08-13,Ag Chemical Sales up only 6% in Brazil in 2014 Insecticides Led Way,Sugarcane Production in Sao Paulo may Decline 13%,Fate of Safrinha Soybean Production to be Decided in Mato Grosso,Lack of Infrastructure Limits Agricultural Expansion in Brazil,Brazil Farmers Recycle 94% of Chemical Containers Goal is 100%,Brazil Reinstates 10% Tariff on non-Mercosul Wheat Imports,Minimum Price for Corn to be Increased in Brazil,"Brazil Farmers Recycle 94% of Chemical Containers, Goal is 100%",Mato Grosso to have Largest Soy Acre Increase in Brazil in 2014/15,,"3,62",0,0
2014-08-16,Wheat Prices in Brazil fall to Below Minimum set by the Government,Soy Exports from Brazil increase 6 mt First Seven Months of 2014,Sugarcane Production in Sao Paulo may Decline 13%,Reaction to the 2014 U.S. August Crop Report,Forward Sales of Soybeans in Mato Grosso far behind Last Year,Reaction to WASDE's 2014/15 South American Crop Estimates,Brazil Reinstates 10% Tariff on non-Mercosul Wheat Imports,Fate of Safrinha Soybean Production to be Decided in Mato Grosso,Minimum Price for Corn to be Increased in Brazil,,"3,62",0,0
2014-08-22,Brazilian Sugar Mills Generate Revenue by Selling Excess Electricity,Wheat Prices in Brazil fall to Below Minimum set by the Government,Second Pepro Corn Auction in Brazil Scheduled for August 28th,Sugarcane Production Estimates in Brazil Continue to Move Lower,Pasture Conversions Source of New Soy Acreage in Central Brazil,,,,,,"3,62",0,-1
2014-08-25,Farmers in Northern Parana switching Full-season Corn to Soybeans,Brazilian Sugar Mills Generate Revenue by Selling Excess Electricity,Second Pepro Corn Auction in Brazil Scheduled for August 28th,Pasture Conversions Source of New Soy Acreage in Central Brazil,Sugarcane Production Estimates in Brazil Continue to Move Lower,,,,,,"3,61",0,-1
2014-08-28,Sugarcane Production Estimates in Brazil Continue to Move Lower,SDS and Cloudy Weather Potential Impact on Soybean Production,Brazilian Farmers Plant Early Maturing Soybeans to Reduce Costs,Farmers in Northern Parana switching Full-season Corn to Soybeans,Cost of Production Estimates for 2013/14 Growing Season in Brazil,Pasture Conversions Source of New Soy Acreage in Central Brazil,,,,,"3,61",0,-1
2014-08-31,SDS and Cloudy Weather Potential Impact on Soybean Production,Safrinha Corn Harvest Completed in Mato Grosso,Cost of Production Estimates for 2013/14 Growing Season in Brazil,Port of Paranagua Officials Expecting Good 2014/15 Export Season,Brazilian Farmers Plant Early Maturing Soybeans to Reduce Costs,,,,,,"3,55",0,-1
2014-09,Some Brazilian Soybean Producers may lose Money in 2014/15,Wet Weather Increases Concerns for Wheat in Southern Brazil,Full-Season Cotton in Brazil moved to Safrinha Replaced by Soy,Brazil's Poultry Exports Increased by Larger Volumes to Russia,Brazilian Wheat Producers are Pessimistic about Price and Quality,Lack of Uniformity in Maturing Soy Worries Brazilian Processors,Wet Weather Increases Disease Pressure in Brazilian Wheat,Low Prices Convince Brazilians to Hold Onto Their Corn,2014/15 Soybean Planting off to a Fast Start in Brazil,Live Rust Spores Found on Volunteer Soybeans in Mato Grosso,"10,69",0,-1
2014-09,Wet Weather Increases Concerns for Wheat in Southern Brazil,Brazil's Poultry Exports Increased by Larger Volumes to Russia,Lack of Grain Storage Chronic Problem in Brazil,Brazilian Wheat Producers are Pessimistic about Price and Quality,Wet Weather Increases Disease Pressure in Brazilian Wheat,Low Prices Convince Brazilians to Hold Onto Their Corn,Ground Breaking for First Corn-Based Ethanol Plant in Brazil,Hurdles Are High for Corn-Based Ethanol Production in Brazil,Taxes on Wheat Reduced in Rio Grande do Sul to Stimulate Sales,Brazil Gov. Subsidizing Price of Corn Cotton Wheat Oranges,"3,58",0,-1
2014-09-12,Copersucar Opens New Ethanol Terminal in Sao Paulo,Corn and Wheat Prices Subsidized by Brazilian Government,2014/15 Soy Margins in Southern Brazil much better than Corn,Soybean Planting to Start Next Monday (September 15th) in Brazil,Weaker Currency will help Brazilian Farmers Weather Low Prices,,,,,,"3,41",0,-1
2014-09-24,Low Prices Convince Brazilians to Hold Onto Their Corn,President Dilma's Infrastructure Vision Remains Unfinished,East West Railroad in Central Brazil soon to overcome Major Hurdle,Live Rust Spores Found on Volunteer Soybeans in Mato Grosso,Hurdles Are High for Corn-Based Ethanol Production in Brazil,Fires are Latest Woe for Sugarcane Producers in Sao Paulo,Ground Breaking for First Corn-Based Ethanol Plant in Brazil,2014/15 Soybean Planting off to a Fast Start in Brazil,,,"3,25",1,0
2014-09-27,Brazilian Wheat Producers are Pessimistic about Price and Quality,Low Prices Convince Brazilians to Hold Onto Their Corn,Lack of Uniformity in Maturing Soy Worries Brazilian Processors,Lack of Grain Storage Chronic Problem in Brazil,2014/15 Soybean Planting off to a Fast Start in Brazil,Wet Weather Increases Disease Pressure in Brazilian Wheat,New Biofuel Mandates take Effect in Brazil,President Dilma's Infrastructure Vision Remains Unfinished,,,"3,23",1,1
2014-09-30,New Biofuel Mandates take Effect in Brazil,Lack of Grain Storage Chronic Problem in Brazil,Low Prices Convince Brazilians to Hold Onto Their Corn,President Dilma's Infrastructure Vision Remains Unfinished,Brazilian Wheat Producers are Pessimistic about Price and Quality,Lack of Uniformity in Maturing Soy Worries Brazilian Processors,Brazil's Poultry Exports Increased by Larger Volumes to Russia,Wet Weather Increases Disease Pressure in Brazilian Wheat,,,"3,24",1,1
2014-10,Delayed Soy Planting to Result in Less Corn Acreage in Mato Grosso,Slow Forward Selling of Soy in Brazil Old Crop Corn Sales Increase,Sorghum Silage offers Alternative to Corn in Southern Brazil,Corn Earworm Already Detected from North to South in Brazil,Argentine Soybean and Corn Acreage is Point of Disagreement,Corn-Based Ethanol on the Increase in the Center-West of Brazil,Silo Bags Fill Void of Inadequate Grain Storage in Brazil,Imports Account for 75% of Fertilizer Sales in Brazil,,,"3,32",0,-1
2014-10,Delayed Soy Planting to Result in Less Corn Acreage in Mato Grosso,Slow Forward Selling of Soy in Brazil Old Crop Corn Sales Increase,Brazilian Farmers Planting Soybeans at Half the Average Pace,Brazil's Soybeans being Planting at Half the Normal Pace,Argentine Soybean and Corn Acreage is Point of Disagreement,Extension of Soybean-Free Period in Mato Grosso Meets Resistance,Corn-Based Ethanol on the Increase in the Center-West of Brazil,Soy Planting in Mato Grosso Slowed due to Hot and Dry Conditions,Soybean Planting in Northern Parana halted by Dry Conditions,Imports Account for 75% of Fertilizer Sales in Brazil,"9,45",0,-1
2014-10-03,Some Brazilian Soybean Producers may lose Money in 2014/15,Brazilian Wheat Producers are Pessimistic about Price and Quality,Lack of Grain Storage Chronic Problem in Brazil,"Full-Season Cotton in Brazil moved to Safrinha, Replaced by Soy",Brazil's Poultry Exports Increased by Larger Volumes to Russia,Wet Weather Increases Concerns for Wheat in Southern Brazil,Full-Season Cotton in Brazil moved to Safrinha Replaced by Soy,,,,"3,37",1,1
2014-10-06,Conab Releases First Estimate of 2014/15 Brazilian Crop,Brazil's Poultry Exports Increased by Larger Volumes to Russia,"Full-Season Cotton in Brazil moved to Safrinha, Replaced by Soy",Some Brazilian Soybean Producers may lose Money in 2014/15,Full-Season Cotton in Brazil moved to Safrinha Replaced by Soy,Wet Weather Increases Concerns for Wheat in Southern Brazil,,,,,"3,39",1,1
2014-10-09,Some Brazilian Soybean Producers may lose Money in 2014/15,Brazil Wheat Crop may not be as Good as Conab is Estimating,Russia Accounts for 40% of Brazil's Pork Exports in September,Conab Releases First Estimate of 2014/15 Brazilian Crop,Rhetoric between Government and Farmers Heating Up in Argentina,Brazilian Government will conduct Eight Pepro Auctions in October,,,,,"3,46",1,1
2014-10-12,Soybean Planting in Northern Parana halted by Dry Conditions,Brazil Wheat Crop may not be as Good as Conab is Estimating,Imports Account for 75% of Fertilizer Sales in Brazil,Russia Accounts for 40% of Brazil's Pork Exports in September,Brazilian Government will conduct Eight Pepro Auctions in October,Soy Planting in Mato Grosso Slowed due to Hot and Dry Conditions,Rhetoric between Government and Farmers Heating Up in Argentina,Soybean Planting in Parana Ahead of Average but Slowing,,,"3,5",1,0
2014-10-18,Hot and Dry Weather Impacting Sugarcane in Southern Brazil,Hot and Dry Weather Slows Planting Progress in Brazil,Light Rains Bring Encouragement to Brazilian Farmers,Corn-Based Ethanol on the Increase in the Center-West of Brazil,Southeastern Brazil Running Low on Water and Electricity,Port of Paranagua Increasing Capacity for Importing Fertilizers,Silo Bags Fill Void of Inadequate Grain Storage in Brazil,,,,"3,54",1,1
2014-10-21,Hot and Dry Weather Impacting Sugarcane in Southern Brazil,Hot and Dry Weather Slows Planting Progress in Brazil,Port of Paranagua Increasing Capacity for Importing Fertilizers,Light Rains Bring Encouragement to Brazilian Farmers,Corn-Based Ethanol on the Increase in the Center-West of Brazil,Southeastern Brazil Running Low on Water and Electricity,Extension of Soybean-Free Period in Mato Grosso Meets Resistance,,,,"3,57",1,1
2014-10-24,Argentine Soybean and Corn Acreage is Point of Disagreement,Brazilian Wheat Harvest Expected to be Disappointing,Extension of Soybean-Free Period in Mato Grosso Meets Resistance,Higher Ethanol Blend in Brazil (27.5%) Passes Preliminary Tests,Brazil's Soybeans being Planting at Half the Normal Pace,Brazil's Hydroelectric Reservoirs at Dangerous Low Water Levels,Brazilians Reelect President Rousseff for Second Term,,,,"3,66",1,1
2014-10-27,Northeastern Brazil Receives First Rainfall of the Season,Brazil's Hydroelectric Reservoirs at Dangerous Low Water Levels,Brazilians Reelect President Rousseff for Second Term,Corn Earworm Already Detected from North to South in Brazil,Argentine Soybean and Corn Acreage is Point of Disagreement,Brazilian Wheat Harvest Expected to be Disappointing,Extension of Soybean-Free Period in Mato Grosso Meets Resistance,Higher Ethanol Blend in Brazil (27.5%) Passes Preliminary Tests,Brazil's Soybeans being Planting at Half the Normal Pace,,"3,71",0,0
2014-10-30,"Slow Forward Selling of Soy in Brazil, Old Crop Corn Sales Increase","Brazil\'s ""Northern Arc"" of Ports take on Bigger Roll",Higher Ethanol Blend in Brazil (27.5%) Passes Preliminary Tests,Corn Earworm Already Detected from North to South in Brazil,Slow Forward Selling of Soy in Brazil Old Crop Corn Sales Increase,"Brazil's ""Northern Arc"" of Ports take on Bigger Roll",Brazilian Wheat Harvest Expected to be Disappointing,Northeastern Brazil Receives First Rainfall of the Season,Brazilian Farmers Planting Soybeans at Half the Average Pace,Sorghum Silage offers Alternative to Corn in Southern Brazil,"3,72",1,0
2014-11,Argentine Farmers may be Denied Credit due to Lack of Soy Sales,Agricultural Equipment Sales in Brazil down 16%,Farmers in Parana Wrapping up Corn and Soybean Planting,Mato Grosso do Sul has Storage for only 60% of its Grain Production,Low Prices and high Costs Lowers Enthusiasm for Safrinha Corn,Argentine Farmers continue to be Slow Sellers of their Grain,Soy Forward Sales Increasing in Mato Grosso still Lag Last Year,Only 13.6% of Brazil's Grain Storage Capacity is Located On-Farm,Brazilian Gov. Promoting more Corn-Based Ethanol Production,Brazil's Safrinha Corn Acreage to Decline due to Delayed Planting,"3,61",1,1
2014-11,Argentine Farmers may be Denied Credit due to Lack of Soy Sales,Agricultural Equipment Sales in Brazil down 16%,Farmers in Parana Wrapping up Corn and Soybean Planting,Mato Grosso do Sul has Storage for only 60% of its Grain Production,Restrictions on Safrinha Soy may be modified for Seed Producers,Low Prices and high Costs Lowers Enthusiasm for Safrinha Corn,Soybean Moratorium in Amazon Region Extended until May of 2016,Soybeans Gain Acreage from Sugarcane in Sao Paulo Brazil,Argentine Farmers continue to be Slow Sellers of their Grain,Most Soy Planting in Parana Should be Completed within a Week,"9,91",1,1
2014-11-02,Sorghum Silage offers Alternative to Corn in Southern Brazil,Delayed Soy Planting to Result in Less Corn Acreage in Mato Grosso,Brazilian Farmers Planting Soybeans at Half the Average Pace,"Brazil's ""Northern Arc"" of Ports take on Bigger Roll","Brazil\'s ""Northern Arc"" of Ports take on Bigger Roll","Slow Forward Selling of Soy in Brazil, Old Crop Corn Sales Increase",Slow Forward Selling of Soy in Brazil Old Crop Corn Sales Increase,,,,"3,69",1,1
2014-11-08,Record Breaking Sugar Shipment Leaving Brazil,Forward Sales of Soy in Brazil Improving but Still Lag Last Year,Farmers in Sao Paulo State are not having a Good Year,Conab Lowers Brazil's Soybean Estimate in November Report,Brazil's Safrinha Corn Acreage to Decline due to Delayed Planting,2014/15 Brazil Wheat Crop Revised Downward,2014/15 Wheat in Argentina Negatively Impacted by Wet Weather,,,,"3,78",0,-1
2014-11-11,Brazil's Safrinha Corn Acreage to Decline due to Delayed Planting,Brazil's Largest Ethanol Producer Reduces Investments in the Sector,Forward Sales of Soy in Brazil Improving but Still Lag Last Year,2014/15 Brazil Wheat Crop Revised Downward,Record Breaking Sugar Shipment Leaving Brazil,Farmers in Sao Paulo State are not having a Good Year,Conab Lowers Brazil's Soybean Estimate in November Report,2014/15 Wheat in Argentina Negatively Impacted by Wet Weather,,,"3,79",0,-1
2014-11-14,Brazil's Largest Ethanol Producer Reduces Investments in the Sector,Only 13.6% of Brazil's Grain Storage Capacity is Located On-Farm,Soy Forward Sales Increasing in Mato Grosso still Lag Last Year,"Wheat Crop in Rio Grande do Sul in Southern Brazil a 'Disaster""","Wheat Crop in Rio Grande do Sul in Southern Brazil a \'Disaster""",Brazilian Poultry Exports to Russia Soar as Result of Sanctions,Record Breaking Sugar Shipment Leaving Brazil,Brazilian Gov. Promoting more Corn-Based Ethanol Production,,,"3,74",1,0
2014-11-17,Brazilian Poultry Exports to Russia Soar as Result of Sanctions,Only 13.6% of Brazil's Grain Storage Capacity is Located On-Farm,Soy Forward Sales Increasing in Mato Grosso still Lag Last Year,"Wheat Crop in Rio Grande do Sul in Southern Brazil a \'Disaster""",Farmers Warned Soy Rust may Arrive Early in Brazilian Soybeans,"Wheat Crop in Rio Grande do Sul in Southern Brazil a 'Disaster""",Most Soy Planting in Parana Should be Completed within a Week,Brazil's Largest Ethanol Producer Reduces Investments in the Sector,Brazilian Gov. Promoting more Corn-Based Ethanol Production,,"3,72",1,1
2014-11-23,Squatters Account for Deforestation in eastern Amazon Region,Argentine Farmers continue to be Slow Sellers of their Grain,"Soybeans Gain Acreage from Sugarcane in Sao Paulo, Brazil",Soybean Moratorium in Amazon Region Extended until May of 2016,Silo Bags could boost Brazilian Farmer's Profit Margins,Soybeans Gain Acreage from Sugarcane in Sao Paulo Brazil,Wheat Crop in Rio Grande do Sul Continues to Disappoint,,,,"3,8",1,1
2014-11-26,Restrictions on Safrinha Soy may be modified for Seed Producers,Interior Staging Facilities result in less Congestion at Brazilian Ports,Ag Machinery in Brazil must be Licensed starting in January of 2015,Silo Bags could boost Brazilian Farmer's Profit Margins,Low Prices and high Costs Lowers Enthusiasm for Safrinha Corn,Wheat Crop in Rio Grande do Sul Continues to Disappoint,Soybean Moratorium in Amazon Region Extended until May of 2016,,,,"3,86",1,0
2014-11-29,Interior Staging Facilities result in less Congestion at Brazilian Ports,Ag Workers in Brazil Request Postponement of New Licensing Law,Sao Paulo Ranked First in Brazil in Rural Business Environment,Low Prices and high Costs Lowers Enthusiasm for Safrinha Corn,Restrictions on Safrinha Soy may be modified for Seed Producers,Farmers in Parana Wrapping up Corn and Soybean Planting,Ag Machinery in Brazil must be Licensed starting in January of 2015,Mato Grosso do Sul has Storage for only 60% of its Grain Production,,,"3,88",1,1
2014-12,2014/15 Corn Harvest Underway in Rio Grande do Sul in Brazil,Brazilian Scientists feel Safrinha Soybean Production Unstainable,Soybeans Increase their Dominance of First Crop Planting in Brazil,"""Grains North"" receives funding from Brazil's Development Bank",Cotton Acreage to decline 12% in Mato Grosso,After a Slow Start Farmers in Western Parana Pleased with Crops,Ranchers in Mato Grosso do Sul combining Cattle and Soybean Production,Conab Increases Brazilian Soy Estimate Lowers Wheat Estimate,2014/15 Brazilian Soybean Crop is 91.9% GMO Corn is 88.8% GMO,,"3,81",1,1
2014-12,Early 2014/15 Soybean Yields in Brazil are Variable,Brazilian Scientists feel Safrinha Soybean Production Unstainable,Brazilian State of Rondonia expands Soybean Acreage by 26%,Early Soybean Harvest getting underway in Brazil,Soybeans Increase their Dominance of First Crop Planting in Brazil,Early Soybean Harvest started in Mato Grosso before Christmas,Cotton Acreage to decline 12% in Mato Grosso,Peak of Soy Harvest in Mato Grosso will be Feb 15th to March 7th,Soybeans to Occupy 73% of the Cropland in Western Bahia,Ranchers in Mato Grosso do Sul combining Cattle and Soybean Production,"10,3",1,1
2014-12-02,Farmers in Parana Wrapping up Corn and Soybean Planting,Agricultural Equipment Sales in Brazil down 16%,Mato Grosso do Sul has Storage for only 60% of its Grain Production,Spring Planting nearly Complete in Rio Grande do Sul,Ag Workers in Brazil Request Postponement of New Licensing Law,Restrictions on Safrinha Soy may be modified for Seed Producers,Sao Paulo Ranked First in Brazil in Rural Business Environment,Ag Machinery in Brazil must be Licensed starting in January of 2015,,,"3,88",1,1
2014-12-14,After a Slow Start Farmers in Western Parana Pleased with Crops,Ranchers in Mato Grosso do Sul combining Cattle and Soybean Production,Soybeans to Occupy 73% of the Cropland in Western Bahia,2014/15 Brazil Sugarcane Harvest Limping to a Disappointing Close,Russia's Currency Woes could impact the Brazilian Real,Farmer Protests in Brazil appear to have Achieved their Goal,"After a Slow Start, Farmers in Western Parana Pleased with Crops",Brazil Corrects a Glaring Flaw in their Infrastructure Development,,,"4,09",1,0
2014-12-20,Working Group Established in Mato Grosso to Asses Drought Impact,Early Soybean Harvest started in Mato Grosso before Christmas,Raizen Plans to build Eight Cellulosic Ethanol Facilities in Brazil,Peak of Soy Harvest in Mato Grosso will be Feb 15th to March 7th,Cotton Acreage to decline 12% in Mato Grosso,Brazil Imports 11% more Fertilizers in 2014,,,,,"4,12",0,-1
2014-12-23,Peak of Soy Harvest in Mato Grosso will be Feb 15th to March 7th,"""Grains North"" receives funding from Brazil\'s Development Bank",Cotton Acreage to decline 12% in Mato Grosso,Brazil Imports 11% more Fertilizers in 2014,"""Grains North"" receives funding from Brazil's Development Bank",Early Soybean Harvest started in Mato Grosso before Christmas,Working Group Established in Mato Grosso to Asses Drought Impact,,,,"4,12",0,-1
2014-12-26,Degraded Cerrado Pastures Source of new Cropland in Brazil,Cotton Acreage to decline 12% in Mato Grosso,"""Grains North"" receives funding from Brazil\'s Development Bank","""Grains North"" receives funding from Brazil's Development Bank",Soybeans Increase their Dominance of First Crop Planting in Brazil,Early Soybean Harvest started in Mato Grosso before Christmas,2014/15 Sugarcane Harvest ending on Disappointing Note in Brazil,,,,"4,08",0,-1
2015-01,254 Cases of Soybean Rust in Brazil Slight Increase over Last Week,Dryness in Brazil Encourages Fast Soy Harvest Slow Corn Planting,Brazilian Ports Increase Capacity to Accommodate Larger Soy Crop,Farmers in Mato Grosso have sold 45% of their Soy Sales Slowing,Brazilian Farmers Confronting Increased Pest Pressures,Brazilian Farmers have sold 40% of their Soybeans Sales Slowing,Soybean Forward Sales Increase in Brazil still Lag Last Year,Conab Increases Soybean Estimate Slightly in January Report,,,"4,05",1,1
2015-01,Brazil Soybean Harvest is 10% Complete,254 Cases of Soybean Rust in Brazil Slight Increase over Last Week,Dryness in Brazil Encourages Fast Soy Harvest Slow Corn Planting,6% of Mato Grosso's Soybeans lost Pre and Post-Harvest,Soybean Looper Numbers Highest in 10 years in Southern Brazil,Brazilian Ports Increase Capacity to Accommodate Larger Soy Crop,Early Soybean Harvest in Mato Grosso off to Surprisingly Fast Start,First Vessel Loading Soybeans at Port of Paranagua,Farmers in Mato Grosso have sold 45% of their Soy Sales Slowing,Brazilian Farmers Confronting Increased Pest Pressures,"10,38",0,0
2015-01-01,Brazilian State of Rondonia expands Soybean Acreage by 26%,Degraded Pastures could be converted to Sugarcane in the Amazon,Port of Paranagua expecting Record Exports in 2015,Early Soybean Harvest getting underway in Brazil,,,,,,,"4,01",0,-1
2015-01-07,Early 2014/15 Soybean Yields in Brazil are Variable,Brazilian Scientists feel Safrinha Soybean Production Unstainable,2014/15 Corn Harvest Underway in Rio Grande do Sul in Brazil,Conab Increases Soybean Estimate Slightly in January Report,Mato Grosso Lengthens Soybean-Free Period to 122 Days,2014/15 Brazil Soybean Planting Extended over a Four Month Period,,,,,"3,96",0,-1
2015-01-16,Brazilian Farmers Confronting Increased Pest Pressures,New Ag Secretary in the State of Sao Paulo has a Lot to Worry About,Early Soybean Yields in Paraguay Disappoint,Brazilian Farmers have sold 40% of their Soybeans Sales Slowing,Brazilian Farmers Switching Pastures and Sugarcane to Soybeans,Cotton Planting in Mato Grosso reaches 50% Complete,Dry Weather in Brazil Impacting Early Maturing Soybeans,"Brazilian Farmers have sold 40% of their Soybeans, Sales Slowing",,,"3,87",0,-1
2015-01-19,Brazilian Farmers Confronting Increased Pest Pressures,New Ag Secretary in the State of Sao Paulo has a Lot to Worry About,Forecast Brings Hope of Rain for Central and Eastern Brazil,Brazilian Farmers Switching Pastures and Sugarcane to Soybeans,Brazilian Farmers have sold 40% of their Soybeans Sales Slowing,"Brazilian Farmers have sold 40% of their Soybeans, Sales Slowing",Cotton Planting in Mato Grosso reaches 50% Complete,Ag Machinery Exemption for Road Taxes Vetoed by Brazil President,,,"3,87",0,-1
2015-01-22,90% of Eligible Sugarcane in Sao Paulo Harvested Mechanically,"Farmers in Mato Grosso have sold 45% of their Soy, Sales Slowing",Ag Machinery Exemption for Road Taxes Vetoed by Brazil President,Brazilian Farmers Confronting Increased Pest Pressures,Brazil's Hydroelectric Reservoirs Not Refilling Fast Enough,Early Soybean Harvest in Mato Grosso off to Surprisingly Fast Start,First Vessel Loading Soybeans at Port of Paranagua,Farmers in Mato Grosso have sold 45% of their Soy Sales Slowing,Forecast Brings Hope of Rain for Central and Eastern Brazil,Tobacco is an Important Crop for Small Farmers in Southern Brazil,"3,82",0,-1
2015-01-28,Future Water Rationing in Southeastern Brazil a Possibility,Farmers in Sao Paulo Hope Forecast for Rain is Verified,Brazilian Ports Increase Capacity to Accommodate Larger Soy Crop,Tobacco is an Important Crop for Small Farmers in Southern Brazil,"More Investments Announced for Brazil's ""Northern Arc""","More Investments Announced for Brazil\'s ""Northern Arc""",Sao Paulo Water Supply Threatened by Low Water Levels,"Electrical System in Southeastern Brazil in ""Intensive Care""",Early Soybean Harvest in Mato Grosso off to Surprisingly Fast Start,Soybean Looper Numbers Highest in 10 years in Southern Brazil,"3,74",1,1
2015-01-31,Dryness in Brazil Encourages Fast Soy Harvest Slow Corn Planting,Sao Paulo Water Supply Threatened by Low Water Levels,Future Water Rationing in Southeastern Brazil a Possibility,"Electrical System in Southeastern Brazil in ""Intensive Care""",Soybean Looper Numbers Highest in 10 years in Southern Brazil,Brazilian Gasoline will contain 27% Ethanol starting February 15th,6% of Mato Grosso's Soybeans lost Pre and Post-Harvest,More Cattle Placed in Brazilian Feedlots during First Half of 2015,"Dryness in Brazil Encourages Fast Soy Harvest, Slow Corn Planting",,"3,82",1,1
2015-02,Grain Trucks Blockaded in Mato Grosso to Protest High Fuel Prices,Crops in Western Bahia Impacted by Dry Weather,Conab Lowers 2014/15 Brazilian Soy Estimate in February Report,Safrinha Corn Production in Brazil can be Risky Proposition,"Tegram Grain Terminal Newest Member of the ""Northern Arc""",,,,,,"3,83",0,-1
2015-02,Soybean Yields in Mato Grosso have Stagnated over the last 15 Years,Record Breaking Soybean Crop Expected in Rio Grande do Sul,Rio Grande do Sul Registers Most Cases of Soybean Rust in Brazil,Grain Trucks Blockaded in Mato Grosso to Protest High Fuel Prices,Mato Grosso Farmers free to Plant Safrinha Soy this Growing Season,2014/15 Brazil Soybean Harvest Slower than Last Two Years,"Work Started on Improving Brazil's ""Soybean Highway""",Brazilian Farmers have Sold 38% of their Soybeans vs 54% Average,Conab Lowers 2014/15 Brazilian Soy Estimate in February Report,Soy-Free Dates in Mato Grosso set from May 1st to September 15th,"9,82",0,-1
2015-02-03,Brazil Soybean Harvest is 10% Complete,6% of Mato Grosso's Soybeans lost Pre and Post-Harvest,254 Cases of Soybean Rust in Brazil Slight Increase over Last Week,More Cattle Placed in Brazilian Feedlots during First Half of 2015,Dryness in Brazil Encourages Fast Soy Harvest Slow Corn Planting,Brazilian Gasoline will contain 27% Ethanol starting February 15th,Soybean Looper Numbers Highest in 10 years in Southern Brazil,Sao Paulo Water Supply Threatened by Low Water Levels,"Dryness in Brazil Encourages Fast Soy Harvest, Slow Corn Planting","254 Cases of Soybean Rust in Brazil, Slight Increase over Last Week","3,86",0,0
2015-02-06,Sao Paulo's Water Supply Improved Slightly Last Week,Soy-Free Dates in Mato Grosso set from May 1st to September 15th,Brazilian Gasoline will contain 27% Ethanol starting February 15th,254 Cases of Soybean Rust in Brazil Slight Increase over Last Week,Agriculture in the State of Sao Paulo Impacted by Dry Weather,Safrinha Corn Production in Brazil can be Risky Proposition,Brazil Soybean Harvest is 10% Complete,"Tegram Grain Terminal Newest Member of the ""Northern Arc""",Electrical Shortages could Impact Urban and Rural Brazil,"254 Cases of Soybean Rust in Brazil, Slight Increase over Last Week","3,87",1,0
2015-02-12,Crops in Western Bahia Impacted by Dry Weather,Conab Lowers 2014/15 Brazilian Soy Estimate in February Report,Soy-Free Dates in Mato Grosso set from May 1st to September 15th,"Modified ""Truck Driver Law"" Passes Brazilian Congress",Brazilian Farmers have Sold 38% of their Soybeans vs 54% Average,16% of Brazil's Municipalities Declare Emergency due to Drought,Safrinha Corn Production in Brazil can be Risky Proposition,,,,"3,86",0,0
2015-02-18,"Work Started on Improving Brazil\'s ""Soybean Highway""","Work Started on Improving Brazil's ""Soybean Highway""",Grain Trucks Blockaded in Mato Grosso to Protest High Fuel Prices,2014/15 Brazil Soybean Harvest Slower than Last Two Years,Mato Grosso Farmers free to Plant Safrinha Soy this Growing Season,,,,,,"3,83",1,0
2015-02-24,Rio Grande do Sul Registers Most Cases of Soybean Rust in Brazil,Trucker Strike in Brazil Becoming Very Serious,Trucker Strike Impacted all Segments of Brazilian Economy,,,,,,,,"3,85",1,0
2015-02-27,Record Breaking Soybean Crop Expected in Rio Grande do Sul,Trucker Strike in Brazil Improved not Completely Resolved,Trucker Strike Impacted all Segments of Brazilian Economy,"Trucker Strike in Brazil Improved, not Completely Resolved",Rio Grande do Sul Registers Most Cases of Soybean Rust in Brazil,Truck Strike causes Loses for Brazilian Poultry and Hog Producers,,,,,"3,9",0,0
2015-03,Farmers in Rio Grande do Sul starting to Plant Winter Small Grains,Farmers in Paraguay increased their Safrinha Soybean Acreage,Weak Currency Stimulates 2014/15 and 2015/16 Soy Sales in Brazil,Soybean Production continues to expand in Northeastern Brazil,Interest Rates on Agricultural Production Loans to Increase in Brazil,2015 U.S. Crop Acreage - 89 mac of Corn and 85-86 mac of Soybeans,Percent Ethanol Blend in Brazilian Gasoline increased to 27%,Number of Sugar/ethanol Mills in Brazil Continues to Decline,New Export Grain Terminal open for Business in Northern Brazil,Farmers Reevaluate Safrinha Planting as Grain Prices Rise in Brazil,"3,86",0,0
2015-03,Farmers in Paraguay increased their Safrinha Soybean Acreage,Soybean Harvest in Mato Grosso Nearing Completion,Weak Currency Stimulates 2014/15 and 2015/16 Soy Sales in Brazil,Paraguay Farmers are First and Last to Harvest Soy in S. America,"""Plant Your Future"" reduced Insecticide use on Soybeans by 50%",Soybean Production continues to expand in Northeastern Brazil,Interest Rates on Agricultural Production Loans to Increase in Brazil,Brazil Soybeans 61% Harvested Argentine Soybeans 2% Harvested,2015 U.S. Crop Acreage - 89 mac of Corn and 85-86 mac of Soybeans,Vessel Lineup in Brazil for Soybeans Larger than last Year,10,1,1
2015-03-02,Brazil Ag Sector slowly returning to Normal after Trucker Strike,"Trucker Strike in Brazil Improved, not Completely Resolved",Truck Strike causes Loses for Brazilian Poultry and Hog Producers,Trucker Strike in Brazil Improved not Completely Resolved,Record Breaking Soybean Crop Expected in Rio Grande do Sul,Rio Grande do Sul Registers Most Cases of Soybean Rust in Brazil,Trucker Strike Impacted all Segments of Brazilian Economy,,,,"3,89",0,0
2015-03-05,Soybean Yields in Mato Grosso have Stagnated over the last 15 Years,Brazil Ag Sector slowly returning to Normal after Trucker Strike,Record Breaking Soybean Crop Expected in Rio Grande do Sul,Conab Lowers Brazilian Soy Estimate by 1.3 Million Tons to 93.2,Number of Vessels to load Soybeans Surges at Brazilian Ports,Wheat Acreage in Parana to remain Unchanged in 2015,Brazilian Truckers to decide if Concessions avert another Strike,,,,"3,89",0,-1
2015-03-08,Conab Lowers Brazilian Soy Estimate by 1.3 Million Tons to 93.2,Number of Vessels to load Soybeans Surges at Brazilian Ports,Brazilian Farmers increase Selling Pace Mato Grosso Soy 59% Sold,"Brazilian Farmers increase Selling Pace, Mato Grosso Soy 59% Sold",Wheat Acreage in Parana to remain Unchanged in 2015,Farmers Reevaluate Safrinha Planting as Grain Prices Rise in Brazil,Rio Grande do Sul to Harvest Excellent Corn and Soybean Crops,Soybean Yields in Mato Grosso have Stagnated over the last 15 Years,Brazilian Truckers to decide if Concessions avert another Strike,,"3,87",0,-1
2015-03-11,"Brazilian Farmers increase Selling Pace, Mato Grosso Soy 59% Sold",Brazilian Farmers increase Selling Pace Mato Grosso Soy 59% Sold,Spring-like Weather Finally arrives in the Midwest,Farmers Reevaluate Safrinha Planting as Grain Prices Rise in Brazil,Rio Grande do Sul to Harvest Excellent Corn and Soybean Crops,Millions of Brazilians Demonstrated against President Rousseff,Conab Lowers Brazilian Soy Estimate by 1.3 Million Tons to 93.2,,,,"3,82",1,0
2015-03-17,Spring-like Weather Finally arrives in the Midwest,Renewal of Trucker Strike in Brazil will depend on Negotiations,Vessel Lineup in Brazil for Soybeans Larger than last Year,Millions of Brazilians Demonstrated against President Rousseff,New Export Grain Terminal open for Business in Northern Brazil,Percent Ethanol Blend in Brazilian Gasoline increased to 27%,Number of Sugar/ethanol Mills in Brazil Continues to Decline,,,,"3,79",1,1
2015-03-20,2015 U.S. Crop Acreage - 89 mac of Corn and 85-86 mac of Soybeans,Farmers in Rio Grande do Sul to reduce their Winter Wheat Acreage,Vessel Lineup in Brazil for Soybeans Larger than last Year,Interest Rates on Agricultural Production Loans to Increase in Brazil,Soybean Production continues to expand in Northeastern Brazil,Highway BR-163 Improvements essential for Growth in Mato Grosso,"Brazil Soybeans 61% Harvested, Argentine Soybeans 2% Harvested",Brazil Soybeans 61% Harvested Argentine Soybeans 2% Harvested,,,"3,91",0,0
2015-03-23,Interest Rates on Agricultural Production Loans to Increase in Brazil,Brazil Soybeans 61% Harvested Argentine Soybeans 2% Harvested,Soybean Production continues to expand in Northeastern Brazil,Brazilian Farmers Having Difficulty obtaining Low Interest Loans,2015 U.S. Crop Acreage - 89 mac of Corn and 85-86 mac of Soybeans,Farmers in Rio Grande do Sul to reduce their Winter Wheat Acreage,"""Plant Your Future"" reduced Insecticide use on Soybeans by 50%",Highway BR-163 Improvements essential for Growth in Mato Grosso,"Brazil Soybeans 61% Harvested, Argentine Soybeans 2% Harvested",,"3,92",0,-1
2015-03-26,Farmers in Mato Grosso must Employ Agronomists or Technicians,Weak Currency Stimulates 2014/15 and 2015/16 Soy Sales in Brazil,Soybean Harvest in Mato Grosso Nearing Completion,Soybean Production continues to expand in Northeastern Brazil,Brazilian Farmers Having Difficulty obtaining Low Interest Loans,Paraguay Farmers are First and Last to Harvest Soy in S. America,Brazilian Agriculture Facing Difficult Obstacles in 2015,"""Plant Your Future"" reduced Insecticide use on Soybeans by 50%",Interest Rates on Agricultural Production Loans to Increase in Brazil,,"3,87",0,0
2015-03-29,Brazilian Agriculture Facing Difficult Obstacles in 2015,Paraguay Farmers are First and Last to Harvest Soy in S. America,Farmers in Paraguay increased their Safrinha Soybean Acreage,Soybean Harvest in Mato Grosso Nearing Completion,Weaker Currency lowers Break-even for Brazil's Sugar Producers,Weak Currency Stimulates 2014/15 and 2015/16 Soy Sales in Brazil,Farmers in Mato Grosso must Employ Agronomists or Technicians,,,,"3,85",0,0
2015-04,Corn prices fall in southern Goias,U.S. Corn Planting Surges Past 50% with Good Weather,2.6% of Mato Grosso's Corn used for Ethanol Farmers Want More,Brazilian Soy Producers Face Higher Fertilizer and Fuel Costs,Record Production Resulting in Mountains of Soybeans in Argentina,Volunteer Corn Becoming more of a Problem in Brazilian Soy Fields,Brazilian Safrinha Corn Generally Rated in Good Condition,Argentine Farmers will probably be Slow Sellers of their 2014/15 Soy,Cotton Acreage and Production to Decline in Brazil,Fire at Port of Santos in Southeastern Brazil slows Grain Exports,"3,84",0,0
2015-04,Corn prices fall in southern Goias,State of Tocantins in NE Brazil is emerging Soybean Producer,Soybean Farmers in Uruguay facing tight or nonexistent Margins,Brazilian Soy Producers Face Higher Fertilizer and Fuel Costs,Record Production Resulting in Mountains of Soybeans in Argentina,Volunteer Corn Becoming more of a Problem in Brazilian Soy Fields,Argentine Farmers will probably be Slow Sellers of their 2014/15 Soy,Cotton Acreage and Production to Decline in Brazil,White Flies becoming a Problem for Soybean Producers in Bahia,Farmers Disappointed with Soy Hoping for Better Safrinha Corn,"9,76",0,-1
2015-04-04,Fire at Port of Santos in Southeastern Brazil slows Grain Exports,Port of Paranagua Preparing for Larger Vessels of 90000 Tons,Ag Organizations want Input in New Harvest Plan for Brazil,"Port of Paranagua Preparing for Larger Vessels of 90,000 Tons",Modifications to Brazil's Truck Driver Law take Effect April 17th,Farmers Disappointed with Soy Hoping for Better Safrinha Corn,Farmers in Rio Grande do Sul starting to Plant Winter Small Grains,Bank of Brazil not Issuing Loans for Pre-purchase of Inputs,,,"3,8",0,-1
2015-04-07,Farmers Disappointed with Soy Hoping for Better Safrinha Corn,"Port of Paranagua Preparing for Larger Vessels of 90,000 Tons",Bank of Brazil not Issuing Loans for Pre-purchase of Inputs,Modifications to Brazil's Truck Driver Law take Effect April 17th,Port of Paranagua Preparing for Larger Vessels of 90000 Tons,Ag Organizations want Input in New Harvest Plan for Brazil,Farmers in Rio Grande do Sul starting to Plant Winter Small Grains,White Flies becoming a Problem for Soybean Producers in Bahia,Fire at Port of Santos in Southeastern Brazil slows Grain Exports,,"3,78",0,0
2015-04-13,White Flies becoming a Problem for Soybean Producers in Bahia,Brazilian Safrinha Corn Generally Rated in Good Condition,Sugarcane Processing off to a Quick Start in Southern Brazil,Credit now Available for Brazilian Farmers to Purchase Inputs,Cotton Acreage and Production to Decline in Brazil,Winter Wheat Planting off to a Slow Start in Parana,Argentine Farmers will probably be Slow Sellers of their 2014/15 Soy,,,,"3,75",0,0
2015-04-16,Brazilian Safrinha Corn Generally Rated in Good Condition,Supreme Court asked to allow Non-Brazilians to Purchase Land,Volunteer Corn Becoming more of a Problem in Brazilian Soy Fields,Winter Wheat Planting off to a Slow Start in Parana,Credit now Available for Brazilian Farmers to Purchase Inputs,Brazilian Truck Drivers Threaten new Strike/Blockades this Week,,,,,"3,76",0,-1
2015-04-19,Brazil's Harvest Plan to be announced by President Rousseff May 19,Brazilian Soy Producers Face Higher Fertilizer and Fuel Costs,Brazilian Truck Drivers Threaten new Strike/Blockades this Week,Supreme Court asked to allow Non-Brazilians to Purchase Land,Volunteer Corn Becoming more of a Problem in Brazilian Soy Fields,Record Production Resulting in Mountains of Soybeans in Argentina,Truckers in Brazil Resume Strike over lack of Minimum Freight Rate,,,,"3,72",0,-1
2015-04-22,Record Production Resulting in Mountains of Soybeans in Argentina,Brazilian Soy Producers Face Higher Fertilizer and Fuel Costs,Brazil's Harvest Plan to be announced by President Rousseff May 19,Truckers in Brazil Resume Strike over lack of Minimum Freight Rate,Farmers in Argentina hopeful new President will lower Export Taxes,,,,,,"3,66",0,0
2015-05,Mato Grosso Debating 9% Export Tax on Soybeans and Corn,Brazil's Harvest Plan Barely keeps pace with Inflation and Costs,Soybean-Free Period to Start in Mato Grosso on June 1st,Forward Selling of Corn in Brazil Remains Slow,U.S. Corn and Soybean Planting Continue ahead of the Average Pace,Amount of Soybeans Barged down Madeira River Increasing,Ag Cooperatives in Rio Grande do Sul Increase Market Share,Soybeans in Brazil will start to Flow like the Water - Down River,Mato Grosso Corn Farmers have good Yields and Low Prices,Increase in Minimum Wheat Price not enough say Brazilian Farmers,"9,72",0,0
2015-05,Mato Grosso Debating 9% Export Tax on Soybeans and Corn,Brazil's Harvest Plan Barely keeps pace with Inflation and Costs,Early Corn Harvest in Parana Underway,U.S. Corn Condition Rating holds Steady,Early Safrinha Corn Harvest Underway in Brazil,Forward Selling of Corn in Brazil Remains Slow,U.S. Corn and Soybean Planting Continue ahead of the Average Pace,Ag Cooperatives in Rio Grande do Sul Increase Market Share,Mato Grosso Corn Farmers have good Yields and Low Prices,Increase in Minimum Wheat Price not enough say Brazilian Farmers,"3,67",0,-1
2015-05-01,U.S. Corn Planting Surges Past 50% with Good Weather,Brazilian Farmers now Worried about Stronger Brazilian Currency,Labor Unrest in South America Shifts from Brazil to Argentina,Algerian Company to build Ag Processing Facility in Mato Grosso,Brazil Prepares Case against U.S. Concerning Illegal Ag Subsidizes,Sorghum can be used in Sugar Mills to Generate Electricity,Labor Unrest Spreads across Argentina,Wheat Planting in Parana getting off to a Delayed Start,Soybean Farmers in Uruguay facing tight or nonexistent Margins,State of Tocantins in NE Brazil is emerging Soybean Producer,"3,63",0,0
2015-05-04,Labor Unrest in South America Shifts from Brazil to Argentina,U.S. Corn Planting Surges Past 50% with Good Weather,Brazil Prepares Case against U.S. Concerning Illegal Ag Subsidizes,Algerian Company to build Ag Processing Facility in Mato Grosso,State of Tocantins in NE Brazil is emerging Soybean Producer,Soybean Farmers in Uruguay facing tight or nonexistent Margins,Sorghum can be used in Sugar Mills to Generate Electricity,Winter Wheat Planting underway in Parana in Southern Brazil,Labor Unrest Spreads across Argentina,Railroad connecting Mato Grosso to Amazon River moving Forward,"3,63",1,0
2015-05-07,ADM starts Sustainable Soybean Production Program in Brazil,Corn prices fall in southern Goias,Winter Wheat Planting underway in Parana in Southern Brazil,Labor Unrest Spreads across Argentina,"If the Weather Cooperates, Brazil could produce Record Wheat Crop","2015 U.S. Acreage, Yields, and Production Estimates",2015 U.S. Acreage Yields and Production Estimates,If the Weather Cooperates Brazil could produce Record Wheat Crop,Sorghum can be used in Sugar Mills to Generate Electricity,Railroad connecting Mato Grosso to Amazon River moving Forward,"3,62",1,0
2015-05-10,ADM starts Sustainable Soybean Production Program in Brazil,Corn prices fall in southern Goias,"If the Weather Cooperates, Brazil could produce Record Wheat Crop",Brazilian Government Increases Minimum Price for Wheat,Conab Increases Brazilian Soy Production Lowers Corn Production,If the Weather Cooperates Brazil could produce Record Wheat Crop,Wet Weather Worries Cotton Producers in Mato Grosso,2015 U.S. Acreage Yields and Production Estimates,"2015 U.S. Acreage, Yields, and Production Estimates","Conab Increases Brazilian Soy Production, Lowers Corn Production","3,63",0,0
2015-05-16,Release of Brazil's 2015/16 Harvest Plan Postponed,Soybeans in Brazil will start to Flow like the Water - Down River,Ports in Argentina encounter a series of Setbacks,U.S. Planting Progress continues Ahead of Average,Mato Grosso Corn Farmers have good Yields and Low Prices,Port of Paranagua Strives to Improve its Handling of Fertilizers,Increase in Minimum Wheat Price not enough say Brazilian Farmers,"Brazil and China Agree on Feasibility Study for ""Mega Railroad""",Ag Cooperatives in Rio Grande do Sul Increase Market Share,,"3,63",0,-1
2015-05-19,Ports in Argentina encounter a series of Setbacks,Ag Cooperatives in Rio Grande do Sul Increase Market Share,Port of Paranagua Strives to Improve its Handling of Fertilizers,Soybeans in Brazil will start to Flow like the Water - Down River,"Brazil and China Agree on Feasibility Study for ""Mega Railroad""",Release of Brazil's 2015/16 Harvest Plan Postponed,U.S. Planting Progress continues Ahead of Average,Mato Grosso Corn Farmers have good Yields and Low Prices,,,"3,62",0,-1
2015-05-22,Ports in Argentina encounter a series of Setbacks,U.S. Corn and Soybean Planting Continue ahead of the Average Pace,Amount of Soybeans Barged down Madeira River Increasing,Viability Studies for Ferronorte Railroad to be completed in August,Ag Cooperatives in Rio Grande do Sul Increase Market Share,Labor Unrest Continues in Argentina,Forward Selling of Corn in Brazil Remains Slow,,,,"3,54",1,0
2015-05-25,U.S. Corn and Soybean Planting Continue ahead of the Average Pace,Amount of Soybeans Barged down Madeira River Increasing,Labor Unrest Continues in Argentina,Soybean-Free Period to Start in Mato Grosso on June 1st,Forward Selling of Corn in Brazil Remains Slow,Viability Studies for Ferronorte Railroad to be completed in August,,,,,"3,52",1,1
2015-05-28,Brazilian Farmers Slow to Purchase their 2015/16 Inputs,Soybean-Free Period to Start in Mato Grosso on June 1st,Forward Selling of Corn in Brazil Remains Slow,Early Safrinha Corn Harvest Underway in Brazil,U.S. Corn Condition Rating holds Steady,2015 U.S. Planting Progress now only Slightly Ahead of Average,Brazil Identifies R$ 195 Billion in needed Infrastructure Projects,New Agricultural and Livestock Plan in Brazil Mixed Bag,,,"3,55",1,1
2015-05-31,Brazil's Harvest Plan Barely keeps pace with Inflation and Costs,Brazilian Farmers Delay Input Purchases due to Lack of Credit,Brazilian Farmers Slow to Purchase their 2015/16 Inputs,U.S. Corn Condition Rating holds Steady,2015 U.S. Planting Progress now only Slightly Ahead of Average,Brazil Identifies R$ 195 Billion in needed Infrastructure Projects,Early Corn Harvest in Parana Underway,Early Safrinha Corn Harvest Underway in Brazil,New Agricultural and Livestock Plan in Brazil Mixed Bag,,"3,59",1,0
2015-06,June Acreage Report Overestimates Harvested Acreage,Trip Report - Indiana and Ohio,Corn Condition Improves Slightly Soybean Condition Holds Steady,Brazilian Farmers have Sold 17% of their 2015/16 Soy Production,Brazil sets new Monthly Record for Soybean and Poultry Exports,Brazilian Farmers seen as Increasing Soy Acreage 1%-5% in 2015/16,Trip Report - Illinois Iowa Missouri,U.S. Crop Conditions Decline again due to Wetness,Chemicals used to Control Soy Rust in Brazil losing Effectiveness,Parana may Follow M. Grosso in Limiting Safrinha Soy Production,"9,41",0,-1
2015-06,June Acreage Report Overestimates Harvested Acreage,Areas of Concern for the 2015 U.S. Crops,Trip Report - Indiana and Ohio,Corn Condition Improves Slightly Soybean Condition Holds Steady,Brazilian Farmers have Sold 17% of their 2015/16 Soy Production,Farmers in Mato Grosso busy Harvesting Corn and Cotton,Trip Report - Illinois Iowa Missouri,U.S. Crop Conditions Decline again due to Wetness,Parana may Follow M. Grosso in Limiting Safrinha Soy Production,Areas of Concern for the 2015 U.S. Corn and Soybean Crops,"3,6",0,-1
2015-06-03,Brazil's Harvest Plan Barely keeps pace with Inflation and Costs,New Agricultural and Livestock Plan in Brazil Mixed Bag,Sugarcane Processing in Brazil could be impacted by Wet Weather,Early Corn Harvest in Parana Underway,2015 U.S. Planting Progress now only Slightly Ahead of Average,Brazilian Farmers Delay Input Purchases due to Lack of Credit,Brazilian Ranchers to place more Cattle in Feedlots in 2015,U.S. Corn Condition Rating holds Steady,Mato Grosso Debating 9% Export Tax on Soybeans and Corn,,"3,63",0,-1
2015-06-06,Safrinha Corn Crop in Mato Grosso and Brazil getting Bigger,Corn Rating Holds Steady 1st Soybean Rating Below Expectations,Mato Grosso Debating 9% Export Tax on Soybeans and Corn,Sugarcane Processing in Brazil could be impacted by Wet Weather,2015 U.S. Corn Planting 100% Soybeans 79%,Brazilian Ranchers to place more Cattle in Feedlots in 2015,"2015 U.S. Corn Planting 100%, Soybeans 79%","Corn Rating Holds Steady, 1st Soybean Rating Below Expectations",,,"3,59",0,0
2015-06-12,Brazilian Farmers have high Expectations for Safrinha Corn Crop,"Brazil's Original ""King of Soybeans"" dies at 84",2015/16 Crop Input Purchases in Brazil Remain Sluggish,2015/16 Mato Grosso Soybean Expansion Estimated at 1.8%,Trip Report - Illinois and western Indiana,2014/15 Brazilian Corn Estimate Increased 2.5 mt to 81.5 Million,,,,,"3,54",1,1
2015-06-15,"Brazil's Original ""King of Soybeans"" dies at 84",2015/16 Mato Grosso Soybean Expansion Estimated at 1.8%,Fertilizer Distribution in Brazil down 12% thus far in 2015,2014/15 Brazilian Corn Estimate Increased 2.5 mt to 81.5 Million,Brazilian Farmers have high Expectations for Safrinha Corn Crop,Trip Report - Illinois and western Indiana,2015/16 Crop Input Purchases in Brazil Remain Sluggish,,,,"3,55",1,1
2015-06-18,Fertilizer Distribution in Brazil down 12% thus far in 2015,Brazilian Wheat Imports Expected to decline in 2015,U.S. Crop Conditions Decline due to Wetness,Brazilian Farmers have high Expectations for Safrinha Corn Crop,Moderate El Nino Expected to Last Through the Summer Months,"June Crop Report will not be ""Last Word"" on 2015 Acreage","Brazil's Original ""King of Soybeans"" dies at 84",New Infrastructure Program in Brazil hoping for Better Results,Brazil's Safrinha Corn Crop Exceeding Expectations,,"3,61",1,1
2015-06-21,Brazilian Wheat Imports Expected to decline in 2015,Moderate El Nino Expected to Last Through the Summer Months,"Sales of Crop Inputs Increasing in Brazil, but Still Lags Last Year",New Infrastructure Program in Brazil hoping for Better Results,Brazil's Safrinha Corn Crop Exceeding Expectations,Parana may Follow M. Grosso in Limiting Safrinha Soy Production,"June Crop Report will not be ""Last Word"" on 2015 Acreage",Areas of Concern for the 2015 U.S. Corn and Soybean Crops,Sales of Crop Inputs Increasing in Brazil but Still Lags Last Year,U.S. Crop Conditions Decline due to Wetness,"3,72",1,1
2015-06-24,"Sales of Crop Inputs Increasing in Brazil, but Still Lags Last Year",Moderate El Nino Expected to Last Through the Summer Months,Sales of Crop Inputs Increasing in Brazil but Still Lags Last Year,Areas of Concern for the 2015 U.S. Corn and Soybean Crops,U.S. Crop Conditions Decline due to Wetness,"June Crop Report will not be ""Last Word"" on 2015 Acreage",Chemicals used to Control Soy Rust in Brazil losing Effectiveness,Parana may Follow M. Grosso in Limiting Safrinha Soy Production,,,"3,88",1,1
2015-06-27,Chemicals used to Control Soy Rust in Brazil losing Effectiveness,U.S. Crop Conditions Decline again due to Wetness,Trip Report - Illinois Iowa Missouri,Farmers in Mato Grosso busy Harvesting Corn and Cotton,"Trip Report - Illinois, Iowa, Missouri",Credit from Brazil's 2015-2016 Harvest Plan now Available,,,,,"4,15",1,1
2015-06-30,Chemicals used to Control Soy Rust in Brazil losing Effectiveness,Brazilian Farmers seen as Increasing Soy Acreage 1%-5% in 2015/16,Credit from Brazil's 2015-2016 Harvest Plan now Available,Trip Report - Illinois Iowa Missouri,Farmers in Mato Grosso busy Harvesting Corn and Cotton,"Trip Report - Illinois, Iowa, Missouri",U.S. Crop Conditions Decline again due to Wetness,,,,"4,24",1,1
2015-07,Corn price in Mato Grosso improve due to Weaker Currency,Soybeans Enters Second Century of Production in Rio Grande do Sul,U.S. Corn Condition Unchanged Soybean Condition Up Slightly,Areas of Concern for the 2015 U.S. Crops,Corn-Based Ethanol Production Promoted in Mato Grosso,Brazil Corn Exports could Set New Record in 2015,Corn Condition Improves Slightly Soybean Condition Unchanged,Areas of Concern for the 2015 U.S. Crops,Survey for August Crop Report now Underway,Piles of Corn grow at Grain Elevators in Mato Grosso,"3,85",1,1
2015-07,Corn price in Mato Grosso improve due to Weaker Currency,Soybeans Enters Second Century of Production in Rio Grande do Sul,"Brazil's ""Soybean Highway"" Frustrates Farmers in Mato Grosso",U.S. Corn Condition Unchanged Soybean Condition Up Slightly,Corn-Based Ethanol Production Promoted in Mato Grosso,Corn Condition Improves Slightly Soybean Condition Unchanged,Survey for August Crop Report now Underway,Brazilian Currency Devalued 4.79% Last Week Lifting Soy Prices,Soaring Electricity Costs Impacting Brazilian Agriculture,Trip Report - Illinois ,"9,89",1,1
2015-07-03,Corn Condition Improves Slightly Soybean Condition Holds Steady,"Corn Condition Improves Slightly, Soybean Condition Holds Steady",June Acreage Report Overestimates Harvested Acreage,Brazil sets new Monthly Record for Soybean and Poultry Exports,Brazilian Farmers have Sold 17% of their 2015/16 Soy Production,Brazilian Farmers seen as Increasing Soy Acreage 1%-5% in 2015/16,Trip Report - Indiana and Ohio,,,,"4,26",1,1
2015-07-09,June Acreage Report Overestimates Harvested Acreage,Safrinha Corn Harvest in Brazil Slowed by Wet Weather,El Nino could bring Wet Weather and Problems to Southern Brazil,Conab Increases Brazil's Soybean and Corn Estimates,Ag Equipment Sales in Brazil during First Semester Down 25%,,,,,,"4,32",0,-1
2015-07-12,Safrinha Corn Harvest in Brazil Slowed by Wet Weather,Port of Paranagua Greatly Improves Receiving Facilities,Conab Increases Brazil's Soybean and Corn Estimates,Wet Weather Continues to slow Safrinha Corn Harvest in Brazil,Mato Grosso Leads Brazil in Soybean and Fish Production,El Nino could bring Wet Weather and Problems to Southern Brazil,,,,,"4,3",0,-1
2015-07-15,Safrinha Corn Harvest in Brazil Slowed by Wet Weather,Agriculture is 46% of Brazil's Exports during first Semester of 2015,FAO Predicts continued Agricultural Expansion in Brazil,El Nino could bring Wet Weather and Problems to Southern Brazil,Mato Grosso Leads Brazil in Soybean and Fish Production,Conab Increases Brazil's Soybean and Corn Estimates,El Nino could have a Significant Impact in Brazil in late 2015,Port of Paranagua Greatly Improves Receiving Facilities,Wet Weather Continues to slow Safrinha Corn Harvest in Brazil,,"4,18",0,-1
2015-07-21,New Port in Northern Brazil to Rival Biggest Grain Ports in Brazil,Trip Report - Illinois,Brazilian Currency Devalued 4.79% Last Week Lifting Soy Prices,Condition of U.S. Corn Improves Slightly Soybeans Hold Steady,Soaring Electricity Costs Impacting Brazilian Agriculture,Trip Report - Illinois ,Agriculture is 46% of Brazil's Exports during first Semester of 2015,"Condition of U.S. Corn Improves Slightly, Soybeans Hold Steady",El Nino could have a Significant Impact in Brazil in late 2015,Rains in Rio Grande do Sul impeding Wheat Planting,"3,96",0,-1
2015-07-24,Survey for August Crop Report now Underway,New Port in Northern Brazil to Rival Biggest Grain Ports in Brazil,"Corn Condition Improves Slightly, Soybean Condition Unchanged",Brazilian Currency Devalued 4.79% Last Week Lifting Soy Prices,Piles of Corn grow at Grain Elevators in Mato Grosso,Corn Condition Improves Slightly Soybean Condition Unchanged,Corn Harvest in Mato Grosso Advances to 65% Complete,,,,"3,76",0,-1
2015-07-30,Brazilian Farmers not required to Purchase Annual License Plates,Ariel photo tour of Indiana and Illinois,"U.S. Corn Condition Unchanged, Soybean Condition Up Slightly",Brazil Corn Exports could Set New Record in 2015,Corn Harvest in Mato Grosso Advances to 65% Complete,Corn-Based Ethanol Production Promoted in Mato Grosso,U.S. Corn Condition Unchanged Soybean Condition Up Slightly,,,,"3,7",1,0
2015-08,Farmers in Mato Grosso do Sul have sold 27% of 2015/16 Soy Crop,Cotton Acreage in Mato Grosso to Increase 2%,Dry Beans in Brazil losing Acreage to Soybeans,Month-By-Month Crop Production Cycle in Brazil,Brazil's 2015 Soybean Exports have already Surpassed all of 2014,U.S. Crop Conditions Hold Steady or Decline Slightly,Grain Production in Brazil Increasing Faster than Storage Space,Wheat Production in South America Encountering Obstacles,Input Sales in Mato Grosso Brazil Continue to Lag Last Year,Paranagua Grain Exports to increase 71% over next 3 months,"9,92",0,0
2015-08,Cotton Acreage in Mato Grosso to Increase 2%,Month-By-Month Crop Production Cycle in Brazil,Mato Grosso Farmers Produce Record High Safrinha Corn Yields,U.S. Crop Conditions Hold Steady or Decline Slightly,Grain Production in Brazil Increasing Faster than Storage Space,Wheat Production in South America Encountering Obstacles,Input Sales in Mato Grosso Brazil Continue to Lag Last Year,Paranagua Grain Exports to increase 71% over next 3 months,Trip Report - Eastern Corn Belt,2015/16 Corn Acreage in Argentina Expected to Decline Significantly,"3,88",0,0
2015-08-02,Corn-Based Ethanol Production Promoted in Mato Grosso,"Brazil's ""Soybean Highway"" Frustrates Farmers in Mato Grosso",Brazilian Farmers not required to Purchase Annual License Plates,"Brazil\'s ""Soybean Highway"" Frustrates Farmers in Mato Grosso","U.S. Corn Condition Unchanged, Soybean Condition Up Slightly",U.S. Corn Condition Unchanged Soybean Condition Up Slightly,Ariel photo tour of Indiana and Illinois,Brazil Corn Exports could Set New Record in 2015,,,"3,7",1,0
2015-08-05,"U.S. Corn Condition Unchanged, Soybean Condition Up Slightly",Corn price in Mato Grosso improve due to Weaker Currency,Presence of Rust Spores in Southern Brazil Worries Scientists,U.S. Corn Condition Unchanged Soybean Condition Up Slightly,Ariel photo tour of Indiana and Illinois,"Brazil\'s ""Soybean Highway"" Frustrates Farmers in Mato Grosso",Soybeans Enters Second Century of Production in Rio Grande do Sul,"Brazil's ""Soybean Highway"" Frustrates Farmers in Mato Grosso",,,"3,76",0,-1
2015-08-08,"25% of Brazil's 2015/16 Soy Crop Already Sold, Prices are Good",U.S. Corn Condition Steady Soybeans Improve Slightly,Soybeans Enters Second Century of Production in Rio Grande do Sul,Areas of Concern for the 2015 U.S. Crops,Presence of Rust Spores in Southern Brazil Worries Scientists,25% of Brazil's 2015/16 Soy Crop Already Sold Prices are Good,"U.S. Corn Condition Steady, Soybeans Improve Slightly",Corn price in Mato Grosso improve due to Weaker Currency,,,"3,7",0,0
2015-08-11,25% of Brazil's 2015/16 Soy Crop Already Sold Prices are Good,Areas of Concern for the 2015 U.S. Crops,"Cotton Harvest Progressing in Brazil, Prices Highest since 2012",Presence of Rust Spores in Southern Brazil Worries Scientists,"25% of Brazil's 2015/16 Soy Crop Already Sold, Prices are Good",U.S. Corn Condition Steady Soybeans Improve Slightly,"U.S. Corn Condition Steady, Soybeans Improve Slightly",Corn price in Mato Grosso improve due to Weaker Currency,Cotton Harvest Progressing in Brazil Prices Highest since 2012,,"3,65",1,0
2015-08-14,Cotton Harvest Progressing in Brazil Prices Highest since 2012,2015 Fertilizer Sales in Brazil Continue Slower than in 2014,Brazil Could be Worlds Major Beef Producer by 2020,U.S. vs Brazil in Soybean and Corn Production,Reaction to the August Crop Report,"Cotton Harvest Progressing in Brazil, Prices Highest since 2012",Landless Rural Workers Invade Sugarcane Plantations in Brazil,U.S. Crop Conditions Little Changed this Week,,,"3,66",1,0
2015-08-17,"Cotton Harvest Progressing in Brazil, Prices Highest since 2012",Landless Rural Workers Invade Sugarcane Plantations in Brazil,Brazil Could be Worlds Major Beef Producer by 2020,2015/16 Corn Acreage in Argentina Expected to Decline Significantly,2015 Fertilizer Sales in Brazil Continue Slower than in 2014,U.S. vs Brazil in Soybean and Corn Production,Reaction to the August Crop Report,Cotton Harvest Progressing in Brazil Prices Highest since 2012,U.S. Crop Conditions Little Changed this Week,,"3,67",1,0
2015-08-20,Landless Rural Workers Invade Sugarcane Plantations in Brazil,Trip Report - Eastern Corn Belt,2015/16 Corn Acreage in Argentina Expected to Decline Significantly,Soybean Harvest Starting in Far Northern Brazil,How Might El Nino Impact South American Weather,Flooding in Argentina impacting 2015 Wheat Crop,U.S. Crop Conditions Basically Hold Steady,,,,"3,67",1,0
2015-09,Parana follows Mato Grosso in Prohibiting Safrinha Soy Production,Frost and Wet Weather Result in Lower Brazilian Wheat Production,Parana to follow Mato Grosso and Prohibit Safrinha Soy Production,Brazilians Forward Selling Encouraged by Weaker Currency,Producing Soy and Corn in Brazil Costs More due to Weak Currency,Soybean Rust Cases decline 92% in Mato Grosso do Sul in 10 years,South American Acreage and Production Estimates,Month-By-Month Crop Production Cycle for Argentina,Crop Production Cycle for Paraguay Uruguay and Bolivia,Brazilian Corn Exports need to Ramp Up in order to meet Goal,"3,67",0,-1
2015-09,Parana follows Mato Grosso in Prohibiting Safrinha Soy Production,Southwestern Parana has most Advanced Soybean Planting in Brazil,State of Parana Leads Early Soybean Planting in Brazil,2015/16 Soybean Crop in Brazil 2-3% Planted,Frost and Wet Weather Result in Lower Brazilian Wheat Production,Timid Soybean Planting Pace in Mato Grosso New Regulations,Most Advanced Soybean Planting in Brazil is in the State of Parana,Parana to follow Mato Grosso and Prohibit Safrinha Soy Production,Brazilians Forward Selling Encouraged by Weaker Currency,Producing Soy and Corn in Brazil Costs More due to Weak Currency,"8,94",0,-1
2015-09-04,Cotton Acreage in Mato Grosso to Increase 2%,Month-By-Month Crop Production Cycle in Brazil,Brazil's 2015 Soybean Exports have already Surpassed all of 2014,Dry Beans in Brazil losing Acreage to Soybeans,Farmers in Mato Grosso do Sul have sold 27% of 2015/16 Soy Crop,Early Season Rains falling in Southern and Central Brazil,,,,,"3,69",1,1
2015-09-07,Farmers in Mato Grosso do Sul have sold 27% of 2015/16 Soy Crop,Month-By-Month Crop Production Cycle in Brazil,Dry Beans in Brazil losing Acreage to Soybeans,Early Season Rains falling in Southern and Central Brazil,Estimates Indicate more Soybean Acreage in Brazil in 2015/16,Rain slows Wheat Harvest in Parana increasing Quality Concerns,Cotton Acreage in Mato Grosso to Increase 2%,,,,"3,75",1,1
2015-09-10,Scientists feel Wheat Production could be Successful in Mato Grosso,Early Season Rains falling in Southern and Central Brazil,Total 2015/16 South American Soybean and Corn Production,"Brazil's ""Mega Railroad"" Project discussed in Beijing",Estimates Indicate more Soybean Acreage in Brazil in 2015/16,Farmers in Mato Grosso do Sul have sold 27% of 2015/16 Soy Crop,Argentina's 2015/16 Production - Soybeans Unchanged Corn -15%,"Brazil's 2015/16 Production - Soybeans +3%, Corn Unchanged","Argentina's 2015/16 Production - Soybeans Unchanged, Corn -15%",Brazilian Scientists Worried about Soy Rust on Volunteer Soybeans,"3,86",0,-1
2015-09-13,Brazilian Farmers continue to be Slow Sellers of their 2013/14 Corn,Argentine Farmers have Sold 58% of Last Year's Soy Crop,Argentina's 2015/16 Production - Soybeans Unchanged Corn -15%,Full-Season Corn Acreage in Rio Grande do Sul lowest in 45 Years,"Brazil\'s ""Mega Railroad"" Project discussed in Beijing",Frost Hail Storms Localized Floods in Rio Grande do Sul,Scientists feel Wheat Production could be Successful in Mato Grosso,Total 2015/16 South American Soybean and Corn Production,"Brazil's ""Mega Railroad"" Project discussed in Beijing",Brazil's 2015/16 Production - Soybeans +3% Corn Unchanged,"3,85",0,0
2015-09-19,South American Acreage and Production Estimates,Mato Grosso once again Leads Brazil in Agricultural Receipts,Federal Agricultural Inspectors in Brazil on Strike,El Nino could Impact Spring Weather in Brazil,Dryer Forecast for Central Brazil slows Early Soybean Planting,Soybean Rust Cases decline 92% in Mato Grosso do Sul in 10 years,Month-By-Month Crop Production Cycle for Argentina,,,,"3,84",1,0
2015-09-22,Producing Soy and Corn in Brazil Costs More due to Weak Currency,Mato Grosso once again Leads Brazil in Agricultural Receipts,South American Acreage and Production Estimates,Soybean Rust Cases decline 92% in Mato Grosso do Sul in 10 years,Federal Agricultural Inspectors in Brazil on Strike,El Nino could Impact Spring Weather in Brazil,Dryer Forecast for Central Brazil slows Early Soybean Planting,,,,"3,84",1,1
2015-09-25,Brazilians Forward Selling Encouraged by Weaker Currency,Producing Soy and Corn in Brazil Costs More due to Weak Currency,Most Advanced Soybean Planting in Brazil is in the State of Parana,Parana to follow Mato Grosso and Prohibit Safrinha Soy Production,Ethanol now more Competitive than Gasoline in Brazil,,,,,,"3,88",1,1
2015-09-28,Most Advanced Soybean Planting in Brazil is in the State of Parana,Parana to follow Mato Grosso and Prohibit Safrinha Soy Production,Ethanol now more Competitive than Gasoline in Brazil,Timid Soybean Planting Pace in Mato Grosso New Regulations,"Timid Soybean Planting Pace in Mato Grosso, New Regulations",Brazilians Forward Selling Encouraged by Weaker Currency,,,,,"3,88",1,0
2015-10,Improved Rainfall aids Brazil Soybean Planting Progress,Soy Producers Want Rail Link from Mato Grosso to Amazon River,Soybean Industry Promoting more Biodiesel use in Brazil,Brazil Looking for Farmers Who Can Produce 124 bu/ac Soybeans,Brazil's Corn Exports Ramp up as Soybean Exports Wind Down,Soybean Planting Passes Half Way Mark in Parana,Brazil Soybean Planting Progress Depends on Location,Mato Grosso Farmers Must Now Register Their Soybean Production,Brazilian Soybean Producers at Disadvantage due to High Freight,Soybean Planting Slowed by Dry Weather in Central Brazil,"8,8",0,-1
2015-10,Brazilian Farmers Concerned about Delayed Safrinha Corn Planting,Brazil Exports Record Amount of Corn in October,Brazilian Gov. to Auction new Leases to Operate Grain Terminals,Brazil's Corn Exports Ramp up as Soybean Exports Wind Down,Mato Grosso Farmers Must Now Register Their Soybean Production,Wet Weather at Port of Paranagua Delays Brazilian Corn Exports,Analyst's Estimates for 2015/16 Brazilian Crop Production,,,,"3,87",1,1
2015-10-01,John Deere Inaugurates New Parts and Training Center in Brazil,2015/16 Soybean Crop in Brazil 2-3% Planted,Timid Soybean Planting Pace in Mato Grosso New Regulations,"Timid Soybean Planting Pace in Mato Grosso, New Regulations",State of Parana Leads Early Soybean Planting in Brazil,Most Advanced Soybean Planting in Brazil is in the State of Parana,Frost and Wet Weather Result in Lower Brazilian Wheat Production,Parana to follow Mato Grosso and Prohibit Safrinha Soy Production,,,"3,93",0,-1
2015-10-04,State of Parana Leads Early Soybean Planting in Brazil,Wheat Harvest begins in Rio Grande do Sul Wetness Worries Persist,Southwestern Parana has most Advanced Soybean Planting in Brazil,Parana follows Mato Grosso in Prohibiting Safrinha Soy Production,"Wheat Harvest begins in Rio Grande do Sul, Wetness Worries Persist",John Deere Inaugurates New Parts and Training Center in Brazil,2015/16 Soybean Crop in Brazil 2-3% Planted,Frost and Wet Weather Result in Lower Brazilian Wheat Production,,,"3,92",0,-1
2015-10-07,Analyst's Estimates for 2015/16 Brazilian Crop Production,Conab Releases 1st Estimate of the 2015/16 Growing Season in Brazil,"Wheat Harvest begins in Rio Grande do Sul, Wetness Worries Persist",Parana follows Mato Grosso in Prohibiting Safrinha Soy Production,Wheat Harvest begins in Rio Grande do Sul Wetness Worries Persist,Potential Impact of El Nino on Brazilian Weather Patterns,John Deere Inaugurates New Parts and Training Center in Brazil,Southwestern Parana has most Advanced Soybean Planting in Brazil,State of Parana Leads Early Soybean Planting in Brazil,,"3,87",0,-1
2015-10-10,Potential Impact of El Nino on Brazilian Weather Patterns,Analyst's Estimates for 2015/16 Brazilian Crop Production,Brazilian Soybean Producers at Disadvantage due to High Freight,Biodiesel in Brazil May Now Contain More Vegetable Oil,Soybean Planting Slowed by Dry Weather in Central Brazil,Embrapa Falling Behind in Research Funding,Conab Releases 1st Estimate of the 2015/16 Growing Season in Brazil,Southern Brazil Continues to Receive Heavy Rainfall,,,"3,79",0,0
2015-10-13,Brazilian Soybean Producers at Disadvantage due to High Freight,Potential Impact of El Nino on Brazilian Weather Patterns,Wet Weather at Port of Paranagua Delays Brazilian Corn Exports,Soybean Planting Slowed by Dry Weather in Central Brazil,Analyst's Estimates for 2015/16 Brazilian Crop Production,Embrapa Falling Behind in Research Funding,Biodiesel in Brazil May Now Contain More Vegetable Oil,Southern Brazil Continues to Receive Heavy Rainfall,,,"3,78",1,0
2015-10-16,Elections Could Determine Future of Agriculture in Argentina,Wet Weather at Port of Paranagua Delays Brazilian Corn Exports,Biodiesel in Brazil May Now Contain More Vegetable Oil,Brazilian Weather is a Case of Two Extremes Forecast is Hopeful,Mato Grosso Farmers Must Now Register Their Soybean Production,"Brazilian Weather is a Case of Two Extremes, Forecast is Hopeful",Brazil Soybean Planting Progress Depends on Location,Brazil's Wheat Crop Disappoints for two Years in a Row,Brazilian Soybean Producers at Disadvantage due to High Freight,,"3,77",1,0
2015-10-19,Elections Could Determine Future of Agriculture in Argentina,Mato Grosso Farmers Must Now Register Their Soybean Production,Brazilian Weather is a Case of Two Extremes Forecast is Hopeful,"Brazilian Weather is a Case of Two Extremes, Forecast is Hopeful",Brazil's Wheat Crop Disappoints for two Years in a Row,Brazil's Corn Exports Ramp up as Soybean Exports Wind Down,Brazil Soybean Planting Progress Depends on Location,Wet Weather at Port of Paranagua Delays Brazilian Corn Exports,Soybean Planting Passes Half Way Mark in Parana,,"3,78",1,0
2015-10-25,Rice Planting Delayed in Rio Grande do Sul due to Wetness,Port of Paranagua Inaugurates Third of Four New Shiploaders,Soybean Industry Promoting more Biodiesel use in Brazil,Soy Producers Want Rail Link from Mato Grosso to Amazon River,Brazil Looking for Farmers Who Can Produce 124 bu/ac Soybeans,,,,,,"3,81",0,0
2015-10-28,Soy Producers Want Rail Link from Mato Grosso to Amazon River,Brazilian Gov. to Auction new Leases to Operate Grain Terminals,Opposition Candidate in Strong Position for Argentine Runoff,Improved Rainfall aids Brazil Soybean Planting Progress,Port of Paranagua Inaugurates Third of Four New Shiploaders,Rice Planting Delayed in Rio Grande do Sul due to Wetness,Soybean Industry Promoting more Biodiesel use in Brazil,,,,"3,79",0,-1
2015-10-31,Brazil Exports Record Amount of Corn in October,Opposition Candidate in Strong Position for Argentine Runoff,Farmers in Rio Grande do Sul struggle with Excessive Rainfall,Ag Accounts for 32.3% of all Brazilian Exports thus far in 2015,Brazilian Gov. to Auction new Leases to Operate Grain Terminals,Dredging at Port of Paranagua will allow for Larger Vessels,Crop-Livestock Rotation Emerging Trend in Brazil,Brazilian Farmers Concerned about Delayed Safrinha Corn Planting,Improved Rainfall aids Brazil Soybean Planting Progress,,"3,77",0,-1
2015-11,Port of Paranagua Increases Grain Exports despite Excess Rainfall,Mato Grosso Expected to Double Corn Production in Ten Years,Brazilian Farmer's Innovative Solution to Lack of Grain Storage,Heavy Rains Impacting Crops in Parana,Rio Grande do Sul Reports Most Cases of Soybean Rust in Brazil,Freight Costs in Mato Grosso Increase due to New Tolls,Cotton Third Most Important Crop in Mato Grosso after Soy Corn,Conab Increases Brazil Soybean Estimate Lowers Corn Estimate,12% Tax on Grain Exports Proposed by Three States in Brazil,,"3,77",0,-1
2015-11,Port of Paranagua Increases Grain Exports despite Excess Rainfall,Wetness and Soybean Rust Worries Farmers in Rio Grande do Sul,Mato Grosso Expected to Double Corn Production in Ten Years,Rio Grande do Sul Reports Most Cases of Soybean Rust in Brazil,Freight Costs in Mato Grosso Increase due to New Tolls,Delayed Rains Offers Opportunity to Plant Soy in Central Brazil,Cotton Third Most Important Crop in Mato Grosso after Soy Corn,Irregular Rainfall in Mato Grosso Worries Soybean Producers,Soybean Rust Moving into Commercial Soybean Fields in Brazil,Brazil Soybeans 60% Planted Behind Average of 71%,"8,89",1,1
2015-11-03,Opposition Candidate in Strong Position for Argentine Runoff,Farmers in Rio Grande do Sul struggle with Excessive Rainfall,Brazilian Farmers Concerned about Delayed Safrinha Corn Planting,Brazilian Federal Ag Inspectors Threated Resumption of Strike,Crop-Livestock Rotation Emerging Trend in Brazil,Improved Rainfall aids Brazil Soybean Planting Progress,Brazil Exports Record Amount of Corn in October,Ag Accounts for 32.3% of all Brazilian Exports thus far in 2015,Dredging at Port of Paranagua will allow for Larger Vessels,,"3,75",0,-1
2015-11-06,"Independent Truck Drivers in Brazil on Strike, Blocking Highways",Wheat Disappoints in Rio Grande do Sul - Low Yields Poor Quality,Conab Increases Brazil Soybean Estimate Lowers Corn Estimate,"Wheat Disappoints in Rio Grande do Sul - Low Yields, Poor Quality",Ag Accounts for 32.3% of all Brazilian Exports thus far in 2015,12% Tax on Grain Exports Proposed by Three States in Brazil,Brazilian Farmers Concerned about Delayed Safrinha Corn Planting,Independent Truck Drivers in Brazil on Strike Blocking Highways,Brazilian Federal Ag Inspectors Threated Resumption of Strike,Soybean Rust Confirmed in Parana a Month Earlier than Last Year,"3,65",0,0
2015-11-09,Brazilian Truck Driver Strike Fades Quickly,Conab Increases Brazil Soybean Estimate Lowers Corn Estimate,"Conab Increases Brazil Soybean Estimate, Lowers Corn Estimate",Independent Truck Drivers in Brazil on Strike Blocking Highways,"Independent Truck Drivers in Brazil on Strike, Blocking Highways",Soybean Rust Confirmed in Parana a Month Earlier than Last Year,Brazilian Federal Ag Inspectors Threated Resumption of Strike,Wheat Disappoints in Rio Grande do Sul - Low Yields Poor Quality,"Wheat Disappoints in Rio Grande do Sul - Low Yields, Poor Quality",12% Tax on Grain Exports Proposed by Three States in Brazil,"3,62",1,0
2015-11-12,Brazilian Truck Driver Strike Fades Quickly,"Brazil Soybeans 60% Planted, Behind Average of 71%",Brazil Soybeans 60% Planted Behind Average of 71%,Labor Unrest in Brazil Calms Down at Least for Now,Soybean Rust Confirmed in Parana a Month Earlier than Last Year,Rice Planting in Rio Grande do Sul Delayed by Wet Weather,Farmers in Mato Grosso do Sul Want to be Included in Rail Projects,,,,"3,61",1,0
2015-11-18,Macri Elected New President of Argentina Good News for Ag Sector,Farmers in Mato Grosso do Sul Want to be Included in Rail Projects,Brazil's New Port of Itaqui Surpassing All Expectations,Soybean Rust Moving into Commercial Soybean Fields in Brazil,Cotton Third Most Important Crop in Mato Grosso after Soy Corn,Cash IH Offers Incentive Program for 1st Time Brazilian Buyers,Brazil Fertilizer Delivery Down 6.4% Year-On-Year,"Macri Elected New President of Argentina, Good News for Ag Sector",Irregular Rainfall in Mato Grosso Worries Soybean Producers,"Cotton Third Most Important Crop in Mato Grosso after Soy, Corn","3,64",1,0
2015-11-21,Farmers in Central Brazil Still Struggling with Dryer Conditions,"Cotton Third Most Important Crop in Mato Grosso after Soy, Corn",Macri Elected New President of Argentina Good News for Ag Sector,Cotton Third Most Important Crop in Mato Grosso after Soy Corn,"Macri Elected New President of Argentina, Good News for Ag Sector",Brazil Fertilizer Delivery Down 6.4% Year-On-Year,Wet Weather in Southern Brazil Slows the Sugarcane Harvest,Delayed Rains Offers Opportunity to Plant Soy in Central Brazil,Cash IH Offers Incentive Program for 1st Time Brazilian Buyers,,"3,66",1,1
2015-11-30,Wetness and Soybean Rust Worries Farmers in Rio Grande do Sul,Freight Costs in Mato Grosso Increase due to New Tolls,Heavy Rains Impacting Crops in Parana,Brazil Announces Reduction in the Crop Insurance Program,Brazilian Farmer's Innovative Solution to Lack of Grain Storage,Rio Grande do Sul Reports Most Cases of Soybean Rust in Brazil,Dry Weather in Brazil Forcing Farmers to make Difficult Decisions,Mato Grosso Expected to Double Corn Production in Ten Years,Aggressive Forward Contracting by Brazilian Farmers Slows,,"3,75",1,0
2015-12,Weaker Currency Buoys Domestic Commodity Prices in Brazil,Brazil Farmers Waiting Until Harvest Complete to Continue Selling,Millet is an Alternative to Corn or Sorghum in Northeastern Brazil,Northern Arc of Ports in Brazil Increase Grain Exports by 50%,Agricultural Chemical Sales in Brazil Decline 23% in 2015,Lower Taxes & Devalued Currency to Spur Grain Sales in Argentina,Hot and Dry Weather Impacting Soybean Production in Mato Grosso,2015/16 Brazilian Soybean Production Unchanged at 99.0 mt,Conab Increases Brazilian Soybean Estimate in December Report,Chinese and Brazilian Delegations Discuss Soybean Production,"3,66",0,-1
2015-12,Slow Start to Soy Harvest in Mato Grosso 1st Case of Rust Confirmed,Early Soybean Harvest Underway in Select Areas of Brazil,Weaker Currency Buoys Domestic Commodity Prices in Brazil,Brazil Farmers Waiting Until Harvest Complete to Continue Selling,Farmers in Piaui ask for Waver to Plant Soybeans Later than Normal,Imea Rates 43% of Mato Grosso's Soybeans as Poor to Very Poor,Northern Arc of Ports in Brazil Increase Grain Exports by 50%,Farms in Brazil Want Deadline for Soy Planting Extended 30 Days,Soybeans in Mato Grosso under Moisture Stress,Agricultural Chemical Sales in Brazil Decline 23% in 2015,"8,72",0,-1
2015-12-03,Wetness and Soybean Rust Worries Farmers in Rio Grande do Sul,Port of Paranagua Increases Grain Exports despite Excess Rainfall,2015 Wheat Crop in Rio Grande do Sul ends up very Disappointing,Dry Weather in Brazil Forcing Farmers to make Difficult Decisions,Mato Grosso Expected to Double Corn Production in Ten Years,Electrical Rates Double for Brazilian Farmers,,,,,"3,76",1,0
2015-12-06,Port of Paranagua Increases Grain Exports despite Excess Rainfall,Chinese and Brazilian Delegations Discuss Soybean Production,Imea Estimates that 3.1% of Soybeans in Mato Grosso Replanted,2015 Wheat Crop in Rio Grande do Sul ends up very Disappointing,Livestock Producers in S. Brazil Worried about low Corn Production,Electrical Rates Double for Brazilian Farmers,,,,,"3,75",0,0
2015-12-09,Conab Increases Brazilian Soybean Estimate in December Report,Imea Estimates that 3.1% of Soybeans in Mato Grosso Replanted,Chinese and Brazilian Delegations Discuss Soybean Production,Livestock Producers in S. Brazil Worried about low Corn Production,Electrical Rates Double for Brazilian Farmers,,,,,,"3,77",0,-1
2015-12-12,Conab Increases Brazilian Soybean Estimate in December Report,Northeastern Brazil Suffering from Hot and Dry Weather,Lower Taxes & Devalued Currency to Spur Grain Sales in Argentina,2015/16 Brazilian Soybean Production Unchanged at 99.0 mt,Hot and Dry Weather Impacting Soybean Production in Mato Grosso,,,,,,"3,75",0,-1
2015-12-18,Number of Rust Cases in Brazil Four Times the Five-Year Average,Agricultural Chemical Sales in Brazil Decline 23% in 2015,Lower Taxes & Devalued Currency to Spur Grain Sales in Argentina,Soybeans in Mato Grosso under Moisture Stress,Northeastern Brazil Suffering from Hot and Dry Weather,Farms in Brazil Want Deadline for Soy Planting Extended 30 Days,,,,,"3,69",0,-1
2015-12-21,Soybeans in Mato Grosso under Moisture Stress,Farms in Brazil Want Deadline for Soy Planting Extended 30 Days,Agricultural Chemical Sales in Brazil Decline 23% in 2015,Number of Rust Cases in Brazil Four Times the Five-Year Average,,,,,,,"3,67",0,-1
2015-12-24,El Nino Induced Dry Weather impacting Amazon Rainforest,Imea Rates 43% of Mato Grosso's Soybeans as Poor to Very Poor,"Flooding Hits Borders of Brazil, Argentina, Paraguay, and Uruguay",Flooding Hits Borders of Brazil Argentina Paraguay and Uruguay,Northern Arc of Ports in Brazil Increase Grain Exports by 50%,,,,,,"3,62",0,-1
2015-12-27,Farmers in Piaui ask for Waver to Plant Soybeans Later than Normal,"Flooding Hits Borders of Brazil, Argentina, Paraguay, and Uruguay",El Nino Induced Dry Weather impacting Amazon Rainforest,Northern Arc of Ports in Brazil Increase Grain Exports by 50%,Flooding Hits Borders of Brazil Argentina Paraguay and Uruguay,Early Harvest Underway for Irrigated Soybeans in Mato Grosso,Imea Rates 43% of Mato Grosso's Soybeans as Poor to Very Poor,,,,"3,6",0,-1
2015-12-30,Early Harvest Underway for Irrigated Soybeans in Mato Grosso,Brazil Farmers Waiting Until Harvest Complete to Continue Selling,Imea Rates 43% of Mato Grosso's Soybeans as Poor to Very Poor,Millet is an Alternative to Corn or Sorghum in Northeastern Brazil,Farmers in Piaui ask for Waver to Plant Soybeans Later than Normal,,,,,,"3,56",0,0
2016-01,Conab Lowers Brazilian Soybean Estimate Increases Corn Estimate,Minister of Agriculture asked to Step up Efforts to Control Soy Rust,Brazil Soybean Harvest 4% Two Points Behind Last Year,Corn Prices in Rio Grande do Sul are 45% Higher than Last Year,30% of the Soybeans in Mato Grosso Rated Poor to Very Poor,Brazil Soybean Harvest Starts Slowly with 1.5% Harvested,Brazil to Sell Corn Stocks to ease Shortages in Southern Brazil,Wet Weather Slows Soy Harvest in Mato Grosso Poor Seed Quality,Record Exports from Paranagua no Soybeans have arrived as Yet,Freight Rates Increase due to Devalued Brazilian Currency,"8,71",0,0
2016-01,Brazil's Corn Auction did Little to Relieve Tight Supplies,Conab Lowers Brazilian Soybean Estimate Increases Corn Estimate,Safrinha Corn Prospects Improving in Brazil,Brazil to have Seven Corn-Based Ethanol Facilities by end of 2016,Corn Prices in Rio Grande do Sul are 45% Higher than Last Year,Brazilian Governmental Auction of Corn set for February 1st,Brazil to Sell Corn Stocks to ease Shortages in Southern Brazil,Changeable Weather Impacting Brazilian Crops,Freight Rates Increase due to Devalued Brazilian Currency,Early Yield Reports of Brazilian Soybeans are Generally Sub-Par,"3,63",0,0
2016-01-02,Weaker Currency Buoys Domestic Commodity Prices in Brazil,Welcomed Rains Falling in Central and Northeastern Brazil,"Slow Start to Soy Harvest in Mato Grosso, 1st Case of Rust Confirmed",Slow Start to Soy Harvest in Mato Grosso 1st Case of Rust Confirmed,Brazil Farmers Waiting Until Harvest Complete to Continue Selling,Early Soybean Harvest Underway in Select Areas of Brazil,Millet is an Alternative to Corn or Sorghum in Northeastern Brazil,Four States in Southern Brazil Account for 90% of Rust Cases,,,"3,54",1,0
2016-01-05,"Slow Start to Soy Harvest in Mato Grosso, 1st Case of Rust Confirmed",Four States in Southern Brazil Account for 90% of Rust Cases,Brazil Farmers Waiting Until Harvest Complete to Continue Selling,Ag Performed Well in Brazil in 2015 Future less Certain for 2016,"Ag Performed Well in Brazil in 2015, Future less Certain for 2016",Early Soybean Harvest Underway in Select Areas of Brazil,Weaker Currency Buoys Domestic Commodity Prices in Brazil,Welcomed Rains Falling in Central and Northeastern Brazil,Slow Start to Soy Harvest in Mato Grosso 1st Case of Rust Confirmed,,"3,54",1,1
2016-01-08,Imea Lowered Soybean Estimate for Mato Grosso,Relatively Slow Start to Soybean Harvesting in Brazil,Safrinha Corn Planting to Start in Brazil Later This Week,Slow Start to Soy Harvest in Mato Grosso 1st Case of Rust Confirmed,20% of the Cotton Acreage in Mato Grosso has been Planted,Ag Performed Well in Brazil in 2015 Future less Certain for 2016,"Slow Start to Soy Harvest in Mato Grosso, 1st Case of Rust Confirmed","Ag Performed Well in Brazil in 2015, Future less Certain for 2016",Some Farmers in Mato Grosso will not Fulfill their Contracts,Strong Corn Exports Worry Livestock Producers in Southern Brazil,"3,56",1,1
2016-01-11,20% of the Cotton Acreage in Mato Grosso has been Planted,Imea Lowers Safrinha Corn Estimate for Mato Grosso,Soy Rust Control must be 85% Effective or Farmers will lose Money,Safrinha Corn Planting to Start in Brazil Later This Week,Strong Corn Exports Worry Livestock Producers in Southern Brazil,Ag Performed Well in Brazil in 2015 Future less Certain for 2016,Relatively Slow Start to Soybean Harvesting in Brazil,Some Farmers in Mato Grosso will not Fulfill their Contracts,Imea Lowered Soybean Estimate for Mato Grosso,"Ag Performed Well in Brazil in 2015, Future less Certain for 2016","3,58",1,1
2016-01-14,Early Yield Reports of Brazilian Soybeans are Generally Sub-Par,Brazilian Soybean Harvest Starts Slow - 0.5% Harvested,Changeable Weather Impacting Brazilian Crops,Safrinha Corn Planting to Start in Brazil Later This Week,Freight Rates Increase due to Devalued Brazilian Currency,Early Soybean Harvest in Parana Slowed by Wet Weather,Imea Lowers Safrinha Corn Estimate for Mato Grosso,Soy Rust Control must be 85% Effective or Farmers will lose Money,Strong Corn Exports Worry Livestock Producers in Southern Brazil,,"3,64",1,0
2016-01-17,"Record Exports from Paranagua, no Soybeans have arrived as Yet",Brazilian Soybean Harvest Starts Slow - 0.5% Harvested,Mato Grosso has Largest Cattle Herd in Brazil,Record Exports from Paranagua no Soybeans have arrived as Yet,"Wet Weather Slows Soy Harvest in Mato Grosso, Poor Seed Quality",Early Yield Reports of Brazilian Soybeans are Generally Sub-Par,Changeable Weather Impacting Brazilian Crops,Freight Rates Increase due to Devalued Brazilian Currency,Wet Weather Slows Soy Harvest in Mato Grosso Poor Seed Quality,,"3,68",1,0
2016-01-20,Record Exports from Paranagua no Soybeans have arrived as Yet,Brazil Soybean Harvest Starts Slowly with 1.5% Harvested,Freight Rates Increase due to Devalued Brazilian Currency,"Record Exports from Paranagua, no Soybeans have arrived as Yet",Mato Grosso has Largest Cattle Herd in Brazil,Wet Weather Slows Soy Harvest in Mato Grosso Poor Seed Quality,Brazil to Sell Corn Stocks to ease Shortages in Southern Brazil,"Wet Weather Slows Soy Harvest in Mato Grosso, Poor Seed Quality",Changeable Weather Impacting Brazilian Crops,,"3,69",1,0
2016-01-23,Brazil Soybean Harvest Starts Slowly with 1.5% Harvested,Brazil to Sell Corn Stocks to ease Shortages in Southern Brazil,Brazilian Governmental Auction of Corn set for February 1st,Rainfall in Northeastern Brazil goes from Scant to Excessive,Safrinha Cotton Planting Slow in Mato Grosso,Brazil's Tiete-Parana Waterway Reopens for Barges after Two Years,Corn Prices in Rio Grande do Sul are 45% Higher than Last Year,30% of the Soybeans in Mato Grosso Rated Poor to Very Poor,,,"3,69",1,0
2016-01-26,Brazil Announces Credit for Early Purchases of Inputs for 2016/17,Rainfall in Northeastern Brazil goes from Scant to Excessive,Brazil Soybean Harvest Starts Slowly with 1.5% Harvested,Safrinha Cotton Planting Slow in Mato Grosso,Brazil's Tiete-Parana Waterway Reopens for Barges after Two Years,Brazilian Governmental Auction of Corn set for February 1st,30% of the Soybeans in Mato Grosso Rated Poor to Very Poor,Corn Prices in Rio Grande do Sul are 45% Higher than Last Year,,,"3,69",0,0
2016-02,High Corn Prices Reduce Buying Power of Poultry Producers,Record Corn Exports result in Strong Domestic Corn Prices in Brazil,Moving Grain North in Brazil could save US$ 47-60 Per Ton,Safrinha Corn Planting in Mato Grosso Reaches 65%,Farmers in Central Brazil face Higher Freight Costs and New Tolls,Spring Planting May Start Early in the Western Corn Belt,Governor of Goias Reverses Course - No Taxes on Grain Exports,Brazil Could Double Soybean Production in Cerrado Area,Safrinha Corn Planting Progressing Quickly in Brazil,Livestock producers in Santa Catarina want Relief from high Corn Prices,"3,65",0,0
2016-02,High Corn Prices Reduce Buying Power of Poultry Producers,Record Corn Exports result in Strong Domestic Corn Prices in Brazil,Farmers in Central Brazil face Higher Freight Costs and New Tolls,Soy in NE Brazil Continue to Suffer Under Hot and Dry Conditions,Tolls as High as $1.00 per Bushel for Soybeans Leaving Mato Grosso,Brazil Could Double Soybean Production in Cerrado Area,Livestock producers in Santa Catarina want Relief from high Corn Prices,Large Lineup of Vessel in Brazil Waiting for Soybeans,Goias Soybeans 40% Harvested with an Average Yield of 47.8 bu/ac,Parana Soybeans 41% Harvested Safrinha Corn 60% Planted,"8,77",0,0
2016-02-01,Minister of Agriculture asked to Step up Efforts to Control Soy Rust,Brazil to have Seven Corn-Based Ethanol Facilities by end of 2016,Dryer Weather in Argentine Starting to be a Concern,Safrinha Corn Prospects Improving in Brazil,Brazil Announces Credit for Early Purchases of Inputs for 2016/17,Brazil Soybean Harvest 4% Two Points Behind Last Year,"Brazil Soybean Harvest 4%, Two Points Behind Last Year",,,,"3,7",0,-1
2016-02-07,White Flies becoming a bigger Concern for Cotton Farmers in Brazil,"""Grain Railroad"" to link Mato Grosso with the Amazon River",Brazil's Corn Auction did Little to Relieve Tight Supplies,Why are Argentine Farmers Slow Sellers of their Stored Soybeans,Dryer Weather aids Soybean Harvest in Mato Grosso,More Brazilian Soybeans will be Exported out of Northern Ports,"Proposed ""Corn Railroad"" would link Central and Southern Brazil",,,,"3,6",1,0
2016-02-10,"""Grain Railroad"" to link Mato Grosso with the Amazon River",Why are Argentine Farmers Slow Sellers of their Stored Soybeans,White Flies becoming a bigger Concern for Cotton Farmers in Brazil,"Proposed ""Corn Railroad"" would link Central and Southern Brazil",More Brazilian Soybeans will be Exported out of Northern Ports,State of Goias Authorizes a Tax on Grain Exports from the State,Dryer Weather aids Soybean Harvest in Mato Grosso,,,,"3,61",1,0
2016-02-13,"Parana Soybeans 41% Harvested, Safrinha Corn 60% Planted",Parana Soybeans 41% Harvested Safrinha Corn 60% Planted,Brazil Soybean Harvest 16% Complete,30% of Soybeans in Mato Grosso Followed by Second Crop of Corn,Goias Soybeans 40% Harvested with an Average Yield of 47.8 bu/ac,State of Goias Authorizes a Tax on Grain Exports from the State,,,,,"3,65",0,0
2016-02-16,Parana Soybeans 41% Harvested Safrinha Corn 60% Planted,Brazil Soybean Harvest 16% Complete,Goias Soybeans 40% Harvested with an Average Yield of 47.8 bu/ac,Bioelectricity Supplies 10% of Brazils Electrical Needs,State of Goias Authorizes a Tax on Grain Exports from the State,"Parana Soybeans 41% Harvested, Safrinha Corn 60% Planted",30% of Soybeans in Mato Grosso Followed by Second Crop of Corn,,,,"3,66",0,-1
2016-02-19,Livestock producers in Santa Catarina want Relief from high Corn Prices,Large Lineup of Vessel in Brazil Waiting for Soybeans,"Brazilian Farmers Fear the ""Kirchnerization"" of Brazil",Safrinha Corn Planting Progressing Quickly in Brazil,Bioelectricity Supplies 10% of Brazils Electrical Needs,Goias Soybeans 40% Harvested with an Average Yield of 47.8 bu/ac,Brazil Could Double Soybean Production in Cerrado Area,,,,"3,63",0,-1
2016-02-25,Governor of Goias Reverses Course - No Taxes on Grain Exports,Traffic on BR-163 in Mato Grosso Increasing as Harvest Progresses,Tolls as High as $1.00 per Bushel for Soybeans Leaving Mato Grosso,Spring Planting May Start Early in the Western Corn Belt,Soy in NE Brazil Continue to Suffer Under Hot and Dry Conditions,Brazil Could Double Soybean Production in Cerrado Area,Biomass Pellets Could Become Newest Commodity from Brazil,Safrinha Corn Planting Progressing Quickly in Brazil,,,"3,57",1,0
2016-02-28,Biomass Pellets Could Become Newest Commodity from Brazil,Moving Grain North in Brazil could save US$ 47-60 Per Ton,Tolls as High as $1.00 per Bushel for Soybeans Leaving Mato Grosso,Spring Planting May Start Early in the Western Corn Belt,Governor of Goias Reverses Course - No Taxes on Grain Exports,Soy in NE Brazil Continue to Suffer Under Hot and Dry Conditions,Record Corn Exports result in Strong Domestic Corn Prices in Brazil,Farmers in Central Brazil face Higher Freight Costs and New Tolls,Safrinha Corn Planting in Mato Grosso Reaches 65%,,"3,57",1,0
2016-03,Domestic Corn Prices in Brazil Continue Strong,Brazil and Argentina increase use of Biofuels,U.S. Corn Acreage may be lower than Prospective Plantings Report,More of Mato Grosso's Soybeans Exported out of Amazon River,Harvest in Mato Grosso 92% Complete More Soybeans Move North,Brazil's Wheat Production could Increase in Spite of Lower Acreage,Mato Grosso Shipping Equivalent of One Vessel of Soybeans per Day,Costs Increasing in Brazil Farmers Purchasing Inputs for Next Year,Brazilian Soybean Crop 67% Harvested 2% behind Last Year,Tight Supplies Result in Record High Corn Prices in Southern Brazil,"8,71",0,0
2016-03,Domestic Corn Prices in Brazil Continue Strong,Brazil and Argentina increase use of Biofuels,Brazilian Corn Losing Competitiveness against U.S. and Argentina,U.S. Corn Acreage may be lower than Prospective Plantings Report,With Depleted Corn Stocks Brazil Risks Running out of Corn,Brazil's Wheat Production could Increase in Spite of Lower Acreage,Brazil Importing Corn for Livestock Sector in Southern Brazil,Costs Increasing in Brazil Farmers Purchasing Inputs for Next Year,Tight Supplies Result in Record High Corn Prices in Southern Brazil,Wheat Acreage in Brazil may Decline again in 2016,"3,6",0,-1
2016-03-05,Farmers in Parana ask for an Extension to Plant their Safrinha Corn,Mato Grosso Farmers have Sold 66% of their Soy 60% of their Corn,High Corn Prices Reduce Buying Power of Poultry Producers,Irrigated Acreage in Brazil Could Expand 5-7 Times Current Level,Conab Increases Brazil Soybean and Corn Production Slightly,Soybean Harvest in Parana 65% Safrinha Corn 83% Planted,Political Turmoil in Brazil not Good News for Brazilian Agriculture,"Mato Grosso Farmers have Sold 66% of their Soy, 60% of their Corn","Soybean Harvest in Parana 65%, Safrinha Corn 83% Planted",,"3,61",1,1
2016-03-08,"Soybean Harvest in Parana 65%, Safrinha Corn 83% Planted",Political Turmoil in Brazil not Good News for Brazilian Agriculture,Ag Chemical Sales in Brazil Declines 21.5% in 2015,"Mato Grosso Farmers have Sold 66% of their Soy, 60% of their Corn",Irrigated Acreage in Brazil Could Expand 5-7 Times Current Level,Soybean Harvest in Parana 65% Safrinha Corn 83% Planted,Mato Grosso Farmers have Sold 66% of their Soy 60% of their Corn,Farmers in Parana ask for an Extension to Plant their Safrinha Corn,Conab Increases Brazil Soybean and Corn Production Slightly,,"3,63",1,1
2016-03-11,Second Half of March should be Dryer in much of Brazil,Safrinha Corn Crop in Parana rated 97% in Good Condition,Spring Planting May Start Earlier Than Normal in Midwest,Soybean Yields Reduced in Northeastern Brazil due to Dry Weather,Conab Increases Brazil Soybean and Corn Production Slightly,Safrinha Corn in Mato Grosso 93.6% Planted,Ag Chemical Sales in Brazil Declines 21.5% in 2015,Brazil Soybean Harvest Passes 50%,,,"3,68",1,0
2016-03-14,Safrinha Corn in Mato Grosso 93.6% Planted,Safrinha Corn Crop in Parana rated 97% in Good Condition,Spring Planting May Start Earlier Than Normal in Midwest,Second Half of March should be Dryer in much of Brazil,Brazil Soybean Harvest Passes 50%,Soybean Yields Reduced in Northeastern Brazil due to Dry Weather,Ag Chemical Sales in Brazil Declines 21.5% in 2015,,,,"3,68",1,0
2016-03-17,Soybean Yields Reduced in Northeastern Brazil due to Dry Weather,Wheat Acreage in Brazil may Decline again in 2016,Brazilian Millers Importing Paraguayan Wheat,Mato Grosso Farmers start Purchasing Inputs for Next Crop,Second Half of March should be Dryer in much of Brazil,Safrinha Corn Crop in Parana rated 97% in Good Condition,What does the Political Turmoil mean for Brazilian Agriculture,Agricultural Officials from U.S. Government and Mato Grosso Meet,,,"3,69",1,0
2016-03-23,Tight Supplies Result in Record High Corn Prices in Southern Brazil,"Costs Increasing in Brazil, Farmers Purchasing Inputs for Next Year",Brazilian Soybean Crop 67% Harvested 2% behind Last Year,Brazilian Millers Importing Paraguayan Wheat,Costs Increasing in Brazil Farmers Purchasing Inputs for Next Year,Mato Grosso Farmers start Purchasing Inputs for Next Crop,Lack of On-Farm Storage Hurts Brazilian Farmers,Brazilian Farmers Look for Alternative Financing,Soybeans in Southern Mato Grosso do Sul Impacted by Wet Weather,"Brazilian Soybean Crop 67% Harvested, 2% behind Last Year","3,7",0,-1
2016-03-26,Costs Increasing in Brazil Farmers Purchasing Inputs for Next Year,"Port of Paranagua in Brazil Inaugurates new ""Super Berth""",Brazilian Soybean Crop 67% Harvested 2% behind Last Year,Spring Planting in the United States,"Costs Increasing in Brazil, Farmers Purchasing Inputs for Next Year",Lack of On-Farm Storage Hurts Brazilian Farmers,Hog Producers in Southern Brazil fear Industry Collapse,"Brazilian Soybean Crop 67% Harvested, 2% behind Last Year",Brazil's Wheat Production could Increase in Spite of Lower Acreage,Mato Grosso Shipping Equivalent of One Vessel of Soybeans per Day,"3,63",0,0
2016-04,Wheat Production to Increase in Argentina Decrease in Brazil,Argentina Lost 7.5% of its Soybean Acreage to Flooding,Estimates for Brazil's Safrinha Corn Continue to Decline,2015/16 Argentine Soybeans Lowered 1.0 mt to 56.0 Million Tons,Wheat Acreage in Parana Continues to Decline,Flooding Causes Extensive Damage to Argentine Soybean Crop,2015/16 Uruguay Soybean Estimate Lowered 0.5 mt to 2.5 Million,2016/17 South American Soybean Crop could face Hurdles,2015/16 South American Soybean Production now Below Last Year,2015/16 Will be Last Safrinha Soybean Crop in Parana,"9,06",1,1
2016-04,Wheat Production to Increase in Argentina Decrease in Brazil,Estimates for Brazil's Safrinha Corn Continue to Decline,Brazil's Safrinha Corn Impacted by Adverse Weather,Wheat Acreage in Parana Continues to Decline,Railroads expand their share of Grain Transport in Brazil,Safrinha Corn in Brazil Receives Welcomed Rain and Cooler Temps,2015/16 South American Soybean Production now Below Last Year,U.S. Corn Planting is 30% Complete well Ahead of the 16% Average,Brazil's Safrinha Corn Continues to Suffers from Hot Dry Weather,Grain Exchange in Argentina lowers Soy Crop 4 mt to 56 Million,"3,64",1,1
2016-04-01,With Depleted Corn Stocks Brazil Risks Running out of Corn,Brazil's Wheat Production could Increase in Spite of Lower Acreage,"Harvest in Mato Grosso 92% Complete, More Soybeans Move North",More of Mato Grosso's Soybeans Exported out of Amazon River,Harvest in Mato Grosso 92% Complete More Soybeans Move North,Brazilian Corn Losing Competitiveness against U.S. and Argentina,"Port of Paranagua in Brazil Inaugurates new ""Super Berth""",U.S. Corn Acreage may be lower than Prospective Plantings Report,Brazil and Argentina increase use of Biofuels,,"3,57",1,1
2016-04-07,U.S. Corn 4% Planted Equal to Average Pace,Agricultural Products account for 52% of Brazil's exports in March,Brazilian Corn Losing Competitiveness against U.S. and Argentina,Domestic Corn Prices in Brazil Continue Strong,Ag Products Account for One-third of Brazil Current Exports,Hot and Dry Weather in Central Brazil could impact Safrinha Corn,"Promising a Railroad is a ""Smoke Screen"" for not Fixing BR- 163","Conab April Report - Soybean Production Lower, Corn Higher","U.S. Corn 4% Planted, Equal to Average Pace",Brazil and Argentina increase use of Biofuels,"3,63",1,1
2016-04-13,La Nina Correlates with Potential Drought in Southern Brazil,Speculation grows that Brazil could Import U.S. Corn,U.S. Corn 4% Planted Equal to Average Pace,Hot and Dry Weather in Central Brazil could impact Safrinha Corn,"Paraguay Farmers Pleased with Soybean Yields, but not Prices","U.S. Corn 4% Planted, Equal to Average Pace",March Fertilizer Imports in Brazil up 24% Compared to February,Brazilian Currency Fluctuating Wildly on Impeachment Prospects,Brazil's Lower House Votes in favor of Starting Impeachment,Dry Weather Worries Safrinha Corn Producers in Brazil,"3,78",1,0
2016-04-16,"Uruguay Soybeans Impacted by Heavy Rains, Est. Lowered 0.5 mt",2015/16 Argentina Soy Lowered 1.5 mt due to Extensive Flooding,Hot and Dry Weather Impacting Safrinha Corn in Parana,Uruguay Soybeans Impacted by Heavy Rains Est. Lowered 0.5 mt,Speculation grows that Brazil could Import U.S. Corn,2015/16 Brazil Corn Estimate Lowered 1.0 mt to 82.0 Million,Brazil's 8-10% Import Tariff for Corn Suspended for Six Months,Brazil's Lower House Votes in favor of Starting Impeachment,Brazilian Currency Fluctuating Wildly on Impeachment Prospects,Grain Exchange in Argentina lowers Soy Crop 4 mt to 56 Million,"3,83",1,0
2016-04-19,Brazil's Safrinha Corn Continues to Suffers from Hot Dry Weather,Hot and Dry Weather Impacting Safrinha Corn in Parana,Uruguay Soybeans Impacted by Heavy Rains Est. Lowered 0.5 mt,2015/16 Brazil Corn Estimate Lowered 1.0 mt to 82.0 Million,"Brazil's Safrinha Corn Continues to Suffers from Hot, Dry Weather",Brazilian Currency Fluctuating Wildly on Impeachment Prospects,Grain Exchange in Argentina lowers Soy Crop 4 mt to 56 Million,2015/16 Argentina Soy Lowered 1.5 mt due to Extensive Flooding,Brazil's 8-10% Import Tariff for Corn Suspended for Six Months,"Uruguay Soybeans Impacted by Heavy Rains, Est. Lowered 0.5 mt","3,82",1,1
2016-04-25,Safrinha Corn in Brazil Receives Welcomed Rain and Cooler Temps,2015/16 Will be Last Safrinha Soybean Crop in Parana,Widespread Frosts and Freezing Temperatures hit Southern Brazil,2016/17 South American Soybean Crop could face Hurdles,U.S. Corn Planting is 30% Complete well Ahead of the 16% Average,"U.S. Corn Planting is 30% Complete, well Ahead of the 16% Average","Brazil's Safrinha Corn Continues to Suffers from Hot, Dry Weather",2015/16 South American Soybean Production now Below Last Year,Flooding Causes Extensive Damage to Argentine Soybean Crop,2015/16 Uruguay Soybean Estimate Lowered 0.5 mt to 2.5 Million,"3,85",0,0
2016-04-28,2015/16 Argentine Soybeans Lowered 1.0 mt to 56.0 Million Tons,Railroads expand their share of Grain Transport in Brazil,Flooding Causes Extensive Damage to Argentine Soybean Crop,Safrinha Corn in Brazil Receives Welcomed Rain and Cooler Temps,2015/16 Uruguay Soybean Estimate Lowered 0.5 mt to 2.5 Million,Wheat Acreage in Parana Continues to Decline,Brazil's Safrinha Corn Impacted by Adverse Weather,Widespread Frosts and Freezing Temperatures hit Southern Brazil,,,"3,86",0,-1
2016-05,Domestic Soybean Prices Surge in Brazil,Estimates of the Safrinha Corn Crop in Brazil Continue to Decline,Soybean Prices at Brazilian Ports could hit R$ 100 Per Sack,U.S. Corn Planting 94% Soy 73% Both Slightly Ahead of Average,Trip Report - Indiana and Western Ohio,Initial 2016 U.S. Corn Production Estimate - 14.0 Billion Bushels,Initial 2016 U.S. Soybean Production Estimate - 3.88 Billion Bushels,Conab Indicated Brazil's Corn and Soy Exports need to Slow Down,"Strong Corn Prices in Brazil could result in ""Washouts"" in late 2016",Brazil's Cotton Production to Decline 7.8% and Probably More,"10,01",1,1
2016-05,Frost in Southern Brazil could impact Safrinha Corn in Parana,Domestic Soybean Prices Surge in Brazil,Poultry Producers in Parana lose Birds due to lack of Corn,Estimates of the Safrinha Corn Crop in Brazil Continue to Decline,Soybean Prices at Brazilian Ports could hit R$ 100 Per Sack,U.S. Corn Planting 94% Soy 73% Both Slightly Ahead of Average,Trip Report - Indiana and Western Ohio,Corn Scarcity points to Lack of Grain Storage in Brazil,Chickens Dying of Starvation in Parana for lack of Corn,Two More Harvests Needed to Stabilize Corn Situation in Brazil,"3,79",1,1
2016-05-04,Estimates for Brazil's Safrinha Corn Continue to Decline,"Brazil\'s 2016/17 Harvest Plan Viewed as ""Timid"" by Farmers","Brazil's 2016/17 Harvest Plan Viewed as ""Timid"" by Farmers",Brazil's 2016/17 Harvest Plan has Higher Interest Rates,Wheat Production to Increase in Argentina Decrease in Brazil,Argentina Lost 7.5% of its Soybean Acreage to Flooding,Brazilian Industry Proposes Biodiesel Blend of 20% to 30% Veg Oil,2015/16 Argentine Soybeans Lowered 1.0 mt to 56.0 Million Tons,,,"3,76",1,1
2016-05-07,Officials in Brazil Worried that this might be a Bad Fire Season,"Strong Corn Prices in Brazil could result in ""Washouts"" in late 2016",Conab Lowers Brazil's 2015/16 Soybean and Corn Crops,Wheat Production to Increase in Argentina Decrease in Brazil,Farmers in Mato Grosso must Finish Soy Harvesting by May 20th,"Brazil\'s 2016/17 Harvest Plan Viewed as ""Timid"" by Farmers","Brazil's 2016/17 Harvest Plan Viewed as ""Timid"" by Farmers",Brazil's Cotton Production to Decline 7.8% and Probably More,,,"3,81",1,1
2016-05-13,Initial 2016 U.S. Soybean Production Estimate - 3.88 Billion Bushels,Brazil's Cotton Production to Decline 7.8% and Probably More,Conab Indicated Brazil's Corn and Soy Exports need to Slow Down,Government Owned Corn Stocks in Brazil Equate to 6 Day Supply,Safrinha Corn Yields in Mato Grosso Worse in 5 Years,Blairo Maggi Leads New Agricultural Administration in Brazil,Initial 2016 U.S. Corn Production Estimate - 14.0 Billion Bushels,"Strong Corn Prices in Brazil could result in ""Washouts"" in late 2016",,,"3,94",1,1
2016-05-16,Conab Indicated Brazil's Corn and Soy Exports need to Slow Down,Safrinha Corn Yields in Mato Grosso Worse in 5 Years,Blairo Maggi Leads New Agricultural Administration in Brazil,Government Owned Corn Stocks in Brazil Equate to 6 Day Supply,Argentina now has Opportunity to Improve Lagging Infrastructure,Initial 2016 U.S. Corn Production Estimate - 14.0 Billion Bushels,Initial 2016 U.S. Soybean Production Estimate - 3.88 Billion Bushels,,,,"3,95",1,1
2016-05-19,U.S. Corn 86% Planted vs. Average of 85%,Brazil importing more Wheat to keep the Mills Running,Explaining Brazil's Growing Seasons and Marketing Years,Mato Grosso Farmers have purchased 55% of next Year's Inputs,Argentina now has Opportunity to Improve Lagging Infrastructure,Safrinha Corn Yields in Mato Grosso Worse in 5 Years,Government Owned Corn Stocks in Brazil Equate to 6 Day Supply,First Nationwide Corn Condition Should be less than Last Year,,,"3,97",1,1
2016-05-22,Explaining Brazil's Growing Seasons and Marketing Years,Chickens Dying of Starvation in Parana for lack of Corn,Two More Harvests Needed to Stabilize Corn Situation in Brazil,Brazil importing more Wheat to keep the Mills Running,Brazilian Poultry and Hog Producers being squeezed on all Sides,Mato Grosso Farmers have purchased 55% of next Year's Inputs,U.S. Corn 86% Planted vs. Average of 85%,First Nationwide Corn Condition Should be less than Last Year,,,"4,04",1,1
2016-05-25,Brazil importing more Wheat to keep the Mills Running,Corn Scarcity points to Lack of Grain Storage in Brazil,Mato Grosso Farmers have purchased 55% of next Year's Inputs,Two More Harvests Needed to Stabilize Corn Situation in Brazil,Chickens Dying of Starvation in Parana for lack of Corn,Situation for Hog Producers in Brazil should Start Improving,Brazilian Poultry and Hog Producers being squeezed on all Sides,,,,"4,08",1,1
2016-05-28,Situation for Hog Producers in Brazil should Start Improving,Estimates of the Safrinha Corn Crop in Brazil Continue to Decline,U.S. Corn Planting 94% Soy 73% Both Slightly Ahead of Average,Corn Scarcity points to Lack of Grain Storage in Brazil,"U.S. Corn Planting 94%, Soy 73%, Both Slightly Ahead of Average",Soybean Prices at Brazilian Ports could hit R$ 100 Per Sack,Producers in Parana to Reduce 2016 Wheat Acreage by 15%,,,,"4,13",1,1
2016-05-31,Soybean Prices at Brazilian Ports could hit R$ 100 Per Sack,Corn Scarcity points to Lack of Grain Storage in Brazil,Domestic Soybean Prices Surge in Brazil,"U.S. Corn Planting 94%, Soy 73%, Both Slightly Ahead of Average",Producers in Parana to Reduce 2016 Wheat Acreage by 15%,U.S. Corn Planting 94% Soy 73% Both Slightly Ahead of Average,Situation for Hog Producers in Brazil should Start Improving,Estimates of the Safrinha Corn Crop in Brazil Continue to Decline,Poultry Producers in Parana lose Birds due to lack of Corn,,"4,16",1,1
2016-06,Corn Prices in Brazil Remain Strong due to Lower Production,2016 U.S. Crop Conditions - Corn Steady Soybeans down 2%,Brazilian Soybean Exports Strong Corn Exports Decline,Cost of Controlling White Flies Surging in Brazil,2016 U.S. Crop Conditions - Corn Steady Soybeans down Slightly,Report Concerning Cost of Production in North & South America,Safrinha Corn Situation in Mato Grosso continues to Decline,Livestock Producers in Brazil Relieved that Corn Prices are Falling,Brazilian Farmers Continue to Report Disappointing Corn Yields,U.S. Corn Condition holds Steady Soybeans Decline Slightly,"10,96",1,1
2016-06,Corn Prices in Brazil Remain Strong due to Lower Production,Conab Slashes Brazilian Corn Estimate by 7 Million Tons,Farmers in Santa Catarina in Southern Brazil may Plant More Corn,2016 U.S. Crop Conditions - Corn Steady Soybeans down 2%,Brazilian Soybean Exports Strong Corn Exports Decline,Safrinha Corn Yields in Jatai Goias Expected to be down 40%,Cost of Controlling White Flies Surging in Brazil,2016 U.S. Crop Conditions - Corn Steady Soybeans down Slightly,2016 State Rankings for U.S. Crops,Report Concerning Cost of Production in North & South America,"4,07",1,1
2016-06-03,Domestic Soybean Prices Surge in Brazil,Frost in Southern Brazil could impact Safrinha Corn in Parana,Plant and Livestock Protection Technicians on Strike in Mato Grosso,New Port of Itaqui in Northeastern Brazil Surpassing Expectations,Estimates of the Safrinha Corn Crop in Brazil Continue to Decline,Poultry Producers in Parana lose Birds due to lack of Corn,Dollar Trading at Lowest Level in a Year Compared to Brazilian Real,U.S. Crop Conditions Improve with Warmer Weather,,,"4,26",1,0
2016-06-06,Plant and Livestock Protection Technicians on Strike in Mato Grosso,New Port of Itaqui in Northeastern Brazil Surpassing Expectations,Domestic Soybean Prices Surge in Brazil,Poultry Producers in Parana lose Birds due to lack of Corn,U.S. Crop Conditions Improve with Warmer Weather,Dollar Trading at Lowest Level in a Year Compared to Brazilian Real,Conab Reduces Soybean and Corn Estimates in June Crop Report,Frost in Southern Brazil could impact Safrinha Corn in Parana,,,"4,27",1,0
2016-06-09,Dollar Trading at Lowest Level in a Year Compared to Brazilian Real,Brazilian Livestock Producers Substituting Wheat in Feed Rations,Conab Reduces Soybean and Corn Estimates in June Crop Report,Brazilian Producers asking for Help to Meet Financial Commitments,Plant and Livestock Protection Technicians on Strike in Mato Grosso,Is Brazil's Soy Situation trending similar to Brazil's Corn Situation,Corn Priced Decline in Brazil due to Initial Harvest Pressure,,,,"4,29",0,-1
2016-06-12,Brazilian Producers asking for Help to Meet Financial Commitments,Tight Grain Supplies in Brazil could Spur Domestic Inflation,U.S. Corn Condition Steady Soybeans Improve,"U.S. Corn Condition Steady, Soybeans Improve",Brazilian Livestock Producers Substituting Wheat in Feed Rations,Record High Prices for Corn and Soy in Mato Grosso during May,Soybean-Free Period in Effect in Mato Grosso,Is Brazil's Soy Situation trending similar to Brazil's Corn Situation,Corn Priced Decline in Brazil due to Initial Harvest Pressure,,"4,32",0,-1
2016-06-15,U.S. Corn Condition Steady Soybeans Improve,Is Brazil's Soy Situation trending similar to Brazil's Corn Situation,Tax on Brazilian Grain Exports Proposed again in State Legislatures,Tight Grain Supplies in Brazil could Spur Domestic Inflation,Record High Prices for Corn and Soy in Mato Grosso during May,Cotton Production in Brazil expected to Disappoint,Soybean-Free Period in Effect in Mato Grosso,"U.S. Corn Condition Steady, Soybeans Improve",,,"4,22",0,-1
2016-06-18,Era of Cheap Corn in Brazil is over Declares Ministry of Agriculture,Cotton Production in Brazil expected to Disappoint,Tax on Brazilian Grain Exports Proposed again in State Legislatures,Brazilian Farmers Continue to Report Disappointing Corn Yields,"U.S. Corn Condition holds Steady, Soybeans Decline Slightly",Livestock Producers in Brazil Relieved that Corn Prices are Falling,U.S. Corn Condition holds Steady Soybeans Decline Slightly,,,,"3,96",0,-1
2016-06-21,Livestock Producers in Brazil Relieved that Corn Prices are Falling,Brazilian Farmers Continue to Report Disappointing Corn Yields,"U.S. Corn Condition holds Steady, Soybeans Decline Slightly",Cotton Production in Brazil expected to Disappoint,U.S. Corn Condition holds Steady Soybeans Decline Slightly,Era of Cheap Corn in Brazil is over Declares Ministry of Agriculture,Safrinha Corn Situation in Mato Grosso continues to Decline,,,,"3,89",0,-1
2016-06-24,Livestock Producers in Brazil Relieved that Corn Prices are Falling,Report Concerning Cost of Production in North & South America,"2016 U.S. Crop Conditions - Corn Steady, Soybeans down Slightly",2016 U.S. Crop Conditions - Corn Steady Soybeans down Slightly,Safrinha Corn Situation in Mato Grosso continues to Decline,Cost of Controlling White Flies Surging in Brazil,Brazil Ranks 123rd out of 140 Countries in Transport Infrastructure,2016 State Rankings for U.S. Crops,,,"3,79",0,-1
2016-06-27,"Safrinha Corn Yields in Jatai, Goias Expected to be down 40%",Safrinha Corn Yields in Jatai Goias Expected to be down 40%,Cost of Controlling White Flies Surging in Brazil,2016 State Rankings for U.S. Crops,Report Concerning Cost of Production in North & South America,Safrinha Corn Situation in Mato Grosso continues to Decline,"2016 U.S. Crop Conditions - Corn Steady, Soybeans down Slightly",2016 U.S. Crop Conditions - Corn Steady Soybeans down Slightly,Brazil Ranks 123rd out of 140 Countries in Transport Infrastructure,,"3,75",0,-1
2016-06-30,La Nina's Potential Impact in South America,Cost of Controlling White Flies Surging in Brazil,Safrinha Corn Yields in Jatai Goias Expected to be down 40%,"Safrinha Corn Yields in Jatai, Goias Expected to be down 40%","Brazilian Soybean Exports Strong, Corn Exports Decline","2016 U.S. Crop Conditions - Corn Steady, Soybeans down 2%",Brazilian Soybean Exports Strong Corn Exports Decline,2016 U.S. Crop Conditions - Corn Steady Soybeans down 2%,,,"3,54",0,0
2016-07,Brasil Trying to clear way to Import 1.5 Million Tons of U.S. corn,Freight Rates Decline in Brazil due to Excess Capacity,U.S. Corn Condition Declines 2% Soybeans Unchanged,Harvesting and Planting Corn at the Same Time in Southern S.A.,Domestic Corn Prices in Brazil continue to Surge Higher,Corn Harvest in Mato Grosso do Sul reaches 38% Yields Disappoint,Brazil could Run Out of Corn Again in Early 2017,Early Corn Planting Underway in Rio Grande do Sul,Dry Weather results in Increase in Fires in Central Brazil,Brazil's Safrinha Corn Estimates continue Declining,"3,87",0,-1
2016-07,Freight Rates Decline in Brazil due to Excess Capacity,Brazil's Soybean Acreage to Expand 1.5% in 2016/17,U.S. Corn Condition Declines 2% Soybeans Unchanged,Domestic Corn Prices in Brazil continue to Surge Higher,Dry Weather results in Increase in Fires in Central Brazil,Domestic Corn Prices in Brazil increased 8% Last Week,Brazilian Government tries to limit Corn Price Increases,Frost in Western Parana could Impact Wheat Production,Trip Report - Western Corn Belt,Argentine Government Wavering on Reduction of Soy Export Tax,"11,33",1,1
2016-07-03,"2016 U.S. Crop Conditions - Corn Steady, Soybeans down 2%",La Nina's Potential Impact in South America,Farmers in Santa Catarina in Southern Brazil may Plant More Corn,Brazilian Soybean Exports Strong Corn Exports Decline,"Brazilian Soybean Exports Strong, Corn Exports Decline",Conab Slashes Brazilian Corn Estimate by 7 Million Tons,2016 U.S. Crop Conditions - Corn Steady Soybeans down 2%,Why does the Brazilian Currency Continue to Strengthen,,,"3,47",1,1
2016-07-12,Strong Prices should encourage more Corn Acreage in Brazil,2016 U.S. Crop Conditions Improve Last Week,Argentine Government Wavering on Reduction of Soy Export Tax,Corn stocks in Mato Grosso to fall to 7-day Supply,Lower Safrinha Production Results in Lower Brazilian Corn Exports,Is It Possible that Brazil Could Run Out of Soybeans,Conab more Optimistic concerning Brazil's Wheat Production,Low Safrinha Corn Yields in Brazil should not be a Surprise,,,"3,56",0,-1
2016-07-18,Infrastructure Investment in Brazil continues to lag other Countries,Safrinha Corn Yield Variability very high in Mato Grosso,Trip Report - Western Corn Belt,Onset of La Nina could pose Problems for Brazilian Farmers,Frost in Western Parana could Impact Wheat Production,Argentine Government Wavering on Reduction of Soy Export Tax,,,,,"3,41",0,-1
2016-07-21,Domestic Corn Prices in Brazil increased 8% Last Week,Safrinha Corn Yield Variability very high in Mato Grosso,Brazilian Railroad linking Atlantic and Pacific Ocean seems Doubtful,Onset of La Nina could pose Problems for Brazilian Farmers,Venezuelans Flock to the Brazilian Border to Purchase Food,Frost in Western Parana could Impact Wheat Production,Brazilian Government tries to limit Corn Price Increases,,,,"3,34",0,-1
2016-07-24,Brazilian Government tries to limit Corn Price Increases,Venezuelans Flock to the Brazilian Border to Purchase Food,Brazilian Railroad linking Atlantic and Pacific Ocean seems Doubtful,Dry Weather results in Increase in Fires in Central Brazil,Brazil's Safrinha Corn Estimates continue Declining,Domestic Corn Prices in Brazil increased 8% Last Week,,,,,"3,34",0,-1
2016-07-27,Dry Weather results in Increase in Fires in Central Brazil,Brazilian Port of Santos sets Records for first Six Months of 2016,U.S. Crop Conditions Improve Slightly,Brazil's Safrinha Corn Estimates continue Declining,Domestic Corn Prices in Brazil increased 8% Last Week,Brazilian Wheat Development slower than Normal,,,,,"3,3",0,-1
2016-08,Tolls Increase in Brazil Farmers could Pay $ 0.90 per/bu Just in Tolls,Mato Grosso Legislator Promotes Increased use of Irrigation,U.S. Corn Condition Declines Slightly Soybeans hold Steady,Conab Lowers Brazilian Corn Production 1.5 mt in Sept. Report,Brazilian Poultry and Hog Producers React to Higher Corn Prices,Brazil May Need to Import Corn Soybeans Soy Meal and Cotton!,First Vessel of Imported Corn Arrived in Brazil Last Week,Cost of Producing Soy in Mato Grosso do Sul to increase 11%-12.5%,Weak La Nina could Impact 2016/17 South American Crops,4.2% of Safrinha Corn Acreage in Mato Grosso was Abandoned,"3,31",0,-1
2016-08,Tolls Increase in Brazil Farmers could Pay $ 0.90 per/bu Just in Tolls,Mato Grosso Legislator Promotes Increased use of Irrigation,U.S. Corn Condition Declines Slightly Soybeans hold Steady,Conab Lowers Brazilian Corn Production 1.5 mt in Sept. Report,Brazilian Poultry and Hog Producers React to Higher Corn Prices,Brazil May Need to Import Corn Soybeans Soy Meal and Cotton!,Cost of Producing Soy in Mato Grosso do Sul to increase 11%-12.5%,New Soybean Planting and Harvesting Calendar in Mato Grosso,U.S. Corn Condition Improves Slightly Soybean Condition Steady,Growing Season for Soybeans in far Northern Brazil Same as U.S.,"10,2",0,-1
2016-08-02,Enforcement of Brazil's Forestry Code is very Contentious,Brazil could Run Out of Corn Again in Early 2017,Early Corn Planting Underway in Rio Grande do Sul,Domestic Corn Prices in Brazil continue to Surge Higher,Corn Harvest in Mato Grosso do Sul reaches 38% Yields Disappoint,"Corn Harvest in Mato Grosso do Sul reaches 38%, Yields Disappoint",U.S. Crop Conditions Improve Slightly,,,,"3,24",0,0
2016-08-05,Freight Rates Decline in Brazil due to Excess Capacity,Harvesting and Planting Corn at the Same Time in Southern S.A.,"U.S. Corn Condition Declines 2%, Soybeans Unchanged",U.S. Corn Condition Declines 2% Soybeans Unchanged,Domestic Corn Prices in Brazil continue to Surge Higher,Brazil's Soybean Acreage to Expand 1.5% in 2016/17,Farmers in Rio Grande do Sul starting New Cropping Sequence,Brasil Trying to clear way to Import 1.5 Million Tons of U.S. corn,,,"3,23",1,0
2016-08-11,Farming Corporation Bom Jesus offers Creditors Land to Pay Loans,Trip Report - Indiana and western Ohio,U.S. Crop Conditions Hold Steady,Brasil Trying to clear way to Import 1.5 Million Tons of U.S. corn,Mato Grosso Governor Pushes Railroad Projects in Brasilia,Freight Rates Decline in Brazil due to Excess Capacity,Conab Lowers Brazilian Corn Estimate again in August Crop Report,Fewer Violations of Soybean-Free Ban Cited in Mato Grosso,,,"3,26",1,1
2016-08-14,Trip Report - Indiana and western Ohio,Brazilian Farmers have Slowed Soybean Selling due to Falling Prices,Conab Lowers Brazilian Corn Estimate again in August Crop Report,U.S. Crop Conditions Hold Steady,Wheat in Southern Brazil could be Impacted by Potential Frost,Farming Corporation Bom Jesus offers Creditors Land to Pay Loans,Governor of Goias voids Proposed Tax on Grain Exports,Fewer Violations of Soybean-Free Ban Cited in Mato Grosso,,,"3,3",0,0
2016-08-17,Governor of Goias voids Proposed Tax on Grain Exports,Brazilian Farmers have Slowed Soybean Selling due to Falling Prices,U.S. Corn Condition Improves Slightly Soybean Condition Steady,Trip Report - Indiana and western Ohio,Farming Corporation Bom Jesus offers Creditors Land to Pay Loans,Early Planting of the 2016/17 Full-Season Corn Underway in Brazil,Wheat in Southern Brazil could be Impacted by Potential Frost,"U.S. Corn Condition Improves Slightly, Soybean Condition Steady",Growing Season for Soybeans in far Northern Brazil Same as U.S.,,"3,32",0,-1
2016-08-26,Timing of Input Purchases Critical for Brazilian Farmers,First Vessel of Imported Corn Arrived in Brazil Last Week,Cost of Producing Soy in Mato Grosso do Sul to increase 11%-12.5%,U.S. Crop Condition Hold Steady or Improve Slightly,"Brazil May Need to Import Corn, Soybeans, Soy Meal, and Cotton!",Decision on Impeachment of Brazilian President set for this Week,Brazil May Need to Import Corn Soybeans Soy Meal and Cotton!,,,,"3,16",1,1
2016-08-29,First Vessel of Imported Corn Arrived in Brazil Last Week,Decision on Impeachment of Brazilian President set for this Week,U.S. Crop Condition Hold Steady or Improve Slightly,Brazil May Need to Import Corn Soybeans Soy Meal and Cotton!,Argentine Crop Acreage Forecast for 2016/17 Growing Season,"Brazil May Need to Import Corn, Soybeans, Soy Meal, and Cotton!",Timing of Input Purchases Critical for Brazilian Farmers,,,,"3,18",1,1
2016-09,Brazilian Cotton Production to Rebound from Disappointing 2015/16,Brazilian Commission Approves GMO Corn Imports from the U.S.,Price of Wheat in Parana below Government Minimum,Planting of Spring Crops in South America Ahead of Schedule,Reduced Corn Production in Brazil resulting in Lower Freight Rates,Increased Pork Exports helps Brazilian Hog Producers,South American Crop Production vs. the United States,2016/17 Brazil Soybean Planting 2% Argentine Corn Planting 15%,After Poor 2015/16 Cotton Acreage in Bahia to Decline another 18%,"Construction of ""Grain Railroad"" given OK by Brazilian President","3,26",0,-1
2016-09,Brazilian Cotton Production to Rebound from Disappointing 2015/16,2016/17 Brazil Soybean Estimate - 101.8 - 104.0 mt up 6.7% to 9.0%,Farmers in Mato Grosso do Sul have Planted 5.4% of their Soybeans,Price of Wheat in Parana below Government Minimum,Confirmation of Soybean Rust Puts Brazilian Farmers on Alert,Argentina Will Not Lower Soybean Export Tax Another 5%,Brazilian Scientists Find Rust Resistant Gene in Wild Soy Variety,Reduced Corn Production in Brazil resulting in Lower Freight Rates,Increased Pork Exports helps Brazilian Hog Producers,South American Crop Production vs. the United States,"9,94",0,-1
2016-09-01,"U.S. Corn Condition Declines Slightly, Soybeans hold Steady",Brazilian Poultry and Hog Producers React to Higher Corn Prices,U.S. Corn Condition Declines Slightly Soybeans hold Steady,Conab Lowers Brazilian Corn Production 1.5 mt in Sept. Report,Argentine Crop Acreage Forecast for 2016/17 Growing Season,,,,,,"3,28",1,1
2016-09-07,"U.S. Corn Condition Declines Slightly, Soybeans hold Steady",Conab Lowers Brazilian Corn Production 1.5 mt in Sept. Report,U.S. Crop Conditions Hold Steady (Again),Mato Grosso Legislator Promotes Increased use of Irrigation,U.S. Corn Condition Declines Slightly Soybeans hold Steady,Tolls Increase in Brazil Farmers could Pay $ 0.90 per/bu Just in Tolls,"Port in Brazil\'s ""Northern Arc"" ships first Vessel of Soybeans","Port in Brazil's ""Northern Arc"" ships first Vessel of Soybeans",Early Wheat Harvest off to Slow Start in Parana,"Tolls Increase in Brazil, Farmers could Pay $ 0.90 per/bu Just in Tolls","3,36",0,0
2016-09-13,Fire-Prohibition Period in Mato Grosso Extended due to Dryness,Early Corn Planting Progressing in Southern Brazil,U.S. Crop Conditions Hold Steady (Again),Brazilian Farmers Advised to go Slow with Early Soybean Planting,Brazilian Farmers Starting off New Growing Season less Capitalized,Many Highway Improvement Projects in Northern Brazil on Hold,,,,,"3,33",1,0
2016-09-16,Early Corn Planting Progressing in Southern Brazil,Early Planting of the 2016/17 Soybean Crop Underway in Brazil,Brazilian Farmers Starting off New Growing Season less Capitalized,"2017 U.S. Crop Acreage - Wheat Down, Corn Down, Soybeans Up",2016/17 Corn Acreage in Argentina Remains in Doubt,Farmers in Argentina Finally Complete their 2015/16 Corn Harvest!!,2017 U.S. Crop Acreage - Wheat Down Corn Down Soybeans Up,2016 U.S. Crop Conditions Hold Steady (Again),Imea Lowers Estimate of Mato Grosso Safrinha Corn Yield Again,Fire-Prohibition Period in Mato Grosso Extended due to Dryness,"3,38",0,-1
2016-09-19,Cotton-Free Period to Start in Mato Grosso on October 1st,Fire-Prohibition Period in Mato Grosso Extended due to Dryness,"2017 U.S. Crop Acreage - Wheat Down, Corn Down, Soybeans Up",Brazilian Livestock Producers Hoping for Better Second Half of 2016,Farmers in Argentina Finally Complete their 2015/16 Corn Harvest!!,2017 U.S. Crop Acreage - Wheat Down Corn Down Soybeans Up,2016/17 Corn Acreage in Argentina Remains in Doubt,Imea Lowers Estimate of Mato Grosso Safrinha Corn Yield Again,Early Planting of the 2016/17 Soybean Crop Underway in Brazil,2016 U.S. Crop Conditions Hold Steady (Again),"3,38",0,-1
2016-09-22,2016/17 Brazil Soybean Planting 2% Argentine Corn Planting 15%,South American Weather - Improved North Colder-Dryer South,"2016/17 Brazil Soybean Planting 2%, Argentine Corn Planting 15%",Early Planting of the 2016/17 Soybean Crop Underway in Brazil,South American Crop Production vs. the United States,"After Poor 2015/16, Cotton Acreage in Bahia to Decline another 18%",Imea Lowers Estimate of Mato Grosso Safrinha Corn Yield Again,Brazilian Livestock Producers Hoping for Better Second Half of 2016,Cotton-Free Period to Start in Mato Grosso on October 1st,"South American Weather - Improved North, Colder-Dryer South","3,33",1,1
2016-09-25,Increased Pork Exports helps Brazilian Hog Producers,South American Weather - Improved North Colder-Dryer South,"Construction of ""Grain Railroad"" given OK by Brazilian President",Brazilian Cattle Herd Reaches New High of 215.2 Million Head,"After Poor 2015/16, Cotton Acreage in Bahia to Decline another 18%",South American Crop Production vs. the United States,Reduced Corn Production in Brazil resulting in Lower Freight Rates,After Poor 2015/16 Cotton Acreage in Bahia to Decline another 18%,2016/17 Brazil Soybean Planting 2% Argentine Corn Planting 15%,"South American Weather - Improved North, Colder-Dryer South","3,31",1,1
2016-10,Soybean Planting in Brazil 52% vs. Average of 49%,Forward Selling of Soy and Corn in Brazil Slower than Last Year,Early Soy Planting Allows Early Safrinha Corn Planting in Parana,2016/17 Brazil Soybeans 41% Planted Slightly Ahead of Average,Brazil Levies Fines for Illegal Grain Production in Amazon Region,"Brazilian Farmers Planting Soybeans ""Day and Night""",Export Tax Plan in Argentina could Result in Slow Farmer Selling,Soy Export Tax Reduction will have Limited Impact in Argentina,Export Tax Plan in Argentina could Result in Slow Farmer Selling,Soybean Moratorium Limits Deforestation in the Brazilian Amazon,"9,59",0,-1
2016-10,Forward Selling of Soy and Corn in Brazil Slower than Last Year,Early Soy Planting Allows Early Safrinha Corn Planting in Parana,Brazil Levies Fines for Illegal Grain Production in Amazon Region,Export Tax Plan in Argentina could Result in Slow Farmer Selling,Export Tax Plan in Argentina could Result in Slow Farmer Selling,Argentine Corn Planting 32% Soybeans 1%,Only Light Interest Expressed in Importing U.S. Corn into Brazil,Mato Grosso Corn Acreage Unchanged in 2016/17 Yields Improve,October Crop Report - U.S. Corn Yield Lower Soy Yield Higher,Brazil Farmers slow to Forward Contract 2016/17 Soy Production,"3,37",1,1
2016-10-07,Brazil Ranks 81st in Global Competiveness Worst in a Decade,Brazil Farmers slow to Forward Contract 2016/17 Soy Production,2016/17 South American Planting Pace Ahead of Average,"Brazil Ranks 81st in Global Competiveness, Worst in a Decade","October Crop Report - U.S. Corn Yield Lower, Soy Yield Higher","2016/17 Brazil Soybean Estimate - 101.8 - 104.0 mt, up 6.7% to 9.0%",5% of Brazil's Electricity comes from Sugar/Ethanol Mills,Brazilian Cotton Production to Rebound from Disappointing 2015/16,October Crop Report - U.S. Corn Yield Lower Soy Yield Higher,2016/17 Brazil Soybean Estimate - 101.8 - 104.0 mt up 6.7% to 9.0%,"3,43",1,1
2016-10-10,Brazil Farmers slow to Forward Contract 2016/17 Soy Production,Brazilian Cotton Production to Rebound from Disappointing 2015/16,Mato Grosso Corn Acreage Unchanged in 2016/17 Yields Improve,Brazilian Commission Approves GMO Corn Imports from the U.S.,"October Crop Report - U.S. Corn Yield Lower, Soy Yield Higher",October Crop Report - U.S. Corn Yield Lower Soy Yield Higher,"Brazil Ranks 81st in Global Competiveness, Worst in a Decade",5% of Brazil's Electricity comes from Sugar/Ethanol Mills,Brazil Ranks 81st in Global Competiveness Worst in a Decade,2016/17 South American Planting Pace Ahead of Average,"3,46",1,1
2016-10-16,Soybean Moratorium Limits Deforestation in the Brazilian Amazon,Brazilian Farmers have Sold 27% of Their Soy vs. 48% Last Year,"Brazil Soybean Planting 17%, Slightly Ahead of Average Pace",Brazil Soybean Planting 17% Slightly Ahead of Average Pace,Argentine Corn Planting 32% Soybeans 1%,Soy Export Tax Reduction Barley Helps Farmers in N. Argentina,Brazilian Wheat Crop Negatively Impacted by Heavy Rains (Again),"Argentine Corn Planting 32%, Soybeans 1%",Brazil's Biodiesel Sector Promotes Greater use of Biodiesel Fuel,Only Light Interest Expressed in Importing U.S. Corn into Brazil,"3,54",0,0
2016-10-19,"Brazilian Farmers Planting Soybeans ""Day and Night""",Argentine Corn Planting 32% Soybeans 1%,Brazil Soybean Planting 17% Slightly Ahead of Average Pace,Soybean Moratorium Limits Deforestation in the Brazilian Amazon,Brazilian Wheat Crop Negatively Impacted by Heavy Rains (Again),"Argentine Corn Planting 32%, Soybeans 1%",Soy Export Tax Reduction will have Limited Impact in Argentina,Brazilian Farmers have Sold 27% of Their Soy vs. 48% Last Year,"Brazil Soybean Planting 17%, Slightly Ahead of Average Pace",Export Tax Plan in Argentina could Result in Slow Farmer Selling,"3,52",1,0
2016-10-22,"Brazilian Farmers Planting Soybeans ""Day and Night""",Brazilian Highways Worse in 2016 Compared to 2015 Study Finds,Brazil Levies Fines for Illegal Grain Production in Amazon Region,Brazil Internal Revenue Service Agents Strike in Greater Sao Paulo,Export Tax Plan in Argentina could Result in Slow Farmer Selling,Northeastern Brazil Still Waiting for Start of Summer Rains,Brazilian Currency Strengthening - Not What Farmers Want,Soy Export Tax Reduction will have Limited Impact in Argentina,,,"3,53",0,0
2016-10-28,Governor of Mato Grosso wants Ferronorte Railroad Extended,Some Farmers in Mato Grosso Worried They are Planting too Fast!,Parana Wheat 81% Harvested Rio Grande do Sul slowed by Rain,2016/17 Brazil Soybeans 41% Planted Slightly Ahead of Average,Early Soy Planting Allows Early Safrinha Corn Planting in Parana,2016/17 Argentina Planting Slows due to Wet and Cold Conditions,Heavy Rains slow Spring Planting in Argentina,Brazil Levies Fines for Illegal Grain Production in Amazon Region,"Parana Wheat 81% Harvested, Rio Grande do Sul slowed by Rain","2016/17 Brazil Soybeans 41% Planted, Slightly Ahead of Average","3,51",0,0
2016-10-31,2016/17 Argentina Planting Slows due to Wet and Cold Conditions,Parana Wheat 81% Harvested Rio Grande do Sul slowed by Rain,Heavy Rains slow Spring Planting in Argentina,Potential Loses Mount in Argentina due to Flooding,Early Soy Planting Allows Early Safrinha Corn Planting in Parana,Some Farmers in Mato Grosso Worried They are Planting too Fast!,"Parana Wheat 81% Harvested, Rio Grande do Sul slowed by Rain",Governor of Mato Grosso wants Ferronorte Railroad Extended,2016/17 Brazil Soybeans 41% Planted Slightly Ahead of Average,"2016/17 Brazil Soybeans 41% Planted, Slightly Ahead of Average","3,49",0,0
2016-11,In Brazil - Weaker Currency Political Unrest Declining Corn Prices,Brazil to Expand Biodiesel Production over Next Few Years,Argentina Planting - Soy Slower than Average Corn Much Slower,Grain Sorghum an Option for Late Planted Safrinha Crop,Argentina Planting Progress - Soybeans 24% Corn 40%,Weaker Currency Increases Sales in Brazil Still Behind Last Year,86% of Mato Grosso Cotton will be Safrinha Production,Brazil May Import only a Small Amount of U.S. Corn,Brazil Currency U.S. Election Nov. Crop Report Brazil Politics,Conab Lowers Brazil Soy Estimate Slightly Increases Corn Slightly,"3,51",1,1
2016-11,Six Confirmed Cases of Rust in Commercial Soybean Fields in Brazil,Brazil Soybean Planting 90% Complete,In Brazil - Weaker Currency Political Unrest Declining Corn Prices,Brazil to Expand Biodiesel Production over Next Few Years,Brazilian Commission Reviews Chemicals for Soybean Rust Control,Conventional Soybeans Promoted in Recent Meeting in Mato Grosso,2016/17 Brazil Soybean Planting Three Quarters Complete,Argentina Planting - Soy Slower than Average Corn Much Slower,First Cases of Rust Confirmed on Commercial Soybeans in Brazil,Brazilian Planting Progress - Soybeans Three Quarters Planted,"9,88",1,1
2016-11-03,Parana Wheat 81% Harvested Rio Grande do Sul slowed by Rain,Potential Loses Mount in Argentina due to Flooding,Planting of Soybeans and Corn in Parana Ahead of Average,Next Soy Harvest in Mato Grosso Earlier and Faster than Normal,Forward Selling of Soy and Corn in Brazil Slower than Last Year,Soybean Planting in Brazil 52% vs. Average of 49%,"Parana Wheat 81% Harvested, Rio Grande do Sul slowed by Rain",Planting Pace in Argentina Slower than Average due to Wet Weather,Heavy Rains slow Spring Planting in Argentina,,"3,48",0,-1
2016-11-06,Proposals for Grain Export Taxes in Brazil Dropped,Next Soy Harvest in Mato Grosso Earlier and Faster than Normal,Planting of Soybeans and Corn in Parana Ahead of Average,Soybean Planting in Brazil 52% vs. Average of 49%,Planting Pace in Argentina Slower than Average due to Wet Weather,Soybeans are being Planted at a Record Pace in Mato Grosso,Forward Selling of Soy and Corn in Brazil Slower than Last Year,,,,"3,45",0,0
2016-11-12,"Conab Lowers Brazil Soy Estimate Slightly, Increases Corn Slightly",Brazil Currency U.S. Election Nov. Crop Report Brazil Politics,Greater than Normal Number of Sugar Mills Close Early in Brazil,10% of Soybeans in Mato Grosso are non-GMO Varieties,South American Planting Progress,Conab Lowers Brazil Soy Estimate Slightly Increases Corn Slightly,"Brazil Currency, U.S. Election, Nov. Crop Report, Brazil Politics",Weaker Currency Increases Sales in Brazil Still Behind Last Year,86% of Mato Grosso Cotton will be Safrinha Production,Brazil May Import only a Small Amount of U.S. Corn,"3,41",1,1
2016-11-15,"Weaker Currency Increases Sales in Brazil, Still Behind Last Year",86% of Mato Grosso Cotton will be Safrinha Production,Brazil Currency U.S. Election Nov. Crop Report Brazil Politics,"Brazil Currency, U.S. Election, Nov. Crop Report, Brazil Politics",Brazil May Import only a Small Amount of U.S. Corn,Weaker Currency Increases Sales in Brazil Still Behind Last Year,Soybean Moratorium Considered for Cerrado Areas of Brazil,Greater than Normal Number of Sugar Mills Close Early in Brazil,South American Planting Progress,10% of Soybeans in Mato Grosso are non-GMO Varieties,"3,43",1,1
2016-11-21,"Planting Slow in Argentina, Weather Should Improve Late Week",First Cases of Rust Confirmed on Commercial Soybeans in Brazil,Argentina Planting Progress - Soybeans 24% Corn 40%,Brazilian Planting Progress - Soybeans Three Quarters Planted,Planting Slow in Argentina Weather Should Improve Late Week,Brazilian Highway System needs US$ 300 Billion in Investments,Soybean Moratorium Considered for Cerrado Areas of Brazil,Grain Sorghum an Option for Late Planted Safrinha Crop,"Argentina Planting Progress - Soybeans 24%, Corn 40%",,"3,51",0,0
2016-11-27,Conventional Soybeans Promoted in Recent Meeting in Mato Grosso,Argentina Planting - Soy Slower than Average Corn Much Slower,"Argentina Planting - Soy Slower than Average, Corn Much Slower",Brazilian Commission Reviews Chemicals for Soybean Rust Control,2016/17 Brazil Soybean Planting Three Quarters Complete,Brazil could Double Ag Prod. Without impacting Amazon Forest,November Rainfall in Mato Grosso do Sul 42% of Normal,Brazil to Expand Biodiesel Production over Next Few Years,Cerrado Soils of Northern South America could be very Productive,,"3,46",1,1
2016-11-30,Brazilian Commission Reviews Chemicals for Soybean Rust Control,Conventional Soybeans Promoted in Recent Meeting in Mato Grosso,Brazil to Expand Biodiesel Production over Next Few Years,November Rainfall in Mato Grosso do Sul 42% of Normal,"In Brazil - Weaker Currency, Political Unrest, Declining Corn Prices",Cerrado Soils of Northern South America could be very Productive,In Brazil - Weaker Currency Political Unrest Declining Corn Prices,Brazil Soybean Planting 90% Complete,,,"3,51",1,1
2016-12,Conab Increases Brazil Crop Estimates Survey Several Weeks Old,Soybeans in Central and Eastern Brazil impacted by Dry Weather,Argentine Farmers confront Floods and Drought Soy Impacted,Grain Exchange lowers Argentina Soy Acreage 300000 Hectares,Brazilian Farmers have only Sold 34% of their Anticipated Soybeans,Early Soybean Harvest Starting in Mato Grosso,Argentina Soybean Crop Disrupted by Adverse Weather,Soy Export Tax in Argentina will Decline starting in January 2018,Crop Insurance in Brazil Covers only 15% of Crop Production,Last Day to Plant Soy in Mato Grosso is Saturday December 31st,"10,19",1,1
2016-12,Conab Increases Brazil Crop Estimates Survey Several Weeks Old,Argentine Corn Impacted by Recent Wet Weather,First Corn-Based Ethanol Facility set to open in Mato Grosso in June,Grain Exchange lowers Argentina Soy Acreage 300000 Hectares,Argentina Corn Crop needs Dryer Weather to Complete Planting,Soy Export Tax in Argentina will Decline starting in January 2018,Crop Insurance in Brazil Covers only 15% of Crop Production,Brazil's Second Crop of Corn could set New Record,Conditions Continue Favorable for Brazilian Crops,Weekend Rains help Argentina's Soybean and Corn Crops,"3,47",0,-1
2016-12-03,"In Brazil - Weaker Currency, Political Unrest, Declining Corn Prices",Six Confirmed Cases of Rust in Commercial Soybean Fields in Brazil,Brazil Soybean Planting 90% Complete,Completion of Highway BR-163 in Brazil Delayed even Further,Imea Increases Estimate of Mato Grosso Soybean Production,In Brazil - Weaker Currency Political Unrest Declining Corn Prices,Dryness in Argentina Beginning to Worry Farmers and the Market,,,,"3,58",1,0
2016-12-06,Conab's December Report Lowers Soy and Corn Estimates Slightly,Imea Increases Estimate of Mato Grosso Soybean Production,Brazil Soybean Planting 90% Complete,Six Confirmed Cases of Rust in Commercial Soybean Fields in Brazil,Completion of Highway BR-163 in Brazil Delayed even Further,Dryness in Argentina Beginning to Worry Farmers and the Market,,,,,"3,58",0,0
2016-12-09,Soybean Forward Selling in Brazil Picks up in November 34% Sold,Brazilian Government Emphasizes more Ethanol Production,93.4% of the Three Major Crops in Brazil are GMO Varieties,Imea Increases Estimate of Mato Grosso Soybean Production,"Brazil Crops Generally in Good Condition, Minor Pockets of Dryness","Soybean Forward Selling in Brazil Picks up in November, 34% Sold",Conab's December Report Lowers Soy and Corn Estimates Slightly,Favorable Conditions result in Higher Soybean Estimates in Brazil,Argentina Planting still Behind Average Dryness Worries,"Argentina Planting still Behind Average, Dryness Worries","3,6",0,-1
2016-12-12,"Brazil Crops Generally in Good Condition, Minor Pockets of Dryness",Argentina Planting still Behind Average Dryness Worries,Soybean Forward Selling in Brazil Picks up in November 34% Sold,Brazil Crops Generally in Good Condition Minor Pockets of Dryness,"Argentina Planting still Behind Average, Dryness Worries",Brazilian Government Emphasizes more Ethanol Production,Favorable Conditions result in Higher Soybean Estimates in Brazil,"Soybean Forward Selling in Brazil Picks up in November, 34% Sold",93.4% of the Three Major Crops in Brazil are GMO Varieties,Conab's December Report Lowers Soy and Corn Estimates Slightly,"3,59",0,-1
2016-12-15,Conditions Continue Favorable for Brazilian Crops,Weekend Rains help Argentina's Soybean and Corn Crops,Favorable Conditions result in Higher Soybean Estimates in Brazil,Corn Supply Crisis in Brazil Easing Will not be Repeated in 2017,Brazilian Cotton Production to Rebound 9.7% in 2016/17,"Corn Supply Crisis in Brazil Easing, Will not be Repeated in 2017",Brazilian Government Emphasizes more Ethanol Production,,,,"3,53",0,0
2016-12-18,Cotton Planting Underway in Mato Grosso,Conditions Continue Favorable for Brazilian Crops,"Corn Supply Crisis in Brazil Easing, Will not be Repeated in 2017",Weekend Rains help Argentina's Soybean and Corn Crops,Only 5% of Brazil's Land Area is dedicated to Row Crop Agriculture,Brazil's Second Crop of Corn could set New Record,Corn Supply Crisis in Brazil Easing Will not be Repeated in 2017,,,,"3,49",1,0
2016-12-24,"Brazil Soy Generally in Good Condition, Dryness Worries NE Brazil",Last Day to Plant Soy in Mato Grosso is Saturday December 31st,Yield Losses can occur if Soybean Rust is less than 80% Controlled,Crop Insurance in Brazil Covers only 15% of Crop Production,"Heavy Rains in Argentina Recharge Soil, cause Localized Flooding","Growing Season Progressing very good in Mato Grosso, Brazil",Brazil Soy Generally in Good Condition Dryness Worries NE Brazil,Heavy Rains in Argentina Recharge Soil cause Localized Flooding,"Last Day to Plant Soy in Mato Grosso is Saturday, December 31st",Early Soybean Harvest underway in Mato Grosso,"3,51",1,1
2016-12-27,Yield Losses can occur if Soybean Rust is less than 80% Controlled,Last Day to Plant Soy in Mato Grosso is Saturday December 31st,Crop Insurance in Brazil Covers only 15% of Crop Production,Heavy Rains in Argentina Recharge Soil cause Localized Flooding,"Heavy Rains in Argentina Recharge Soil, cause Localized Flooding","Brazil Soy Generally in Good Condition, Dryness Worries NE Brazil","Growing Season Progressing very good in Mato Grosso, Brazil",Early Soybean Harvest underway in Mato Grosso,Brazil Soy Generally in Good Condition Dryness Worries NE Brazil,"Last Day to Plant Soy in Mato Grosso is Saturday, December 31st","3,51",1,1
2016-12-30,Argentina Corn Crop needs Dryer Weather to Complete Planting,Growing Season Progressing very good in Mato Grosso Brazil,Soy Export Tax in Argentina will Decline starting in January 2018,Argentina Soybean Crop Disrupted by Adverse Weather,"Growing Season Progressing very good in Mato Grosso, Brazil",Brazilian Weather Generally Good dry in Northeastern Brazil ,Early Soybean Harvest Starting in Mato Grosso,"Brazilian Weather Generally Good, dry in Northeastern Brazil",,,"3,57",1,0
2017-01,Safrinha Corn Planting in Mato Grosso slow at 10%,Trip Report - Mato Grosso and Central Brazil,Early Safrinha Corn Planting in Brazil delayed by Wet Weather,Early Corn Planting underway in Mato Grosso,Brazilian Trip Report - Goias and Southeastern Mato Grosso,Soy Production in Paraguay and Uruguay could set Record Highs,Corn Prices in Brazil under Pressure from Increased Production,Saturated Conditions Impacting Crops in Central Argentina,Early Soybean and Corn Harvest about to get Underway in Parana,,"3,54",1,1
2017-01,Farmers in Parana are Anxious to get Early Soy Harvest Underway,Dryer Weather Stabilizes Soybean Crop in Argentina,Farmers in Paraguay Expecting Mixed Results from their Soybeans,Trip Report - Mato Grosso and Central Brazil,Mato Grosso Soybean Harvest Slowed by Rain for Second Week,Rains Lighten but some Damage done to Mato Grosso Soybeans,Brazilian Trip Report - Goias and Southeastern Mato Grosso,Soy Production in Paraguay and Uruguay could set Record Highs,Corn Prices in Brazil under Pressure from Increased Production,Early Soybean and Corn Harvest about to get Underway in Parana,"10,13",0,0
2017-01-02,Brazilian Weather Generally Good dry in Northeastern Brazil ,Argentina Soybean Crop Disrupted by Adverse Weather,Soy Export Tax in Argentina will Decline starting in January 2018,Grain Exchange lowers Argentina Soy Acreage 300000 Hectares,Early Soybean Harvest Starting in Mato Grosso,Brazilian Farmers have only Sold 34% of their Anticipated Soybeans,Argentina Corn Crop needs Dryer Weather to Complete Planting,"Grain Exchange lowers Argentina Soy Acreage 300,000 Hectares","Brazilian Weather Generally Good, dry in Northeastern Brazil",,"3,59",0,0
2017-01-05,Argentine Corn Impacted by Recent Wet Weather,First Corn-Based Ethanol Facility set to open in Mato Grosso in June,Early Soybean Harvest Starting in Mato Grosso,"Conab Increases Brazil Crop Estimates, Survey Several Weeks Old",Argentine Farmers confront Floods and Drought Soy Impacted,"Argentine Farmers confront Floods and Drought, Soy Impacted","Brazilian Weather Generally Good, dry in Northeastern Brazil",Conab Increases Brazil Crop Estimates Survey Several Weeks Old,Brazilian Farmers have only Sold 34% of their Anticipated Soybeans,Grain Exchange lowers Argentina Soy Acreage 300000 Hectares,"3,59",1,0
2017-01-08,Conab Increases Brazil Crop Estimates Survey Several Weeks Old,Corn Prices in Brazil under Pressure from Increased Production,First Corn-Based Ethanol Facility set to open in Mato Grosso in June,Soybeans in Central and Eastern Brazil impacted by Dry Weather,"Conab Increases Brazil Crop Estimates, Survey Several Weeks Old",Argentine Farmers confront Floods and Drought Soy Impacted,Argentine Corn Impacted by Recent Wet Weather,Saturated Conditions Impacting Crops in Central Argentina,Early Soybean and Corn Harvest about to get Underway in Parana,"Argentine Farmers confront Floods and Drought, Soy Impacted","3,58",1,1
2017-01-11,Corn Prices in Brazil under Pressure from Increased Production,Soy Production in Paraguay and Uruguay could set Record Highs,More Flooding Rains in Argentina,Saturated Conditions Impacting Crops in Central Argentina,"Conab Increases Brazil Crop Estimates, Survey Several Weeks Old",Soybeans in Central and Eastern Brazil impacted by Dry Weather,Conab Increases Brazil Crop Estimates Survey Several Weeks Old,Early Soybean and Corn Harvest about to get Underway in Parana,,,"3,6",1,1
2017-01-14,Early Corn Planting underway in Mato Grosso,Brazilian Truck Drivers Protesting Low Freight Rates,Soy Production in Paraguay and Uruguay could set Record Highs,Brazilian Trip Report - Goias and Southeastern Mato Grosso,More Flooding Rains in Argentina,,,,,,"3,67",0,0
2017-01-17,More Flooding Rains in Argentina,Brazilian Trip Report - Goias and Southeastern Mato Grosso,Early Corn Planting underway in Mato Grosso,Brazilian Truck Drivers Protesting Low Freight Rates,,,,,,,"3,67",0,0
2017-01-20,Last Week was a Wet Week in Mato Grosso Brazil,Early Safrinha Corn Planting in Brazil delayed by Wet Weather,U.S. Withdrawal from TPP opens Door for Brazilian Agriculture,Dry Weather in Paraguay starting to Worry Farmers,"Last Week was a Wet Week in Mato Grosso, Brazil",Early Corn Planting underway in Mato Grosso,,,,,"3,66",0,0
2017-01-23,Last Week was a Wet Week in Mato Grosso Brazil,"Last Week was a Wet Week in Mato Grosso, Brazil",Early Safrinha Corn Planting in Brazil delayed by Wet Weather,Dry Weather in Paraguay starting to Worry Farmers,Rains Lighten but some Damage done to Mato Grosso Soybeans,U.S. Withdrawal from TPP opens Door for Brazilian Agriculture,,,,,"3,65",0,0
2017-01-26,Mato Grosso Soybean Harvest Slowed by Rain for Second Week,Rains Lighten but some Damage done to Mato Grosso Soybeans,Dryer Weather Stabilizes Soybean Crop in Argentina,January 31 2017,Trip Report - Mato Grosso and Central Brazil,Dry Weather in Paraguay starting to Worry Farmers,Farmers in Paraguay Expecting Mixed Results from their Soybeans,,,,"3,62",1,0
2017-01-29,Mato Grosso Soybean Harvest Slowed by Rain for Second Week,Farmers in Paraguay Expecting Mixed Results from their Soybeans,Trip Report - Mato Grosso and Central Brazil,Safrinha Corn Planting in Mato Grosso slow at 10%,Dryer Weather Stabilizes Soybean Crop in Argentina,January 31 2017,Farmers in Parana are Anxious to get Early Soy Harvest Underway,,,,"3,64",1,1
2017-02,Soy Crop in Paraguay 75% Harvested Safrinha Planting Underway,Brazil Exports Record Soy in February but Below Expectations,Biodiesel Blend in Brazil Increased from B7 to B8 could go to B15,Brazilian Farmers are Slow Sellers of their 2016/17 Soybeans,Barges on Amazon Running Out of Soybeans - Problems on BR-163,Crop Insurance Covers 4.4% of Grain Production in Mato Grosso,Brazilian Farmers Increase Fertilizer Purchases,Paraguay Farmers Expecting a Good 2016/17 Soybean Crop,Mexico to Import more Corn and Soy from Brazil and Argentina,2016/17 Brazil Soybeans 26% Harvested,"10,49",1,1
2017-02,Biodiesel Blend in Brazil Increased from B7 to B8 could go to B15,Brazilian Farmers are Slow Sellers of their 2016/17 Soybeans,Two New Corn-Based Ethanol Facilities in South America,Crops in Southern Buenos Aires Impacted by Prior Dry Conditions,Argentine Crops Continue to Benefit from Favorable Weather,Crop Insurance Covers 4.4% of Grain Production in Mato Grosso,Brazilian Farmers Increase Fertilizer Purchases,Mexico to Import more Corn and Soy from Brazil and Argentina,2016/17 Brazilian Safrinha Corn 36% Planted,"""Grain Railroad"" and BR-163 Key to Moving Grain North in Brazil","3,64",1,1
2017-02-01,Safrinha Corn Planting in Mato Grosso slow at 10%,Mato Grosso Contributed 25% of Brazil's Balance of Trade Surplus,Dryer Weather Stabilizes Soybean Crop in Argentina,Farmers in Paraguay Expecting Mixed Results from their Soybeans,Farmers in Parana are Anxious to get Early Soy Harvest Underway,Livestock Producers in Brazil Anticipating a Good 2017,Brazilian Government Announces Upgrade of Port of Santos,,,,"3,67",1,1
2017-02-04,Mato Grosso Contributed 25% of Brazil's Balance of Trade Surplus,Farmers in Brazil forced to Harvest Soybeans at Higher Moisture,Update on Brazilian Infrastructure,Brazilian Government Announces Upgrade of Port of Santos,Safrinha Corn Planting in Brazil Slowed by Wet Weather,Livestock Producers in Brazil Anticipating a Good 2017,Conab Increases Soybean and Corn Estimates in February Report,,,,"3,69",1,0
2017-02-07,Farmers in Brazil forced to Harvest Soybeans at Higher Moisture,Safrinha Corn Planting in Brazil Slowed by Wet Weather,Conab Increases Soybean and Corn Estimates in February Report,Port of Paranagua Announced Major Dredging Project,Update on Brazilian Infrastructure,Mato Grosso Contributed 25% of Brazil's Balance of Trade Surplus,Livestock Producers in Brazil Anticipating a Good 2017,,,,"3,72",1,0
2017-02-10,Safrinha Corn Planting Ahead in Mato Grosso Behind in Parana,"Safrinha Corn Planting Ahead in Mato Grosso, Behind in Parana",Brazil Soybean Harvest Progress Uneven due to Variable Weather,Good Soybean Yields Continue to be Reported in Brazil,Conab Increases Soybean and Corn Estimates in February Report,Port of Paranagua Announced Major Dredging Project,Farmers in Mato Grosso Increase Selling of their Soybeans,"""Northern Arc"" of Ports will Export 23.8% of Brazil\'s Grain Exports","""Northern Arc"" of Ports will Export 23.8% of Brazil's Grain Exports",,"3,75",0,-1
2017-02-13,Forward Corn Sales in Mato Grosso Remain Slow,"Safrinha Corn Planting Ahead in Mato Grosso, Behind in Parana",Brazil Soybean Harvest Progress Uneven due to Variable Weather,Safrinha Corn Planting Ahead in Mato Grosso Behind in Parana,"""Northern Arc"" of Ports will Export 23.8% of Brazil\'s Grain Exports","Soybean Harvest in Sorriso, Mato Grosso Reaches 80%",Good Soybean Yields Continue to be Reported in Brazil,"""Northern Arc"" of Ports will Export 23.8% of Brazil's Grain Exports",Farmers in Mato Grosso Increase Selling of their Soybeans,Port of Paranagua Announced Major Dredging Project,"3,74",0,-1
2017-02-16,2016/17 Brazilian Safrinha Corn 36% Planted,Brazil Soybean Harvest Progress Uneven due to Variable Weather,Mexico to Import more Corn and Soy from Brazil and Argentina,Soybean Harvest in Sorriso Mato Grosso Reaches 80%,Forward Corn Sales in Mato Grosso Remain Slow,Paraguay Farmers Expecting a Good 2016/17 Soybean Crop,"""Grain Railroad"" and BR-163 Key to Moving Grain North in Brazil",Farmers in Mato Grosso Increase Selling of their Soybeans,"Soybean Harvest in Sorriso, Mato Grosso Reaches 80%",2016/17 Brazil Soybeans 26% Harvested,"3,7",1,0
2017-03,Brazilian Soybean Prices Slumping Farmers Remain Slow Sellers,Cattle Prices Decline in Brazil as Processors Slow Production,Brazilian Farmers are Slow Sellers Hoping for Higher Soybean Prices,Reaction to USDA 2017 Prospective Plantings Report,Rainfall Welcomed across Southern Corn Belt at least for Now,Corn Prices in Mato Grosso Slump to Breakeven or Below,Prospective Planting Report to be released at end of the Week,Brazil's Largest Food Companies Accused of Selling Tainted Meat,Brazil to Export Record Large Amounts of Soybeans and Corn,Cotton Production in Mato Grosso Brazil Expected to Increase 12%,"3,73",1,1
2017-03,Brazilian Soybean Prices Slumping Farmers Remain Slow Sellers,Cattle Prices Decline in Brazil as Processors Slow Production,Brazilian Farmers are Slow Sellers Hoping for Higher Soybean Prices,Reaction to USDA 2017 Prospective Plantings Report,Last Soybeans Harvested in Brazil could push Estimates Higher,Brazilian Soybean Crop 45% Sold Compared to 65% Last Year,Soy in Northern Tocantins Brazil 50% Harvested Yields are Good,Corn Prices in Mato Grosso Slump to Breakeven or Below,Prospective Planting Report to be released at end of the Week,Early Soybean Yields in Argentina are Positive,"10,36",0,-1
2017-03-12,Soybean Harvest in Mato Grosso do Sul Reaches 82%,Soybean Rust in Brazil Developing Resistance to Newest Fungicides,Brazilian Farmers have Planted 88% of the 2016/17 Safrinha Corn,Grain Storage Deficit to be Focus of Brazilian Producers in 2017,Soybean Harvest in Brazil Reaches 56%,WASDE Increases Brazilian Soybean and Corn Estimates,"Cotton Production in Mato Grosso, Brazil Expected to Increase 12%",Cotton Production in Mato Grosso Brazil Expected to Increase 12%,Argentine Crops Benefit from Favorable Weather,,"3,64",0,0
2017-03-15,Soybean Harvest in Brazil Reaches 56%,Brazil's Largest Food Companies Accused of Selling Tainted Meat,Brazil's Long Economic Recession may be Ending,"Cotton Production in Mato Grosso, Brazil Expected to Increase 12%",Grain Storage Deficit to be Focus of Brazilian Producers in 2017,Soybean Harvest in Mato Grosso do Sul Reaches 82%,Brazil to Export Record Large Amounts of Soybeans and Corn,Brazilian Farmers have Planted 88% of the 2016/17 Safrinha Corn,Cotton Production in Mato Grosso Brazil Expected to Increase 12%,,"3,64",0,-1
2017-03-18,Tainted Meat Scandal in Brazil could have widespread Ripple Effects,Early Soybean Yields in Argentina are Positive,Brazil's Largest Food Companies Accused of Selling Tainted Meat,Brazil to Export Record Large Amounts of Soybeans and Corn,Brazilian Meat Sector Scrambles to Contain Damage from Scandal,Farmers in Mato Grosso have only sold 61% of their Soybean Crop,Potential 2017 U.S. Crop Acreage Estimates edge Higher,Brazil's Long Economic Recession may be Ending,,,"3,59",0,0
2017-03-30,Brazilian Farmers are Slow Sellers Hoping for Higher Soybean Prices,"Soy in Northern Tocantins, Brazil 50% Harvested, Yields are Good",Rainfall Welcomed across Southern Corn Belt at least for Now,Wet Weather Delaying Early Harvest Progress in Argentina,Soy in Northern Tocantins Brazil 50% Harvested Yields are Good,Brazilian Soybean Crop 45% Sold Compared to 65% Last Year,"Rainfall Welcomed across Southern Corn Belt, at least for Now",Reaction to USDA 2017 Prospective Plantings Report,Last Soybeans Harvested in Brazil could push Estimates Higher,Import Restrictions Resulting from Brazilian Meat Scandal Easing,"3,63",1,0
2017-04,Slow Planting in U.S. could result in Lower Corn Acreage and Yields,Brazilian Farmers Continue to be Slow Sellers of 2016/17 Soy Crop,2017 Wheat Acreage in Parana to Decline 8-10%,Early Onset of Dry Weather Could Impact Safrinha Corn in Brazil,2016/17 Soybean and Full-season Corn Yields set Records in Parana,Some Corn and Soy Replant needed Wheat Impacted as Well,Much of Mato Grosso's Corn Production will be Piled Outside,Brazil Gov. to Subsidize Corn Prices in Mato Grosso this Week,Drying Weather and Slumping Corn Prices Worry Farmers in Goias,2017 U.S. Corn Planting Nearly Catches up to Average Pace,"3,61",0,-1
2017-04,Brazilian Farmers Continue to be Slow Sellers of 2016/17 Soy Crop,2017/18 Soybean Acreage in Brazil Unchanged or Up Only Slightly,Brazil Paraguay Bolivia to Coordinate Efforts to Combat Soy Rust,2017 Wheat Acreage in Parana to Decline 8-10%,Soybean Harvesting must end by Friday May 5th in Mato Grosso,Impact of Soybean Moratorium on Land Use in Mato Grosso,2016/17 Soybean and Full-season Corn Yields set Records in Parana,Some Corn and Soy Replant needed Wheat Impacted as Well,Much of Mato Grosso's Corn Production will be Piled Outside,Brazil Gov. to Subsidize Corn Prices in Mato Grosso this Week,"9,76",0,-1
2017-04-02,Flooding Impacting Province of La Pampa in Argentina,Brazil Congress Considers Rules for Land Purchases by Foreigners,Cattle Prices Decline in Brazil as Processors Slow Production,Rainfall Welcomed across Southern Corn Belt at least for Now,Import Restrictions Resulting from Brazilian Meat Scandal Easing,"Rainfall Welcomed across Southern Corn Belt, at least for Now",Wet Weather Delaying Early Harvest Progress in Argentina,Brazilian Farmers are Slow Sellers Hoping for Higher Soybean Prices,Reaction to USDA 2017 Prospective Plantings Report,,"3,63",1,1
2017-04-05,Brazil Congress Considers Rules for Land Purchases by Foreigners,Brazilian Soybean Prices Slumping Farmers Remain Slow Sellers,Flooding Impacting Province of La Pampa in Argentina,"Brazilian Soybean Prices Slumping, Farmers Remain Slow Sellers",Cattle Prices Decline in Brazil as Processors Slow Production,Brazilian Farmers are Slow Sellers Hoping for Higher Soybean Prices,Wet Weather Delaying Early Harvest Progress in Argentina,,,,"3,64",1,0
2017-04-08,Farmers in Mato Grosso have Sold 63% of their 2016/17 Soybeans,"U.S. Spring Planting Underway, Tepid Start in Southern Corn Belt",Brazil Soy Estimate Increased to 110.1 mt Corn Increased to 91.4 mt,"Brazilian Soybean Prices Slumping, Farmers Remain Slow Sellers",Flooding in Argentina brings back bad Memories from April 2016,"Brazil Soy Estimate Increased to 110.1 mt, Corn Increased to 91.4 mt",U.S. Spring Planting Underway Tepid Start in Southern Corn Belt,Brazilian Soybean Prices Slumping Farmers Remain Slow Sellers,47% of Soybeans in Mato Grosso followed by Safrinha Corn,,"3,68",0,-1
2017-04-11,Reduced Truck Traffic Sign of Slow Soybean Selling in Brazil,U.S. Spring Planting Underway Tepid Start in Southern Corn Belt,"Brazil Soy Estimate Increased to 110.1 mt, Corn Increased to 91.4 mt",47% of Soybeans in Mato Grosso followed by Safrinha Corn,"U.S. Spring Planting Underway, Tepid Start in Southern Corn Belt",Farmers in Mato Grosso have Sold 63% of their 2016/17 Soybeans,Flooding in Argentina brings back bad Memories from April 2016,Brazil Soy Estimate Increased to 110.1 mt Corn Increased to 91.4 mt,,,"3,68",0,-1
2017-04-14,Brazilian Farmers Planted 93% of Soy Corn and Cotton to GMOs,Grain Railroad in Northern Brazil Could be Functioning by 2025,Reduced Truck Traffic Sign of Slow Soybean Selling in Brazil,47% of Soybeans in Mato Grosso followed by Safrinha Corn,Record Large Crops Could Result in Storage Problems in Brazil,"Brazilian Farmers Planted 93% of Soy, Corn, and Cotton to GMOs",,,,,"3,62",1,0
2017-04-17,"Brazilian Farmers Planted 93% of Soy, Corn, and Cotton to GMOs",Record Large Crops Could Result in Storage Problems in Brazil,Brazilian Farmers Planted 93% of Soy Corn and Cotton to GMOs,Grain Railroad in Northern Brazil Could be Functioning by 2025,Reduced Truck Traffic Sign of Slow Soybean Selling in Brazil,,,,,,"3,61",1,0
2017-04-20,Brazilian Farmers Planted 93% of Soy Corn and Cotton to GMOs,Early Crop Yields in Argentina are very Encouraging,2017 U.S. Corn Planting Nearly Catches up to Average Pace,Drying Weather and Slumping Corn Prices Worry Farmers in Goias,"Brazilian Farmers Planted 93% of Soy, Corn, and Cotton to GMOs",Brazilian Government to Subsidize Price of Corn in Mato Grosso,Conditions Remain Good for Brazilian Safrinha Corn Crop,,,,"3,6",1,1
2017-04-23,2017 U.S. Corn Planting Nearly Catches up to Average Pace,Farmers in Uruguay very Encouraged by Early Crop Yields,Drying Weather and Slumping Corn Prices Worry Farmers in Goias,Polar Air and Freezing Temperatures Sweep Across Southern Brazil,Brazilian Government to Subsidize Price of Corn in Mato Grosso,Early Crop Yields in Argentina are very Encouraging,May is Foot-and-Mouth Vaccination Month in Mato Grosso,Conditions Remain Good for Brazilian Safrinha Corn Crop,,,"3,64",1,1
2017-04-26,Much of Mato Grosso's Corn Production will be Piled Outside,Early Crop Yields in Argentina are very Encouraging,Polar Air and Freezing Temperatures Sweep Across Southern Brazil,"Some Corn and Soy Replant needed, Wheat Impacted as Well","Cold and Wet Weather Slows U.S. Planting, Replanting Possible",May is Foot-and-Mouth Vaccination Month in Mato Grosso,Brazil Gov. to Subsidize Corn Prices in Mato Grosso this Week,Some Corn and Soy Replant needed Wheat Impacted as Well,Farmers in Uruguay very Encouraged by Early Crop Yields,Cold and Wet Weather Slows U.S. Planting Replanting Possible,"3,69",1,0
2017-04-29,Some Corn and Soy Replant needed Wheat Impacted as Well,"Cold and Wet Weather Slows U.S. Planting, Replanting Possible",Impact of Soybean Moratorium on Land Use in Mato Grosso,2017 Wheat Acreage in Parana to Decline 8-10%,Early Onset of Dry Weather Could Impact Safrinha Corn in Brazil,Soybean Harvesting must end by Friday May 5th in Mato Grosso,2016/17 Soybean and Full-season Corn Yields set Records in Parana,Much of Mato Grosso's Corn Production will be Piled Outside,Brazil Gov. to Subsidize Corn Prices in Mato Grosso this Week,Cold and Wet Weather Slows U.S. Planting Replanting Possible,"3,72",0,0
2017-05,Decline of JBS to create Openings for Small and Medium Processors,Fertilizer Deliveries in Brazil Decline during First Trimester of 2017,Conventional Soy Production in Mato Grosso to increase in 2017/18,Safrinha Corn Harvest begins in Brazil and Corn Prices Decline,Low Grain Prices Challenge Brazilian Farmers,Trip Report - Eastern Illinois and Western Indiana,New Organization to Promote Conventional Soy Production in Brazil,Nearly 70% of Brazil's Grain Production is in Four States,Weaker Brazilian Currency could Encourage Soybean Sales,Popcorn Acreage Rebounds Mato Grosso Leads Brazil's Production,"9,58",0,-1
2017-05,Decline of JBS to create Openings for Small and Medium Processors,Fertilizer Deliveries in Brazil Decline during First Trimester of 2017,U.S. Corn Planting 96% Complete 68% Rated Good to Excellent,Dry Conditions Developing in Northwestern Corn Belt,Conventional Soy Production in Mato Grosso to increase in 2017/18,Safrinha Corn Harvest begins in Brazil and Corn Prices Decline,Low Grain Prices Challenge Brazilian Farmers,2017 U.S. Corn 91% Planted 65% Rated Good to Excellent,Trip Report - Eastern Illinois and Western Indiana,Early Safrinha Corn Harvest starts slowly in Mato Grosso,"3,66",1,1
2017-05-02,2017 Wheat Acreage in Parana to Decline 8-10%,Early Onset of Dry Weather Could Impact Safrinha Corn in Brazil,"Soybean Harvesting must end by Friday, May 5th in Mato Grosso",Slow Planting in U.S. could result in Lower Corn Acreage and Yields,"Cold and Wet Weather Slows U.S. Planting, Replanting Possible",Impact of Soybean Moratorium on Land Use in Mato Grosso,Cold and Wet Weather Slows U.S. Planting Replanting Possible,"Some Corn and Soy Replant needed, Wheat Impacted as Well",2016/17 Soybean and Full-season Corn Yields set Records in Parana,Soybean Harvesting must end by Friday May 5th in Mato Grosso,"3,7",0,0
2017-05-05,"Brazil, Paraguay, Bolivia to Coordinate Efforts to Combat Soy Rust",Brazil Paraguay Bolivia to Coordinate Efforts to Combat Soy Rust,2017 Wheat Acreage in Parana to Decline 8-10%,Brazilian Farmers Continue to be Slow Sellers of 2016/17 Soy Crop,Most Countries have Resumed Importing Brazilian Meat,2017/18 Soybean Acreage in Brazil Unchanged or Up Only Slightly,Brazilian Corn Producers Request more Help from Government,2016/17 Cotton Crop in Mato Grosso Expected to Set New Record,WASDE Indicates Lower S. American Soy Production in 2017/18,Slow Planting in U.S. could result in Lower Corn Acreage and Yields,"3,69",0,0
2017-05-08,"Brazil, Paraguay, Bolivia to Coordinate Efforts to Combat Soy Rust",Most Countries have Resumed Importing Brazilian Meat,Brazilian Corn Producers Request more Help from Government,Slow Planting in U.S. could result in Lower Corn Acreage and Yields,WASDE Indicates Lower S. American Soy Production in 2017/18,2016/17 Cotton Crop in Mato Grosso Expected to Set New Record,Brazil's Soybean and Corn Production Increased again by Conab,Brazilian Farmers Continue to be Slow Sellers of 2016/17 Soy Crop,Brazil Paraguay Bolivia to Coordinate Efforts to Combat Soy Rust,2017/18 Soybean Acreage in Brazil Unchanged or Up Only Slightly,"3,69",0,0
2017-05-11,"2017 U.S. Planting Catches up to Average Pace, Corn 71% Planted",WASDE Indicates Lower S. American Soy Production in 2017/18,BR-163 Improvement Project in Central Brazil hits Roadblock,Brazilian Corn Producers Request more Help from Government,Preliminary 2017 U.S. Yields - Corn 169.0 bu/ac Soybeans 49.0 bu/ac,2017 U.S. Planting Catches up to Average Pace Corn 71% Planted,"Preliminary 2017 U.S. Yields - Corn 169.0 bu/ac, Soybeans 49.0 bu/ac",Wheat Acreage in Rio Grande do Sul to Decline,Brazil's Soybean and Corn Production Increased again by Conab,Conventional Soybeans (non-GMO) have a Place in Mato Grosso,"3,69",1,0
2017-05-20,U.S. Planting Progresses at Average Pace,Early Safrinha Corn Harvest starts slowly in Mato Grosso,Silo Bags could fill Gap in Shortage of Grain Storage in Brazil,Protestors Set Fire to Brazilian Ministry of Agriculture in Brasilia,Farmers in NE Brazil starting to Grow Two Crops per Year,Political Crisis in Brazil could hurt the Agricultural Sector,New Organization to Promote Conventional Soy Production in Brazil,Nearly 70% of Brazil's Grain Production is in Four States,,,"3,72",0,0
2017-05-23,Silo Bags could fill Gap in Shortage of Grain Storage in Brazil,Early Safrinha Corn Harvest starts slowly in Mato Grosso,Protestors Set Fire to Brazilian Ministry of Agriculture in Brasilia,Political Crisis in Brazil could hurt the Agricultural Sector,New Organization to Promote Conventional Soy Production in Brazil,Farmers in NE Brazil starting to Grow Two Crops per Year,U.S. Planting Progresses at Average Pace,,,,"3,71",0,0
2017-05-26,2017 U.S. Corn 91% Planted 65% Rated Good to Excellent,Low Grain Prices Challenge Brazilian Farmers,Protestors Set Fire to Brazilian Ministry of Agriculture in Brasilia,Early Safrinha Corn Harvest starts slowly in Mato Grosso,Brazil and China to Launch US$ 20 Billion Infrastructure Fund,"2017 U.S. Corn 91% Planted, 65% Rated Good to Excellent",Political Situation in Brazil is very Unsettled,Safrinha Corn Harvest begins in Brazil and Corn Prices Decline,Trip Report - Eastern Illinois and Western Indiana,Agricultural Markets are concerned about the Brazilian Currency,"3,71",1,1
2017-05-29,Conventional Soy Production in Mato Grosso to increase in 2017/18,Agricultural Markets are concerned about the Brazilian Currency,"2017 U.S. Corn 91% Planted, 65% Rated Good to Excellent",Safrinha Corn Harvest begins in Brazil and Corn Prices Decline,Trip Report - Eastern Illinois and Western Indiana,Brazil and China to Launch US$ 20 Billion Infrastructure Fund,2017 U.S. Corn 91% Planted 65% Rated Good to Excellent,Political Situation in Brazil is very Unsettled,Low Grain Prices Challenge Brazilian Farmers,,"3,71",1,1
2017-06,U.S. Crop Conditions Decline due to Hotter and Dryer Conditions,As Soy Prices Improve Brazilian Farmers Cautiously Optimistic,2017 U.S. Corn Condition Improves Slightly Soy Condition Declines,Comparing Acreage and Production - U.S. Brazil and Argentina,Planting Prep on Hold in Paraguay due to Proposed Soy Export Tax,2017 U. S. Corn Condition Steady Soybeans Decline Slightly,Paraguayan Congress Proposes Export Tax on Soybeans,Soy Production in Uruguay Rebounds to Record High Production,Argentine Farmers Planted 2.6 Times more Soy than Corn in 2016/17,Farmers in Mato Grosso worried about Corn Prices and Storage,"9,43",0,-1
2017-06,U.S. Crop Conditions Decline due to Hotter and Dryer Conditions,As Soy Prices Improve Brazilian Farmers Cautiously Optimistic,Open-Air Piles of Safrinha Corn Starting to Appear in Mato Grosso,2017 U.S. Corn Condition Improves Slightly Soy Condition Declines,Comparing Acreage and Production - U.S. Brazil and Argentina,Chronic Lack of Grain Storage Difficult Problem to Solve in Brazil,2017 U. S. Corn Condition Steady Soybeans Decline Slightly,Safrinha Corn Harvest Underway in Brazil,Soy Production in Uruguay Rebounds to Record High Production,Corn Development Phases and their Impact on Potential Yield,"3,72",1,1
2017-06-01,Conventional Soy Production in Mato Grosso to increase in 2017/18,"U.S. Corn Planting 96% Complete, 68% Rated Good to Excellent","Brazil's ""Harvest Plan"" to be announced this Week Draws Criticism","Brazil\'s ""Harvest Plan"" to be announced this Week, Draws Criticism",Low Grain Prices Challenge Brazilian Farmers,Decline of JBS to create Openings for Small and Medium Processors,U.S. Corn Planting 96% Complete 68% Rated Good to Excellent,Safrinha Corn Harvest begins in Brazil and Corn Prices Decline,Dry Conditions Developing in Northwestern Corn Belt,Fertilizer Deliveries in Brazil Decline during First Trimester of 2017,"3,76",1,1
2017-06-04,Decline of JBS to create Openings for Small and Medium Processors,U.S. Corn Planting 96% Complete 68% Rated Good to Excellent,"Brazil\'s ""Harvest Plan"" to be announced this Week, Draws Criticism","Brazil's ""Harvest Plan"" to be announced this Week Draws Criticism",Dry Conditions Developing in Northwestern Corn Belt,Fertilizer Deliveries in Brazil Decline during First Trimester of 2017,Excessive Rains in Rio Grande do Sul slows Wheat Planting,Brazil Soy and Corn Prod. Increased 1.0 mt in June Conab Report,2017/18 Harvest Plan for Brazilian Farmers Disappoints,"U.S. Corn Planting 96% Complete, 68% Rated Good to Excellent","3,82",0,0
2017-06-10,In 25 Years Brazil has evolved into a Major Agricultural Producer,Brazil Farmers increase Soybean Sales as Currency Weakens,2017 U.S. Yield Estimates - Corn 167.0 bu/ac Soybeans 48.0 bu/ac,"Crop Insurance Coverage to increase in Brazil, still Inadequate","2017 U.S. Yield Estimates - Corn 167.0 bu/ac, Soybeans 48.0 bu/ac",Early Safrinha Soybean Harvest in Paraguay Disappoints,Crop Insurance Coverage to increase in Brazil still Inadequate,Farmers in Mato Grosso have sold 60% of their Corn Production,,,"3,8",0,-1
2017-06-16,2017 U.S. Crop Conditions Improve Slightly,Process Started to complete Brazil's North-South Railroad,Farmers in Mato Grosso have sold 60% of their Corn Production,Safrinha Corn Harvest Underway in Brazil,Soy Production in Uruguay Rebounds to Record High Production,Farmers in Mato Grosso worried about Corn Prices and Storage,Corn Development Phases and their Impact on Potential Yield,Argentine Farmers Planted 2.6 Times more Soy than Corn in 2016/17,,,"3,72",0,-1
2017-06-19,Argentine Farmers Planted 2.6 Times more Soy than Corn in 2016/17,2017 U.S. Crop Conditions Improve Slightly,Process Started to complete Brazil's North-South Railroad,Corn Development Phases and their Impact on Potential Yield,Safrinha Corn Harvest Underway in Brazil,Soy Production in Uruguay Rebounds to Record High Production,Wheat Planting in South America produces Mixed Results,Farmers in Mato Grosso worried about Corn Prices and Storage,,,"3,67",0,0
2017-06-25,2017 U. S. Corn Condition Steady Soybeans Decline Slightly,Brazilian Farmers Slow to Purchase their 2017/18 Inputs,Paraguayan Congress Proposes Export Tax on Soybeans,2017 South American Wheat Crop Continues to Struggle,Long Tail of 2016/17 S. American Exports will compete with U.S.,"2017 U. S. Corn Condition Steady, Soybeans Decline Slightly",,,,,"3,65",1,1
2017-07,Corn Harvest in Mato Grosso Wrapping Up Prices Disappoint,U.S. Corn Crop Declines Slightly Soybeans Improve Slightly,Brazil Poised to Surpass the United States in Soybean Production,Low Commodity Prices Worry Parana Farmers in Southern Brazil,Trip Report - Iowa Minn. N. Dakota S. Dakota Northern Illinois,Soybean-Free Institute (Soja Livre) Created in Mato Grosso,U.S. Corn Condition Declines Slightly Soybeans Improve,Parana Farmers may Plant their 2017/18 Soy Starting on Sept. 11th,Soybean Growing Season in Roraima Brazil Same as in the U.S.,Trip Report - Indiana and Western Ohio,"9,45",0,0
2017-07,Corn Harvest in Mato Grosso Wrapping Up Prices Disappoint,U.S. Corn Crop Declines Slightly Soybeans Improve Slightly,Brazil Poised to Surpass the United States in Soybean Production,Low Commodity Prices Worry Parana Farmers in Southern Brazil,Trip Report - Iowa Minn. N. Dakota S. Dakota Northern Illinois,U.S. Corn Condition Declines Slightly Soybeans Improve,Trip Report - Indiana and Western Ohio,U.S. Corn Condition Declines 2% Soybeans Decline 4%,U.S. Crop Conditions Decline - Areas of Concern for U.S. Crops,U.S. Crop Conditions Decline Especially in the Western Corn Belt,"3,77",1,1
2017-07-01,"2017 U.S. Corn Condition Improves Slightly, Soy Condition Declines",Comparing Acreage and Production - U.S. Brazil and Argentina,Open-Air Piles of Safrinha Corn Starting to Appear in Mato Grosso,Chronic Lack of Grain Storage Difficult Problem to Solve in Brazil,Nearly 100% of Brazil's Sugarcane will be Mechanically Harvested,Planting Prep on Hold in Paraguay due to Proposed Soy Export Tax,2017 U.S. Corn Condition Improves Slightly Soy Condition Declines,"Comparing Acreage and Production - U.S., Brazil, and Argentina",,,"3,91",0,0
2017-07-04,"As Soy Prices Improve, Brazilian Farmers Cautiously Optimistic","Comparing Acreage and Production - U.S., Brazil, and Argentina",Nearly 100% of Brazil's Sugarcane will be Mechanically Harvested,Open-Air Piles of Safrinha Corn Starting to Appear in Mato Grosso,As Soy Prices Improve Brazilian Farmers Cautiously Optimistic,Comparing Acreage and Production - U.S. Brazil and Argentina,"2017 U.S. Corn Condition Improves Slightly, Soy Condition Declines",2017 U.S. Corn Condition Improves Slightly Soy Condition Declines,Chronic Lack of Grain Storage Difficult Problem to Solve in Brazil,,"3,94",0,-1
2017-07-10,Volatile Grain Prices in Brazil - Political and Weather Uncertainties,2017/18 Soybean Production in South America could decline 9 mt,Brazil 2016/17 Corn Estimate now 96.0 mt up 2.1 Million from June,More Problems for Highway BR-163 in Northern Brazil,"As Soy Prices Improve, Brazilian Farmers Cautiously Optimistic","Brazil 2016/17 Corn Estimate now 96.0 mt, up 2.1 Million from June",U.S. Crop Conditions Decline due to Hotter and Dryer Conditions,Lack of Grain Jeopardizes Shipments out of Amazon River Ports,As Soy Prices Improve Brazilian Farmers Cautiously Optimistic,,"3,87",0,-1
2017-07-13,"U.S. Crop Conditions Decline, Especially in the Western Corn Belt",Brazil 2016/17 Corn Estimate now 96.0 mt up 2.1 Million from June,2017/18 Soybean Production in South America could decline 9 mt,Interest Waning for Government Subsidized Corn Auctions in Brazil,U.S. Crop Conditions Decline Especially in the Western Corn Belt,U.S. Crop Conditions Decline - Areas of Concern for U.S. Crops,Port of Paranagua continues its Modernization with new Dump Pits,Grain Movement back to Normal on BR-163 in Northern Brazil,"Brazil 2016/17 Corn Estimate now 96.0 mt, up 2.1 Million from June",Volatile Grain Prices in Brazil - Political and Weather Uncertainties,"3,76",1,0
2017-07-19,Pasture Burning in Mato Grosso Prohibited for the Next two Months,Grass Fires in Central Brazil can result in Electrical Outages,Frost and Wet Conditions Impacting South American Wheat Crop,M. Grosso do Sul joins other Brazil States Prohibiting Safrinha Soy,U.S. Crop Conditions Decline - Areas of Concern for U.S. Crops,"U.S. Corn Condition Declines 2%, Soybeans Decline 4%",Port of Paranagua continues its Modernization with new Dump Pits,U.S. Corn Condition Declines 2% Soybeans Decline 4%,,,"3,8",0,-1
2017-07-28,Freezing Temperatures Impact Wheat Crop in Paraguay and Brazil,"Trip Report - Iowa, Minn., N. Dakota, S. Dakota, Northern Illinois",Parana Farmers may Plant their 2017/18 Soy Starting on Sept. 11th,U.S. Corn Condition Declines Slightly Soybeans Improve,Trip Report - Iowa Minn. N. Dakota S. Dakota Northern Illinois,Low Commodity Prices Worry Parana Farmers in Southern Brazil,"U.S. Corn Condition Declines Slightly, Soybeans Improve",Soybean-Free Institute (Soja Livre) Created in Mato Grosso,,,"3,67",1,0
2017-07-31,Freezing Temperatures Impact Wheat Crop in Paraguay and Brazil,Low Commodity Prices Worry Parana Farmers in Southern Brazil,Parana Farmers may Plant their 2017/18 Soy Starting on Sept. 11th,Mato Grosso Farmers have Purchased 81% of Inputs for 2017/18,U.S. Corn Condition Declines Slightly Soybeans Improve,Soybean-Free Institute (Soja Livre) Created in Mato Grosso,Trip Report - Iowa Minn. N. Dakota S. Dakota Northern Illinois,"Trip Report - Iowa, Minn., N. Dakota, S. Dakota, Northern Illinois","U.S. Corn Condition Declines Slightly, Soybeans Improve",,"3,66",1,0
2017-08,Imea increases Estimate of Mato Grosso's Corn Production,U.S. Corn Condition declines Slightly Soybeans hold Steady,Soy Acreage up Soy Production Down in R. Grande do Sul in 2017/18,Brazilian Cotton Producers to Increase Acreage 11% in 2017/18,Bolivia will Sell Urea to Brazil and Brazil will Sell Soybeans to Bolivia,U.S. Corn Condition Unchanged Soybeans Improve Slightly,Ethanol is Option for Excess Corn Production in Mato Grosso,Slow Selling Results in Shortage of Grain Storage in South America,U.S. Corn Condition Unchanged Soybeans Improve Slightly,Cost of Good Agricultural Land in Parana Averages $8070 per acre,"3,73",0,-1
2017-08,Imea increases Estimate of Mato Grosso's Corn Production,U.S. Corn Condition declines Slightly Soybeans hold Steady,Farmers in Parana may Plant First Soybeans in Brazil,Farmers in Southern Brazil may start Planting Soybeans in 10 days,Soy Acreage up Soy Production Down in R. Grande do Sul in 2017/18,Brazilian Cotton Producers to Increase Acreage 11% in 2017/18,Bolivia will Sell Urea to Brazil and Brazil will Sell Soybeans to Bolivia,U.S. Corn Condition Unchanged Soybeans Improve Slightly,Ethanol is Option for Excess Corn Production in Mato Grosso,Slow Selling Results in Shortage of Grain Storage in South America,"9,85",1,1
2017-08-03,"U.S. Corn Crop Declines Slightly, Soybeans Improve Slightly",Corn Harvest in Mato Grosso Wrapping Up Prices Disappoint,Brazil Poised to Surpass the United States in Soybean Production,U.S. Corn Crop Declines Slightly Soybeans Improve Slightly,Brazilian Truckers Block Highway BR-163 in Mato Grosso,"Brazilian Wheat Crop Disappoints, Brazil to Import 7 mt of Wheat","Corn Harvest in Mato Grosso Wrapping Up, Prices Disappoint",Mato Grosso Farmers have Purchased 81% of Inputs for 2017/18,Brazilian Wheat Crop Disappoints Brazil to Import 7 mt of Wheat,Low Commodity Prices Worry Parana Farmers in Southern Brazil,"3,69",0,-1
2017-08-06,"Corn Harvest in Mato Grosso Wrapping Up, Prices Disappoint",Conab Increases Brazilian Corn Production 1.1 mt in August Report,"U.S. Corn Crop Declines Slightly, Soybeans Improve Slightly",Brazil Poised to Surpass the United States in Soybean Production,Corn Harvest in Mato Grosso Wrapping Up Prices Disappoint,"Brazilian Wheat Crop Disappoints, Brazil to Import 7 mt of Wheat",Brazilian Truckers Block Highway BR-163 in Mato Grosso,Brazilian Wheat Crop Disappoints Brazil to Import 7 mt of Wheat,U.S. Corn Crop Declines Slightly Soybeans Improve Slightly,Brazil President to Inaugurate Corn-Ethanol Facility in Mato Grosso,"3,66",0,-1
2017-08-09,"2017 U.S. Corn Condition up 2%, Soybean Condition down 1%",2017 U.S. Corn Condition up 2% Soybean Condition down 1%,Brazil President Inaugurates Ethanol Plant Meets with Governors,Conab Increases Brazilian Corn Production 1.1 mt in August Report,"Brazilian Wheat Crop Disappoints, Brazil to Import 7 mt of Wheat",WASDE - Smaller Soy and Corn Crops in South America Next Year,2016/17 Argentine Soy Crop has Lowest Protein Content in 20 Years,Brazilian Wheat Crop Disappoints Brazil to Import 7 mt of Wheat,Corn Harvest in Mato Grosso Wrapping Up Prices Disappoint,Brazil President to Inaugurate Corn-Ethanol Facility in Mato Grosso,"3,62",0,-1
2017-08-12,"Brazil President Inaugurates Ethanol Plant, Meets with Governors",Brazil President Inaugurates Ethanol Plant Meets with Governors,"2017 U.S. Corn Condition up 2%, Soybean Condition down 1%",Cost of Good Agricultural Land in Parana Averages $8070 per acre,2017 U.S. Corn Condition up 2% Soybean Condition down 1%,More of Brazil's Corn Exports Exiting Brazil via Northern Ports,"Cost of Good Agricultural Land in Parana Averages $8,070 per acre",Full Harvest but Empty Pockets for Farmers in Rio Grande do Sul,41% of Mato Grosso's Soybeans Exported via Northern Port,WASDE - Smaller Soy and Corn Crops in South America Next Year,"3,55",0,-1
2017-08-15,Cost of Good Agricultural Land in Parana Averages $8070 per acre,2017 U.S. Corn Condition up 2% Soybean Condition down 1%,More of Brazil's Corn Exports Exiting Brazil via Northern Ports,41% of Mato Grosso's Soybeans Exported via Northern Port,Full Harvest but Empty Pockets for Farmers in Rio Grande do Sul,"2017 U.S. Corn Condition up 2%, Soybean Condition down 1%",WASDE - Smaller Soy and Corn Crops in South America Next Year,Brazil Minister Guarantees No More Problems in Highway BR-163,"Cost of Good Agricultural Land in Parana Averages $8,070 per acre",,"3,52",0,-1
2017-08-18,South American 2017/18 Planting Season Quickly Approaching,Brazil Minister Guarantees No More Problems in Highway BR-163,Slow Selling Results in Shortage of Grain Storage in South America,,,,,,,,"3,46",0,0
2017-08-21,Flooding in Argentina once Again Impacting Agriculture,Slow Selling Results in Shortage of Grain Storage in South America,South American 2017/18 Planting Season Quickly Approaching,Brazil Minister Guarantees No More Problems in Highway BR-163,,,,,,,"3,44",1,0
2017-08-27,U.S. Corn Condition Unchanged Soybeans Improve Slightly,"U.S. Corn Condition Unchanged, Soybeans Improve Slightly",Soy Acreage up Soy Production Down in R. Grande do Sul in 2017/18,Farmers in Southern Brazil may start Planting Soybeans in 10 days,Brazilian Cotton Producers to Increase Acreage 11% in 2017/18,Bolivia will Sell Urea to Brazil and Brazil will Sell Soybeans to Bolivia,Ethanol is Option for Excess Corn Production in Mato Grosso,"Soy Acreage up, Soy Production Down in R. Grande do Sul in 2017/18",Brazilian Farmers Adjust Timing of Fertilizer Purchases in 2017,Early Planting in Argentina may be Delayed by Excess Moisture,"3,46",1,1
2017-09,Conab 1st 2017/18 Brazilian Crop Est. - Soybeans 107 mt Corn 93 mt,2017/18 Brazilian Soybean Acreage Increase by Regions,Mato Grosso Farmers have sold 15% of their 2017/18 Soy Production,Corn Offers Better Returns than Soybeans for Farmers in Argentina,2017 U.S. Corn Condition Steady Soybeans improve Slightly,Farmers in Argentina have Planted 12% of their 2017/18 Corn Crop,Brazil Wheat Crop may Disappoint in both Yield and Price,U.S. Corn Condition holds Steady Soybeans down Slightly,Increased Odds of La Nina could Impact South American Crops,Study Indicates Corn-Based Ethanol Feasible in Mato Grosso,"3,5",0,-1
2017-09,Conab 1st 2017/18 Brazilian Crop Est. - Soybeans 107 mt Corn 93 mt,2017/18 Brazilian Soybean Acreage Increase by Regions,Reduced Spray Intervals to Control Soybean Rust in Brazil,Parana Farmers Accelerated their 2017/18 Soybean Planting,New Facility in Mato Grosso to Produce Ethanol from Soybeans,Mato Grosso Farmers have sold 15% of their 2017/18 Soy Production,Corn Offers Better Returns than Soybeans for Farmers in Argentina,2017 U.S. Corn Condition Steady Soybeans improve Slightly,Brazil Soybean Planting off to a Slow Start less than 1% Planted,Brazil Wheat Crop may Disappoint in both Yield and Price,"9,42",0,-1
2017-09-02,Imea increases Estimate of Mato Grosso's Corn Production,U.S. Corn Condition declines Slightly Soybeans hold Steady,Wheat Harvest reaches 16% in Parana in Southern Brazil,"U.S. Corn Condition declines Slightly, Soybeans hold Steady",Farmers in Parana may Plant First Soybeans in Brazil,Improved Economic News results in Stronger Brazilian Currency,Meteorologist in Brazil warn Farmers to keep Close Watch on Weather,,,,"3,58",0,0
2017-09-05,Improved Economic News results in Stronger Brazilian Currency,Conab Issues Generalized Look at 2017/18 Growing Season,Imea increases Estimate of Mato Grosso's Corn Production,Wheat Harvest reaches 16% in Parana in Southern Brazil,Meteorologist in Brazil warn Farmers to keep Close Watch on Weather,U.S. Corn Condition declines Slightly Soybeans hold Steady,"U.S. Corn Condition declines Slightly, Soybeans hold Steady",Farmers in Parana may Plant First Soybeans in Brazil,,,"3,58",0,-1
2017-09-08,U.S. Corn Condition Unchanged Soybean Condition down 1%,Improved Economic News results in Stronger Brazilian Currency,Dry Weather could Delay Start of Soybean Planting in Brazil,"U.S. Corn Condition Unchanged, Soybean Condition down 1%",Wet Weather could Delay Start of Planting in Argentina,Conab Issues Generalized Look at 2017/18 Growing Season,,,,,"3,54",0,0
2017-09-11,Dry Weather could Delay Start of Soybean Planting in Brazil,Wet Weather could Delay Start of Planting in Argentina,Conab Issues Generalized Look at 2017/18 Growing Season,U.S. Corn Condition Unchanged Soybean Condition down 1%,Study Indicates Corn-Based Ethanol Feasible in Mato Grosso,"U.S. Corn Condition Unchanged, Soybean Condition down 1%",,,,,"3,54",0,0
2017-09-14,Wet Weather could Delay Start of Planting in Argentina,Study Indicates Corn-Based Ethanol Feasible in Mato Grosso,"Brazil Needs 50,000 km Railroad System to meet Future Demand",Early Spring Weather and Planting Progress in South America,"U.S. Corn Condition holds Steady, Soybeans down Slightly",Dry Weather could Delay Start of Soybean Planting in Brazil,U.S. Corn Condition holds Steady Soybeans down Slightly,Brazil Needs 50000 km Railroad System to meet Future Demand,Increased Odds of La Nina could Impact South American Crops,Saturated Areas of Argentina Declining due to Dryer Weather,"3,52",1,0
2017-09-23,Return of Rains in Argentina could aggravate already wet Conditions,Spring Weather Forecast from Brazilian National Weather Service,2017 U.S. Corn Condition Steady Soybeans improve Slightly,"Brazil Soybean Planting off to a Slow Start, less than 1% Planted",Mato Grosso Farmers have sold 15% of their 2017/18 Soy Production,"2017 U.S. Corn Condition Steady, Soybeans improve Slightly",Corn Offers Better Returns than Soybeans for Farmers in Argentina,Brazil Soybean Planting off to a Slow Start less than 1% Planted,Cotton-Free Period in Mato Grosso will start October 1st,Farmers in Argentina have Planted 12% of their 2017/18 Corn Crop,"3,54",0,0
2017-09-26,"2017 U.S. Corn Condition Steady, Soybeans improve Slightly",2017 U.S. Corn Condition Steady Soybeans improve Slightly,Corn Offers Better Returns than Soybeans for Farmers in Argentina,Agricultural Zoning Rules in Brazil Define Planting Periods,Farmers in Argentina have Planted 12% of their 2017/18 Corn Crop,Return of Rains in Argentina could aggravate already wet Conditions,Spring Weather Forecast from Brazilian National Weather Service,Cotton-Free Period in Mato Grosso will start October 1st,Mato Grosso Farmers have sold 15% of their 2017/18 Soy Production,,"3,53",0,0
2017-10,Does Late Safrinha Corn Planting in Mato Grosso impact Yield,Chinese Investors to build 30 Grain Silos in Mato Grosso,Second (and larger) Corn Ethanol Plant Announced for Mato Grosso,Slow Soy Planting in Goias could impact Safrinha Corn Production,Farmers in Argentina Planting Summer Crops at Average Pace,Brazilian Currency Weakens - Brazilian Farmers Increase Sales,Margins on Soy Production in Mato Grosso in 2017/18 will be Tight,68.3% of Ag Income in Brazil from Crops 31.7% from Livestock,Mato Grosso Produces 6.5 Times more Corn than Consumed Locally,Rate of Deforestation in Brazilian Amazon Region declines in 2017,"3,51",0,0
2017-10,Slow Soy Planting in Goias could impact Safrinha Corn Production,2017/18 Brazilian Soybean Planting Remains Slow,Brazilian Currency Weakens - Brazilian Farmers Increase Sales,Margins on Soy Production in Mato Grosso in 2017/18 will be Tight,66% of Old Crop Soybeans Sold in Argentina 5% of New Crop Sold,Rate of Deforestation in Brazilian Amazon Region declines in 2017,Dry Weather Delays Soy Planting in Northern Mato Grosso,October Crop Report - Split Decision for U.S. Corn and Soybeans,Mato Grosso to Produce Less Soybeans and Corn in 2017/18,Record Soy Carryover in Argentina expected to Pressure Prices,"9,66",1,1
2017-10-02,Agricultural Zoning Rules in Brazil Define Planting Periods,Parana Farmers Accelerated their 2017/18 Soybean Planting,Brazil Planting Progress Slow but should now Improve with Rain,"Brazil Planting Progress Slow, but should now Improve with Rain",New Facility in Mato Grosso to Produce Ethanol from Soybeans,First Good Rains of 2017/18 Growing Season Recorded in Brazil,,,,,"3,5",0,0
2017-10-05,2017/18 Brazilian Soybean Acreage Increase by Regions,Parana Farmers Accelerated their 2017/18 Soybean Planting,Reduced Spray Intervals to Control Soybean Rust in Brazil,Conab 1st 2017/18 Brazilian Crop Est. - Soybeans 107 mt Corn 93 mt,"Conab 1st 2017/18 Brazilian Crop Est. - Soybeans 107 mt, Corn 93 mt",,,,,,"3,49",1,0
2017-10-08,Conab 1st 2017/18 Brazilian Crop Est. - Soybeans 107 mt Corn 93 mt,Reduced Spray Intervals to Control Soybean Rust in Brazil,Record Soy Carryover in Argentina expected to Pressure Prices,Farmers in Rio Grande do Sul facing a series of Weather Disruptions,2017/18 Brazilian Soybean Acreage Increase by Regions,Mato Grosso to Produce Less Soybeans and Corn in 2017/18,"Conab 1st 2017/18 Brazilian Crop Est. - Soybeans 107 mt, Corn 93 mt",,,,"3,49",0,0
2017-10-11,Record Soy Carryover in Argentina expected to Pressure Prices,Farmers in Rio Grande do Sul facing a series of Weather Disruptions,2017/18 Brazilian Corn Crop Could Face Problems,Conab 1st 2017/18 Brazilian Crop Est. - Soybeans 107 mt Corn 93 mt,October Crop Report - Split Decision for U.S. Corn and Soybeans,Mato Grosso to Produce Less Soybeans and Corn in 2017/18,2017 Brazilian Wheat Crop Disappoints Once Again,2017/18 Brazilian Soybean Acreage Increase by Regions,"Conab 1st 2017/18 Brazilian Crop Est. - Soybeans 107 mt, Corn 93 mt",,"3,5",0,0
2017-10-14,2017 Brazilian Wheat Crop Disappoints Once Again,Sugarcane Harvest Ending Early in Brazil due to Lack of Sugarcane,Dry Weather Delays Soy Planting in Northern Mato Grosso,October Crop Report - Split Decision for U.S. Corn and Soybeans,Rate of Deforestation in Brazilian Amazon Region declines in 2017,2017/18 Brazilian Corn Crop Could Face Problems,Mato Grosso Produces 6.5 Times more Corn than Consumed Locally,,,,"3,49",1,0
2017-10-17,Sugarcane Harvest Ending Early in Brazil due to Lack of Sugarcane,2017/18 Brazilian Corn Crop Could Face Problems,Dry Weather Delays Soy Planting in Northern Mato Grosso,October Crop Report - Split Decision for U.S. Corn and Soybeans,Rate of Deforestation in Brazilian Amazon Region declines in 2017,Mato Grosso Produces 6.5 Times more Corn than Consumed Locally,,,,,"3,49",1,0
2017-10-20,"66% of Old Crop Soybeans Sold in Argentina, 5% of New Crop Sold","68.3% of Ag Income in Brazil from Crops, 31.7% from Livestock",68.3% of Ag Income in Brazil from Crops 31.7% from Livestock,Farmers in Rio Grande do Sul continue to have Problems with Wheat,Farmers in Southern Brazil Alerted for Potential Severe Weather,"Brazil Planting Progress Continues Slow, Argentina about Average",Brazilian Minister requests Wheat Imports from Outside Mercosul,Brazil Planting Progress Continues Slow Argentina about Average,Sugarcane Harvest Ending Early in Brazil due to Lack of Sugarcane,66% of Old Crop Soybeans Sold in Argentina 5% of New Crop Sold,"3,5",0,0
2017-10-26,Brazilian Minister requests Wheat Imports from Outside Mercosul,Farmers in Southern Brazil Alerted for Potential Severe Weather,Brazilian Currency Weakens - Brazilian Farmers Increase Sales,"Three New Ethanol ""Flex"" Facilities to be built in Mato Grosso",Margins on Soy Production in Mato Grosso in 2017/18 will be Tight,2017/18 Brazilian Soybean Planting Remains Slow,Farmers in Argentina Planting Summer Crops at Average Pace,,,,"3,48",1,0
2017-11,Brazilian Farmers Slow Sellers in spite of Increasing Prices,Brazilian Cotton Acreage could increase 20% in 2017/18,Scientists Confirm Soybean Rust Overwintered in Argentina,Second Half of Brazil Soy Planting Progressing Ahead of Average,Normal Planting Pace for Argentine Soy Corn Slower than Average,Second Half of Brazil Soybean Planting Progressing Normally,First Case of Soybean Rust in Commercial Fields Confirmed in Brazil,Brazilian Farmers Hope for better Corn Prices in 2018,Weaker Currency Stimulates Corn Sales in Brazil,Mato Grosso's Corn Production could decline 4 mt in 2017/18,"9,87",1,1
2017-11,Brazilian Farmers Slow Sellers in spite of Increasing Prices,Brazilian Cotton Acreage could increase 20% in 2017/18,Proposal Introduced in Brazilian Congress to Tax Grain Exports,Normal Planting Pace for Argentine Soy Corn Slower than Average,2017/18 Corn Acreage in Brazil could Disappoint,Brazilian Farmers Hope for better Corn Prices in 2018,"Backers Urge Brazilian President to Approve ""Grain Railroad""",Weaker Currency Stimulates Corn Sales in Brazil,Mato Grosso's Corn Production could decline 4 mt in 2017/18,Reuters Survey - Average Brazil Soy Production 109.4 Million Tons,"3,49",0,0
2017-11-01,Brazil Farmers fear Programs may not be funded at Promised Levels,Second (and larger) Corn Ethanol Plant Announced for Mato Grosso,Does Late Safrinha Corn Planting in Mato Grosso impact Yield,2017/18 Brazilian Soybean Planting Remains Slow,Chinese Investors to build 30 Grain Silos in Mato Grosso,Slow Soy Planting in Goias could impact Safrinha Corn Production,Number of Countries Importing Brazilian Meat back to Normal,Farmers in Argentina Planting Summer Crops at Average Pace,,,"3,49",0,-1
2017-11-04,Chinese Investors to build 30 Grain Silos in Mato Grosso,Argentine Planting Progressing at Average Pace,Conab Increases Brazil Soy Slightly Lowers Brazil Corn Slightly,Does Late Safrinha Corn Planting in Mato Grosso impact Yield,Second (and larger) Corn Ethanol Plant Announced for Mato Grosso,Brazil Planting Continues slower than last Year,"Conab Increases Brazil Soy Slightly, Lowers Brazil Corn Slightly",,,,"3,46",0,-1
2017-11-07,Chinese Investors to build 30 Grain Silos in Mato Grosso,Brazil Planting Continues slower than last Year,Brazilian Farmers Wrapping up Disappointing Wheat Harvest,Conab Increases Brazil Soy Slightly Lowers Brazil Corn Slightly,Does Late Safrinha Corn Planting in Mato Grosso impact Yield,Argentine Planting Progressing at Average Pace,"Conab Increases Brazil Soy Slightly, Lowers Brazil Corn Slightly",,,,"3,45",0,0
2017-11-10,Reuters Survey - Average Brazil Soy Production 109.4 Million Tons,Mato Grosso's Corn Production could decline 4 mt in 2017/18,Conab Increases Brazil Soy Slightly Lowers Brazil Corn Slightly,"Brazil\'s ""Flex Fuel"" Sugar/Ethanol Mills operate Year Round","Conab Increases Brazil Soy Slightly, Lowers Brazil Corn Slightly",Lessons Learned from the Record High U.S. Corn Yields of 2017,"Brazil's ""Flex Fuel"" Sugar/Ethanol Mills operate Year Round",Germany and U.K. join with Mato Grosso to Combat Deforestation,South America 2017/18 Spring Planting Progress,Brazilian Farmers Wrapping up Disappointing Wheat Harvest,"3,4",1,0
2017-11-13,Weaker Currency Stimulates Corn Sales in Brazil,Brazilian Farmers Wrapping up Disappointing Wheat Harvest,South America 2017/18 Spring Planting Progress,Germany and U.K. join with Mato Grosso to Combat Deforestation,Mato Grosso's Corn Production could decline 4 mt in 2017/18,Lessons Learned from the Record High U.S. Corn Yields of 2017,"Brazil's ""Flex Fuel"" Sugar/Ethanol Mills operate Year Round",Reuters Survey - Average Brazil Soy Production 109.4 Million Tons,"Brazil\'s ""Flex Fuel"" Sugar/Ethanol Mills operate Year Round",,"3,4",1,0
2017-11-16,Weaker Currency Stimulates Corn Sales in Brazil,"Argentina Planting at Average Pace, Dry Weather Worrisome",Brazil Highlights Low Carbon Agriculture at Bonn Climate Meeting,Dry Weather in Argentina Starting to be a Concern,Argentina Planting at Average Pace Dry Weather Worrisome,Mato Grosso's Corn Production could decline 4 mt in 2017/18,Second Half of Brazil Planting Progressing Normally,"Brazil\'s ""Flex Fuel"" Sugar/Ethanol Mills operate Year Round",Germany and U.K. join with Mato Grosso to Combat Deforestation,"Brazil's ""Flex Fuel"" Sugar/Ethanol Mills operate Year Round","3,43",1,0
2017-11-19,Dry Weather in Argentina Starting to be a Concern,Argentina Planting at Average Pace Dry Weather Worrisome,Second Half of Brazil Planting Progressing Normally,Brazil Highlights Low Carbon Agriculture at Bonn Climate Meeting,"Backers Urge Brazilian President to Approve ""Grain Railroad""","Argentina Planting at Average Pace, Dry Weather Worrisome",,,,,"3,44",1,0
2017-11-22,Brazilian Farmers Hope for better Corn Prices in 2018,"Backers Urge Brazilian President to Approve ""Grain Railroad""",First Case of Soybean Rust in Commercial Fields Confirmed in Brazil,Three Proposed Railroad Projects slated for Mato Grosso,Dry Weather in Argentina Starting to be a Concern,,,,,,"3,43",1,1
2017-11-25,Increasingly Dry Weather in Argentina Worries Producers,Brazilian Farmers Hope for better Corn Prices in 2018,Second Half of Brazil Soybean Planting Progressing Normally,First Case of Soybean Rust in Commercial Fields Confirmed in Brazil,Brazilians and Chinese met to Discuss Investments in Mato Grosso,Three Proposed Railroad Projects slated for Mato Grosso,2017/18 Corn Acreage in Brazil could Disappoint,,,,"3,48",1,0
2017-11-28,2017/18 Corn Acreage in Brazil could Disappoint,Three Proposed Railroad Projects slated for Mato Grosso,Increasingly Dry Weather in Argentina Worries Producers,Company Requests 10-year Extension to Complete Work on BR-163,First Case of Soybean Rust in Commercial Fields Confirmed in Brazil,Brazilians and Chinese met to Discuss Investments in Mato Grosso,Second Half of Brazil Soybean Planting Progressing Normally,,,,"3,51",1,0
2017-12,Early Safrinha Corn Planting Underway in Parana,Brazilian Corn Production yet to be Determined,Cotton Acreage in Mato Grosso expected to increase 15.8%,Brazilian Farmers lack Enthusiasm for 2017/18 Safrinha Corn,Soy Planting in Brazil Complete Safrinha Corn yet to be Determined,Argentina Soy Planting on Pace Corn Planting Extremely Slow,Conab Increases Brazilian Soybean Estimate Corn declines Slightly,,,,"3,46",0,0
2017-12,Paraguay expected to Produce Good Soybean Crop,Weather Favorable for Brazilian Soybean Crop,Brazilian Corn Production yet to be Determined,Soybean Planting Extension in Parana criticized by Industry,Wet Weather in Parana making it difficult to control Soybean Rust,Cotton Acreage in Mato Grosso expected to increase 15.8%,Recent Rains help to Stabilize Soybean Crop in Paraguay,Brazilian Weather Beneficial for Soybean Development,Soybean Planting Date Extended in the State of Parana,Soybean Crop in Sorriso Mato Grosso doing Fine,"9,89",0,0
2017-12-01,"Argentine Planting Slower than Average, Potential Dryness Worries",Company Requests 10-year Extension to Complete Work on BR-163,Normal Planting Pace for Argentine Soy Corn Slower than Average,Argentine Planting Slower than Average Potential Dryness Worries,Brazilians and Chinese met to Discuss Investments in Mato Grosso,"Normal Planting Pace for Argentine Soy, Corn Slower than Average",Scientists Confirm Soybean Rust Overwintered in Argentina,Second Half of Brazil Soy Planting Progressing Ahead of Average,Proposal Introduced in Brazilian Congress to Tax Grain Exports,Agriculture Accounts for 23.5% of the Brazilian Economy in 2017,"3,54",0,0
2017-12-07,Proposal Introduced in Brazilian Congress to Tax Grain Exports,"Conab Increases Brazilian Soybean Estimate, Corn declines Slightly",Central Bank Drops Brazil's Prime Rate to Historic Low of 7.0%,Conab Increases Brazilian Soybean Estimate Corn declines Slightly,Brazil's Bioenergy Concerned about Gov's Commitment to Research,Brazilian Farmers Slow Sellers in spite of Increasing Prices,Brazilian Cotton Acreage could increase 20% in 2017/18,Soybean Planting nears Completion in Brazil,Agriculture Accounts for 23.5% of the Brazilian Economy in 2017,,"3,5",0,0
2017-12-10,Brazilian Farmers Slow Sellers in spite of Increasing Prices,Conab Increases Brazilian Soybean Estimate Corn declines Slightly,"Conab Increases Brazilian Soybean Estimate, Corn declines Slightly",Central Bank Drops Brazil's Prime Rate to Historic Low of 7.0%,"Dryness Impacting Paraguay Soybeans, Uruguay also Worried",Brazilian Army to keep BR-163 Passable this Rainy Season,"Brazil Wheat Crop Disappoints, will Allow Russian Wheat Imports",Brazil's Bioenergy Concerned about Gov's Commitment to Research,Soybean Planting nears Completion in Brazil,Brazil Wheat Crop Disappoints will Allow Russian Wheat Imports,"3,48",1,0
2017-12-13,Soybean Planting nears Completion in Brazil,"Soy Planting in Brazil Complete, Safrinha Corn yet to be Determined",Brazil Wheat Crop Disappoints will Allow Russian Wheat Imports,"Brazil Wheat Crop Disappoints, will Allow Russian Wheat Imports","Dryness Impacting Paraguay Soybeans, Uruguay also Worried",Soy Planting in Brazil Complete Safrinha Corn yet to be Determined,Argentina Soy Planting on Pace Corn Planting Extremely Slow,"Argentina Soy Planting on Pace, Corn Planting Extremely Slow",Conab Increases Brazilian Soybean Estimate Corn declines Slightly,"Conab Increases Brazilian Soybean Estimate, Corn declines Slightly","3,48",1,0
2017-12-16,Cargill ADM Bunge Amaggi interested in Railroad in Brazil,"Soybean Crop in Sorriso, Mato Grosso doing Fine",Japanese Officials Toured Brazil looking for Investments,"Soy Planting in Brazil Complete, Safrinha Corn yet to be Determined",Cotton Planting in Brazil starts Slower than Normal,Soybean Crop in Sorriso Mato Grosso doing Fine,Soy Planting in Brazil Complete Safrinha Corn yet to be Determined,"Cargill, ADM, Bunge, Amaggi interested in Railroad in Brazil",Argentina Soy Planting on Pace Corn Planting Extremely Slow,"Argentina Soy Planting on Pace, Corn Planting Extremely Slow","3,49",1,0
2017-12-19,"Soy Planting in Brazil Complete, Safrinha Corn yet to be Determined",Soybean Crop in Sorriso Mato Grosso doing Fine,Japanese Officials Toured Brazil looking for Investments,Soy Planting in Brazil Complete Safrinha Corn yet to be Determined,Argentina Soy Planting on Pace Corn Planting Extremely Slow,Cargill ADM Bunge Amaggi interested in Railroad in Brazil,"Cargill, ADM, Bunge, Amaggi interested in Railroad in Brazil","Soybean Crop in Sorriso, Mato Grosso doing Fine",Cotton Planting in Brazil starts Slower than Normal,"Argentina Soy Planting on Pace, Corn Planting Extremely Slow","3,5",1,0
2017-12-25,Brazilian Weather Beneficial for Soybean Development,Recent Rains offer Reprieve in Argentina Dry Weather to Return,Brazilian Farmers lack Enthusiasm for 2017/18 Safrinha Corn,Soybean Planting Date Extended in the State of Parana,"Recent Rains offer Reprieve in Argentina, Dry Weather to Return",Recent Rains help to Stabilize Soybean Crop in Paraguay,,,,,"3,52",0,0
2017-12-28,Brazilian Farmers lack Enthusiasm for 2017/18 Safrinha Corn,Cotton Acreage in Mato Grosso expected to increase 15.8%,Wet Weather in Parana making it difficult to control Soybean Rust,Recent Rains help to Stabilize Soybean Crop in Paraguay,Weather in Argentina Continues to be Worrisome,,,,,,"3,52",0,0
2017-12-31,Weather in Argentina Continues to be Worrisome,Wet Weather in Parana making it difficult to control Soybean Rust,Cotton Acreage in Mato Grosso expected to increase 15.8%,,,,,,,,"3,52",0,0
2018-01,Brazil Soybeans 6.4% Harvested Mato Grosso 20% Harvested,50-60% of Soybeans in Argentina at Risk from Dry Weather,Soybean Pod Shedding in Brazil Explained (maybe),Forward Soybean Sales have been slow in Brazil,Dryer Weather in Brazil beneficial for early Soybean Harvest,Weather in Uruguay has been inconsistent for Soybean Production,Soybean Pods Dropping of Plants in Parana for Unknown Reason,Conventional Soy (non-GMO) maintains Niche Market in Brazil,Parana has 52% of all the Confirmed Cases of Soybean Rust in Brazil,Brazilian Farmers Moving Old Crop Corn to make room for Soy,"9,62",0,-1
2018-01,Safrinha Corn in Brazil 10.6% Planted Mato Grosso 16% Planted,Argentina Corn Crop being impacted by Hot and Dry Conditions,Crops in Uruguay being impacted by Hot and Dry Weather,Hot and Dry Conditions could impact Crops in Argentina,New Route to Import Corn from Paraguay into Southern Brazil,Forward Soybean Sales have been slow in Brazil,Weather in Uruguay has been inconsistent for Soybean Production,Brazilian Farmers Moving Old Crop Corn to make room for Soy,Brazilian Corn and Soybean Production Maps from Conab,Conab Increases Brazilian Soybean Estimate 1.2 Million Tons,"3,5",1,1
2018-01-03,Weather Favorable for Brazilian Soybean Crop,Wet Weather in Parana making it difficult to control Soybean Rust,Soybean Planting Extension in Parana criticized by Industry,Brazilian Corn Production yet to be Determined,Weather in Argentina Continues to be Worrisome,,,,,,"3,5",0,0
2018-01-06,"Brazilian States are hoping to be declared free of ""Foot and Mouth""",Soybean Planting Extension in Parana criticized by Industry,Weather Favorable for Brazilian Soybean Crop,Brazilian Corn Production yet to be Determined,Conab Increases Brazilian Soybean Estimate 1.2 Million Tons,Brazil's Soybean Harvest Delayed 10-15 Days compared to last year,Continued Dryness in Argentina remains a Concern,Early Safrinha Corn Planting Underway in Parana,Paraguay expected to Produce Good Soybean Crop,,"3,48",1,0
2018-01-09,Conab Increases Brazilian Soybean Estimate 1.2 Million Tons,Paraguay expected to Produce Good Soybean Crop,IBGE and Conab differ on their Brazilian Crop Estimates,Brazilian Corn Production yet to be Determined,"Brazilian States are hoping to be declared free of ""Foot and Mouth""",Early Safrinha Corn Planting Underway in Parana,Weather Favorable for Brazilian Soybean Crop,Brazil's Soybean Harvest Delayed 10-15 Days compared to last year,Continued Dryness in Argentina remains a Concern,,"3,48",1,0
2018-01-18,Dry Weather becoming very worrisome in Argentina,Dryer Weather in Brazil beneficial for early Soybean Harvest,Weather in Uruguay has been inconsistent for Soybean Production,Soybean Pods Dropping of Plants in Parana for Unknown Reason,Conventional Soy (non-GMO) maintains Niche Market in Brazil,Brazilian Farmers Moving Old Crop Corn to make room for Soy,Parana has 52% of all the Confirmed Cases of Soybean Rust in Brazil,,,,"3,53",1,1
2018-01-21,Dry Weather becoming very worrisome in Argentina,Cotton Planting off to a slow start in Mato Grosso,Soybean Pods Dropping of Plants in Parana for Unknown Reason,Forward Soybean Sales have been slow in Brazil,New Route to Import Corn from Paraguay into Southern Brazil,Weather in Uruguay has been inconsistent for Soybean Production,Dryer Weather in Brazil beneficial for early Soybean Harvest,,,,"3,54",1,1
2018-01-24,Weather in Uruguay has been inconsistent for Soybean Production,Soybean Pod Shedding in Brazil Explained (maybe),Forward Soybean Sales have been slow in Brazil,Ex-President Lula's Corruption Conviction Upheld in Brazil,New Route to Import Corn from Paraguay into Southern Brazil,Brazil's Financial Markets responded positively to Lula's Conviction,Cotton Planting off to a slow start in Mato Grosso,Dryer Weather in Brazil beneficial for early Soybean Harvest,,,"3,58",1,0
2018-01-27,Soybean Pod Shedding in Brazil Explained (maybe),"After 2-3 Weeks of Dryer Weather, much Wetter Forecast for Brazil",Ex-President Lula's Corruption Conviction Upheld in Brazil,Hot and Dry Conditions could impact Crops in Argentina,Traffic Problems develop again on BR-163 in Northern Brazil,Brazil's Financial Markets responded positively to Lula's Conviction,After 2-3 Weeks of Dryer Weather much Wetter Forecast for Brazil,,,,"3,61",1,0
2018-02,2017/18 Brazil Soybean Crop 35% Harvested Farmers Encouraged,Argentina Soybeans Estimates Declining,Buenos Aires Grain Exchange Slashes Soybean Production Estimate,Soybean Production in Uruguay also impacted by Dry Weather,Brazilian Soybean Crop 25% Harvested,Argentine Soybean Estimate Continues to Decline,83% of Mato Grosso's Cotton is Safrinha Production,Crop Estimates in Argentina Continue to Decline,Brazil Soybeans 26% Harvested slowed by Wet Weather,Argentina Soybeans at Risk from Hot and Dry Conditions,"9,82",1,1
2018-02,2017/18 Brazil Safrinha Corn 63% Planted,Argentina Corn 3.2% Harvested Yields Dissapoint,Buenos Aires Grain Exchange Slashes Soybean Production Estimate,Soybean Production in Uruguay also impacted by Dry Weather,Brazilian Safrinha Corn Crop is 43% Planted,Argentine Soybean Estimate Continues to Decline,83% of Mato Grosso's Cotton is Safrinha Production,Mexico Cracks Open the Door for Corn Imports from Brazil,Crop Estimates in Argentina Continue to Decline,Planting of the Safrinha Corn in Brazil Proceeding Slowly,"3,55",1,1
2018-02-02,Brazilian Farmers Face Higher Transport Costs and Problems,Safrinha Corn in Brazil 10.6% Planted Mato Grosso 16% Planted,"Brazil Soybeans 6.4% Harvested, Mato Grosso 20% Harvested",Traffic Problems develop again on BR-163 in Northern Brazil,Argentina Corn Crop being impacted by Hot and Dry Conditions,"Soy Harvest in Parana under way, Early Yields lower than Last Year",Soy Harvest in Parana under way Early Yields lower than Last Year,"Safrinha Corn in Brazil 10.6% Planted, Mato Grosso 16% Planted",50-60% of Soybeans in Argentina at Risk from Dry Weather,Crops in Uruguay being impacted by Hot and Dry Weather,"3,63",1,0
2018-02-08,Weekend Rains Disappoint in Argentina Dryness Returns,"Brazilian Full-Season Corn 11% Harvested, Safrinha 15% Planted",1.5% of Brazil's Ethanol Production is from Corn and Growing,"Soy Harvest in Parana under way, Early Yields lower than Last Year","Brazilian Soybeans 10% Harvested, Pace in Parana Very Slow",Brazilian Full-Season Corn 11% Harvested Safrinha 15% Planted,Soy Harvest in Parana under way Early Yields lower than Last Year,"Weekend Rains Disappoint in Argentina, Dryness Returns",Brazilian Farmers Face Higher Transport Costs and Problems,Brazilian Soybeans 10% Harvested Pace in Parana Very Slow,"3,66",1,0
2018-02-11,Port of Concepcion in Central Paraguay to Increase Soybean Exports,Weekend Rains Disappoint in Argentina Dryness Returns,Embrapa Releases New Soybean Variety more Resistant to Soy Rust,"Weekend Rains Disappoint in Argentina, Dryness Returns",BR-163 in Northern Brazil Reopened to Traffic (at least for now),Brazilian Full-Season Corn 11% Harvested Safrinha 15% Planted,"Brazilian Full-Season Corn 11% Harvested, Safrinha 15% Planted",Soybean Harvest Slowed in Mato Grosso due to Wet Weather,"Brazilian Soybeans 10% Harvested, Pace in Parana Very Slow",Brazilian Soybeans 10% Harvested Pace in Parana Very Slow,"3,67",0,0
2018-02-14,"Exports from Brazil's ""Northern Arc"" of Ports up 71% in 2017",Hot and Dry Conditions Continue to Impact Argentine Corn,"Brazilian Full-Season Corn 11% Harvested, Safrinha 15% Planted",Embrapa Releases New Soybean Variety more Resistant to Soy Rust,Brazilian Full-Season Corn 11% Harvested Safrinha 15% Planted,"Exports from Brazil\'s ""Northern Arc"" of Ports up 71% in 2017",Brazilian Soybeans 10% Harvested Pace in Parana Very Slow,"Brazilian Soybeans 10% Harvested, Pace in Parana Very Slow",Soybean Harvest Slowed in Mato Grosso due to Wet Weather,Port of Concepcion in Central Paraguay to Increase Soybean Exports,"3,67",1,0
2018-02-17,Second Corn-Based Ethanol Plant Scheduled for Mato Grosso,Planting of the Safrinha Corn in Brazil Proceeding Slowly,"Exports from Brazil's ""Northern Arc"" of Ports up 71% in 2017","Brazil Soybeans 26% Harvested, slowed by Wet Weather","Exports from Brazil\'s ""Northern Arc"" of Ports up 71% in 2017",Brazil's Biodiesel will go from B8 to B10 in March,Argentina Soybeans at Risk from Hot and Dry Conditions,Crop Estimates in Argentina Continue to Decline,Hot and Dry Conditions Continue to Impact Argentine Corn,Brazil Soybeans 26% Harvested slowed by Wet Weather,"3,66",1,1
2018-02-20,Mexico Cracks Open the Door for Corn Imports from Brazil,"Brazil Soybeans 26% Harvested, slowed by Wet Weather",Argentina Soybeans at Risk from Hot and Dry Conditions,Crop Estimates in Argentina Continue to Decline,Hot and Dry Conditions Continue to Impact Argentine Corn,Planting of the Safrinha Corn in Brazil Proceeding Slowly,Second Corn-Based Ethanol Plant Scheduled for Mato Grosso,Brazil Soybeans 26% Harvested slowed by Wet Weather,Brazil's Biodiesel will go from B8 to B10 in March,,"3,68",1,1
2018-02-23,Brazilian Soybean Crop 25% Harvested,Argentine Soybean Estimate Continues to Decline,Mexico Cracks Open the Door for Corn Imports from Brazil,Soybean Production in Uruguay also impacted by Dry Weather,Brazilian Safrinha Corn Crop is 43% Planted,Crop Estimates in Argentina Continue to Decline,92% of Farmers in Argentina Expect Below Average Yields,83% of Mato Grosso's Cotton is Safrinha Production,,,"3,76",1,1
2018-02-26,Buenos Aires Grain Exchange Slashes Soybean Production Estimate,Brazilian Soybean Crop 25% Harvested,Mexico Cracks Open the Door for Corn Imports from Brazil,Soybean Production in Uruguay also impacted by Dry Weather,Argentine Soybean Estimate Continues to Decline,92% of Farmers in Argentina Expect Below Average Yields,Brazilian Safrinha Corn Crop is 43% Planted,83% of Mato Grosso's Cotton is Safrinha Production,,,"3,8",1,1
2018-03,Soy Harvest Complete in Mato Grosso Brazil 71% Harvested,Industrialization is the Cure for Low Corn Prices in Mato Grosso,Brazil could increase Irrigated Crop Acreage 65% in Six Years,Brazil Soy Crop 65% Harvested Yields Good in Rio Grande do Sul,Early Soy Yields in Argentina are Highly Variable 11 to 72 bu/ac,Farmers in NE Brazil could Harvest Record Soybean Yields,Rains Benefit Soybeans in Rio Grande do Sul in Southern Brazil,Rains Offer Limited Help to Soy Crop in Argentina More Needed,2017/18 Brazil Soybean Crop Approaching 50% Harvested,Conab Increases Brazilian Soy Estimates and Trims Corn Estimate,"10,35",1,1
2018-03,Safrinha Corn in Excellent condition in central Mato Grosso,Argentina Crops Received some rain but more is Needed,Brazil may Import Corn from U.S. and Argentina,Industrialization is the Cure for Low Corn Prices in Mato Grosso,Brazil could increase Irrigated Crop Acreage 65% in Six Years,Barge Operator to Truck Grain out of Mato Grosso to the Amazon,Brazil's Safrinha Corn Crop Planting Nearly Complete,Argentina Corn 13.3% Harvested Rains Disappoint Again,Safrinha Corn Planting Complete in Mato Grosso,Safrinha Corn in Brazil 92% Planted Rated in Good Condition,"3,72",1,1
2018-03-01,2017/18 Brazil Soybean Crop 35% Harvested Farmers Encouraged,Argentina Soybeans Estimates Declining,Argentina Corn 3.2% Harvested Yields Dissapoint,"2017/18 Brazil Soybean Crop 35% Harvested, Farmers Encouraged",92% of Farmers in Argentina Expect Below Average Yields,Crop Situation in Argentina continues to Deteriorate,Buenos Aires Grain Exchange Slashes Soybean Production Estimate,"Argentina Corn 3.2% Harvested, Yields Dissapoint",Soybean Production in Uruguay also impacted by Dry Weather,2017/18 Brazil Safrinha Corn 63% Planted,"3,87",1,0
2018-03-04,Brazil Launches New Program to Upgrade Meat Testing Standards,Conab Increases Brazilian Soy Estimates and Trims Corn Estimate,Argentina Soybeans Estimates Declining,Argentina Corn 3.2% Harvested Yields Dissapoint,2017/18 Brazil Safrinha Corn 63% Planted,Crop Situation in Argentina continues to Deteriorate,"2017/18 Brazil Soybean Crop 35% Harvested, Farmers Encouraged",2017/18 Brazil Soybean Crop 35% Harvested Farmers Encouraged,Comprehensive Infrastructure Study Released by Brazilian Gov.,"Argentina Corn 3.2% Harvested, Yields Dissapoint","3,89",0,0
2018-03-07,Recent Rains Disappoint again in Argentina,Port of Paranagua in Southern Brazil loads Largest Grain Vessel,Lack of Trucks to Haul Grain Worries Farmers in Eastern Goias,Conab Increases Brazilian Soy Estimates and Trims Corn Estimate,"2017/18 Brazil Soybean Crop 35% Harvested, Farmers Encouraged",Comprehensive Infrastructure Study Released by Brazilian Gov.,Brazil Launches New Program to Upgrade Meat Testing Standards,2017/18 Brazil Safrinha Corn 63% Planted,2017/18 Brazil Soybean Crop 35% Harvested Farmers Encouraged,,"3,91",0,-1
2018-03-22,Farmers in NE Brazil could Harvest Record Soybean Yields,CNA Study Highlights Brazil's Inefficient Transportation Systems,"Argentina Corn 13.3% Harvested, Rains Disappoint Again",Brazil Soy Crop 65% Harvested Yields Good in Rio Grande do Sul,Safrinha Corn Planting Complete in Mato Grosso,Brazil's Safrinha Corn Crop Planting Nearly Complete,"Brazil Soy Crop 65% Harvested, Yields Good in Rio Grande do Sul",Argentina Corn 13.3% Harvested Rains Disappoint Again,Drought results in Significant Crop Loses in Cordoba Argentina,"Early Soy Yields in Argentina are Highly Variable, 11 to 72 bu/ac","3,75",1,1
2018-03-25,Barge Operator to Truck Grain out of Mato Grosso to the Amazon,"Argentina Corn 13.3% Harvested, Rains Disappoint Again","Brazil Soy Crop 65% Harvested, Yields Good in Rio Grande do Sul",Industrialization is the Cure for Low Corn Prices in Mato Grosso,Brazil Soy Crop 65% Harvested Yields Good in Rio Grande do Sul,Early Soy Yields in Argentina are Highly Variable 11 to 72 bu/ac,Brazil's Safrinha Corn Crop Planting Nearly Complete,Brazil could increase Irrigated Crop Acreage 65% in Six Years,CNA Study Highlights Brazil's Inefficient Transportation Systems,Argentina Corn 13.3% Harvested Rains Disappoint Again,"3,77",1,1
2018-03-28,Industrialization is the Cure for Low Corn Prices in Mato Grosso,"Argentina Crops Received some rain, but more is Needed","Brazil Soy Crop 65% Harvested, Yields Good in Rio Grande do Sul",Argentine Drought Featured on Brazilian TV,Barge Operator to Truck Grain out of Mato Grosso to the Amazon,Brazil may Import Corn from U.S. and Argentina,Brazil could increase Irrigated Crop Acreage 65% in Six Years,Brazil's Safrinha Corn Crop Planting Nearly Complete,Argentina Crops Received some rain but more is Needed,Brazil Soy Crop 65% Harvested Yields Good in Rio Grande do Sul,"3,84",1,0
2018-03-31,Soy Harvest Complete in Mato Grosso Brazil 71% Harvested,"Argentina Crops Received some rain, but more is Needed",Safrinha Corn in Excellent condition in central Mato Grosso,"Soy Harvest Complete in Mato Grosso, Brazil 71% Harvested",Argentina Crops Received some rain but more is Needed,Argentine Drought Featured on Brazilian TV,Brazil may Import Corn from U.S. and Argentina,,,,"3,87",1,0
2018-04,Brazil Safrinha Corn Continues to be impacted by Dry Weather,U.S. Planting Progress - Corn a little Slow Soybeans a little Ahead,Farmers in Mato Grosso are slow Sellers in Spite of Improved Prices,Wheat Production in South America could increase 5.9% in 2018,U.S. Corn Planting 17% Complete about a week slower than Average,Only 1.2% of Deforestation in Amazon Region due to Soy Production,Brazilian Soybean Farmers very Pleased with Strong Prices,Safrinha Corn in Southern Brazil being impacted by Dry Weather,Farmers in NE Brazil are very pleased with this Year's Production,Domestic Corn Prices Strengthen in Mato Grosso,"3,82",1,1
2018-04,U.S. Planting Progress - Corn a little Slow Soybeans a little Ahead,Farmers in Mato Grosso are slow Sellers in Spite of Improved Prices,Last Day to Harvest Soybeans in Mato Grosso was last Saturday,Wheat Production in South America could increase 5.9% in 2018,Dry Weather Negatively Impacting Safrinha Soybeans in Paraguay,Only 1.2% of Deforestation in Amazon Region due to Soy Production,Brazilian Soybean Farmers very Pleased with Strong Prices,Farmers in NE Brazil are very pleased with this Year's Production,Domestic Corn Prices Strengthen in Mato Grosso,Brazil Government Authorized the sale of One Million Tons of Corn,"10,35",0,0
2018-04-03,Safrinha Corn in Excellent condition in central Mato Grosso,"Argentina Crops Received some rain, but more is Needed","Soy Harvest Complete in Mato Grosso, Brazil 71% Harvested",Argentine Drought Featured on Brazilian TV,Soy Harvest Complete in Mato Grosso Brazil 71% Harvested,Argentina Crops Received some rain but more is Needed,,,,,"3,88",0,0
2018-04-06,Safrinha Corn Production in Central Brazil looks Good,Rains in Argentina coming too late for most Soybeans,Late Planted Corn in Argentina might be helped by Recent Rains,2017/18 Brazilian Soybean Crop over Three Quarters Harvested,Corn Prices in Mato Grosso do Sul could decline with Harvest,,,,,,"3,89",0,-1
2018-04-09,Safrinha Corn Production in Central Brazil looks Good,Rains in Argentina coming too late for most Soybeans,Corn Prices in Mato Grosso do Sul could decline with Harvest,2017/18 Brazilian Soybean Crop over Three Quarters Harvested,Conab Increases Soybean and Corn Estimates in April Report,Late Planted Corn in Argentina might be helped by Recent Rains,,,,,"3,88",0,-1
2018-04-12,"Safrinha Corn in Central Brazil is Good, Southern Brazil needs Rain",Conab Increases Soybean and Corn Estimates in April Report,Argentina Corn and Soybeans 25% Harvested Yields Disappoint,"Argentina Corn and Soybeans 25% Harvested, Yields Disappoint",Safrinha Corn in Central Brazil is Good Southern Brazil needs Rain,Brazil Soybean Farmers Benefit from potential Trade Dispute,Corn Prices in Mato Grosso do Sul could decline with Harvest,Paraguay may Export up to 2 Million Tons of Soybeans to Argentina,Buenos Aires Province declares Emergency in 27 Municipalities,,"3,84",0,0
2018-04-18,Dryer Weather in Southern Brazil could Impact Safrinha Corn,U.S. Corn Planting 5% (average is 14%) Soy 2% (average is 2%),Brazil Soybean Farmers Benefit from potential Trade Dispute,Soybeans in Southern Rio Grande do Sul Impacted by Drought,"Safrinha Corn in Central Brazil is Good, Southern Brazil needs Rain",Brazil to increase Meat Exports to Asia and Russia,More Cargo now moves by Barge than by Rail in Brazil,"U.S. Corn Planting 5% (average is 14%), Soy 2% (average is 2%)",Safrinha Corn in Central Brazil is Good Southern Brazil needs Rain,Soybean Prices remain Strong in Brazil,"3,8",1,1
2018-04-24,Dryer Weather in Southern Brazil could Impact Safrinha Corn,U.S. Corn Planting 5% (average is 14%) Soy 2% (average is 2%),Farmers in NE Brazil are very pleased with this Year's Production,Domestic Corn Prices Strengthen in Mato Grosso,Paraguay Farmers waiting for improved Moisture to Plant Wheat,Brazil Government Authorized the sale of One Million Tons of Corn,"U.S. Corn Planting 5% (average is 14%), Soy 2% (average is 2%)",Improved Weather in Argentina too Late for most Argentine Crops,,,"3,91",1,1
2018-04-27,Dry Weather Negatively Impacting Safrinha Soybeans in Paraguay,"U.S. Corn Planting 17% Complete, about a week slower than Average",Only 1.2% of Deforestation in Amazon Region due to Soy Production,Wheat Production in South America could increase 5.9% in 2018,Safrinha Corn in Southern Brazil being impacted by Dry Weather,Farmers in NE Brazil are very pleased with this Year's Production,Brazilian Soybean Farmers very Pleased with Strong Prices,U.S. Corn Planting 17% Complete about a week slower than Average,,,"4,03",1,0
2018-05,Soybean Prices Rise in Brazil Fueled largely by Weaker Currency,2018 U.S. Crops off to a Strong Start,Safrinha Corn Harvest starting in Mato Grosso,Analyst Lower their 2017/18 Brazilian Corn Estimates,Brazilian Farmers are finally selling their Wheat at a Profit,Brazilian Organizations Criticize Increased Freight Rates,Rosario Grain Exchange lowers their Argentine Crop Estimates,Brazil Corn Estimates Decline in Spite of first Rainfall in Weeks,2018 U.S. Planting Pace - Corn now Average Soybeans Advanced,Weaker Brazilian Currency results in Improved Soy Prices,"3,92",1,1
2018-05,Soybean-Free Period takes effect in Central Brazil next Week,Soybean Prices Rise in Brazil Fueled largely by Weaker Currency,Brazilian Farmers are finally selling their Wheat at a Profit,Brazilian Organizations Criticize Increased Freight Rates,Brazil Corn Estimates Decline in Spite of first Rainfall in Weeks,2018 U.S. Planting Pace - Corn now Average Soybeans Advanced,Soybean Stem Fly found in Central Brazil for the First Time,Weaker Brazilian Currency results in Improved Soy Prices,Uruguay Soybean Production down 61% due to Severe Drought,Argentina's Soybeans Negatively Impacted by Wet Weather,"10,38",0,0
2018-05-03,U.S. Planting Progress - Corn a little Slow Soybeans a little Ahead,Damaged Berth at Argentine Port may take 18 Months to Repair,Dry Weather Negatively Impacting Safrinha Soybeans in Paraguay,Farmers in Mato Grosso are slow Sellers in Spite of Improved Prices,"U.S. Planting Progress - Corn a little Slow, Soybeans a little Ahead",Last Day to Harvest Soybeans in Mato Grosso was last Saturday,Wheat Production in South America could increase 5.9% in 2018,Brazilian Millers may need to Import U.S. Wheat,Brazil Safrinha Corn Continues to be impacted by Dry Weather,,"4,04",0,0
2018-05-09,"Brazil Safrinha Corn only Received Light Rain, More Needed",Damaged Berth at Argentine Port may take 18 Months to Repair,Brazil Safrinha Corn only Received Light Rain More Needed,Brazil Safrinha Corn Continues to be impacted by Dry Weather,U.S. Planting - Corn Slightly Slow Soybeans Ahead of Average,Conab Increases Brazilian 2017/18 Soybean and Corn Estimates,Brazil Soy Harvest nearly complete Farmers have sold 64% of Crop,"U.S. Planting - Corn Slightly Slow, Soybeans Ahead of Average","Brazil Soy Harvest nearly complete, Farmers have sold 64% of Crop",Farmers in Parana must Harvest all their Soybeans by May 15th,"4,0",1,0
2018-05-21,2018 U.S. Planting Pace - Corn now Average Soybeans Advanced,"2018 U.S. Planting Pace - Corn now Average, Soybeans Advanced",Initial Impact of Truck Strike on Brazilian Agriculture Sector,Soybean Stem Fly found in Central Brazil for the First Time,Brazil declared Free of Foot and Mouth Disease,Meat Processors in Brazil Suspend Operations due to Truck Strike,Brazil Corn Estimates Decline in Spite of first Rainfall in Weeks,Weaker Brazilian Currency results in Improved Soy Prices,Rosario Grain Exchange lowers their Argentine Crop Estimates,,"4,05",0,-1
2018-05-24,Spring Planting in U.S. Finishing Ahead of the Average Pace,Rosario Grain Exchange lowers their Argentine Crop Estimates,Meat Processors in Brazil Suspend Operations due to Truck Strike,Truck Driver Strike in Brazil had a Huge Impact on the Economy,Argentine Farmers Upset over Proposed Tax Hikes,Brazil declared Free of Foot and Mouth Disease,,,,,"4,01",0,-1
2018-06,Conab lowers Brazil's Safrinha Corn Estimate 2.2 mt in July Report,U.S. Corn Condition Declines Slightly Soybeans Unchanged,U.S. Corn Condition Declines 1% Soybeans Decline 2%,Freight Dispute continues to cause Havoc with Brazilian Grain Trade,June Planted Report offers few Surprises,Agroconsult lowers Brazilian Corn Estimate,Corn Deficits Worry Livestock Producers in Southern Brazil,2018 U.S. Crops Continue to be Rated Very Good,U. S. Corn Condition Declines Slightly Soybeans Unchanged,Grain Trade in Brazil has been Minimal for more than Three Weeks,"3,93",0,0
2018-06,Conab lowers Brazil's Safrinha Corn Estimate 2.2 mt in July Report,U.S. Corn Condition Declines Slightly Soybeans Unchanged,Argentina could Import 6 Million Tons of Soybeans from Paraguay,U.S. Corn Condition Declines 1% Soybeans Decline 2%,June Planted Report offers few Surprises,U. S. Corn Condition Declines Slightly Soybeans Unchanged,Soybeans are being used in Sugarcane Renovation in Sao Paulo,U.S. Corn Condition Improves Slightly Soybeans Decline Slightly,Best Way to Control Soybean Rust is Multipronged Approach,Conab Increases Soybean Estimate and Lowers Corn Estimate,"10,09",0,-1
2018-06-02,Analyst Lower their 2017/18 Brazilian Corn Estimates,Soybean-Free Period takes effect in Central Brazil next Week,Safrinha Corn Harvest starting in Mato Grosso,Soybean Prices Rise in Brazil Fueled largely by Weaker Currency,Brazilian Farmers are finally selling their Wheat at a Profit,2018 U.S. Crops off to a Strong Start,Brazilian Government Releases its 2018/19 Harvest Plan,Brazilian Meat Processing slowly returning to Normal Rhythm,,,"3,79",0,-1
2018-06-05,Brazilian Farmers are finally selling their Wheat at a Profit,2018 U.S. Crops off to a Strong Start,Analyst Lower their 2017/18 Brazilian Corn Estimates,Volatility is the Name of the Game for the Brazilian Currency ,Soybean-Free Period takes effect in Central Brazil next Week,Safrinha Corn Harvest starting in Mato Grosso,Soybean Prices Rise in Brazil Fueled largely by Weaker Currency,Brazilian Government Releases its 2018/19 Harvest Plan,Volatility is the Name of the Game for the Brazilian Currency,,"3,77",0,-1
2018-06-08,Volatility is the Name of the Game for the Brazilian Currency ,Conab Increases Soybean Estimate and Lowers Corn Estimate,Dispute over Freight Rates slows Grain Exports from Brazilian Ports,2018 U.S. Crop Conditions Decline Slightly,Brazilian Pork could benefit from U.S. and Mexico Dispute,Volatility is the Name of the Game for the Brazilian Currency,China Claims Anti-Dumping against Brazilian Poultry Exports,Crop Acreage Estimates for 2018/19 in South America,Brazilian Government Releases its 2018/19 Harvest Plan,,"3,72",0,-1
2018-06-11,Dispute over Freight Rates slows Grain Exports from Brazilian Ports,China Claims Anti-Dumping against Brazilian Poultry Exports,Brazilian Pork could benefit from U.S. and Mexico Dispute,Best Way to Control Soybean Rust is Multipronged Approach,Crop Acreage Estimates for 2018/19 in South America,2018 U.S. Crop Conditions Decline Slightly,Volatility is the Name of the Game for the Brazilian Currency,Conab Increases Soybean Estimate and Lowers Corn Estimate,Volatility is the Name of the Game for the Brazilian Currency ,,"3,69",0,-1
2018-06-20,U. S. Corn Condition Declines Slightly Soybeans Unchanged,Unresolved Freight Rate Issue Complicates Logistics in Brazil,Grain Trade in Brazil has been Minimal for more than Three Weeks,High Temps last Weekend probably did not cause Many Problems,Safrinha Corn Harvest Getting Underway in Brazil,Soybeans are being used in Sugarcane Renovation in Sao Paulo,Uncertain Freight Rates slows Grain Marketing in Brazil,"U. S. Corn Condition Declines Slightly, Soybeans Unchanged",Livestock Producers in Brazil still feeling Impact of Truck Strike,,"3,55",0,0
2018-06-23,Grain Trade in Brazil has been Minimal for more than Three Weeks,Brazil to Surpass Australia in 2018 as Third Largest Cotton Exporter,"U. S. Corn Condition Declines Slightly, Soybeans Unchanged",Corn Deficits Worry Livestock Producers in Southern Brazil,2018 U.S. Crops Continue to be Rated Very Good,Unresolved Freight Rate Issue Complicates Logistics in Brazil,U. S. Corn Condition Declines Slightly Soybeans Unchanged,Agroconsult lowers Brazilian Corn Estimate,,,"3,54",0,0
2018-06-26,Brazil to Surpass Australia in 2018 as Third Largest Cotton Exporter,U. S. Corn Condition Declines Slightly Soybeans Unchanged,Corn Deficits Worry Livestock Producers in Southern Brazil,June Planted Report offers few Surprises,2018 U.S. Crops Continue to be Rated Very Good,Grain Trade in Brazil has been Minimal for more than Three Weeks,"U. S. Corn Condition Declines Slightly, Soybeans Unchanged",Agroconsult lowers Brazilian Corn Estimate,,,"3,53",1,0
2018-07,Trip Report - Iowa and Northern Illinois,Brazilian Farmers may Plant 3-4% more Soybeans in 2018/19,Safrinha Corn Production in Brazil continues to Disappoint,Forward Selling Slow in Brazil due to Uncertainty over Freight Rates,Flower Prices Increase in Brazil due to Higher Freight Rates,High Freight Rates increase Cost of Producing Crops in Mato Grosso,Conventional Soybeans (non-GMO) continue to find a niche in Brazil,Brazilian Farmers concerned about lost Sales Opportunities,U.S. Corn Condition Steady Soybean Condition Improves,Brazilians may be missing Selling Opportunity due to Freight Dispute,"8,8",0,-1
2018-07,Safrinha Corn Harvest in Parana approaching 50% Complete,Trip Report - Iowa and Northern Illinois,More Corn-based Ethanol to come online in Brazil,Crops in Santa Cruz region of Bolivia suffering from Severe Drought,Safrinha Corn Production in Brazil continues to Disappoint,August Weather will determine Final 2018 U.S. Corn Yield,Forward Selling Slow in Brazil due to Uncertainty over Freight Rates,Flower Prices Increase in Brazil due to Higher Freight Rates,Safrinha Corn Harvest in Brazil reaches 50%,High Freight Rates increase Cost of Producing Crops in Mato Grosso,"3,55",0,-1
2018-07-02,U.S. Corn Condition Declines 1% Soybeans Decline 2%,Argentina could Import 6 Million Tons of Soybeans from Paraguay,Brazilian Congress holds Hearing on Controversial Freight Rates,Mexico poised to start Importing Brazilian Pork,June Planted Report offers few Surprises,Freight Dispute continues to cause Havoc with Brazilian Grain Trade,"U.S. Corn Condition Declines 1%, Soybeans Decline 2%",,,,"3,53",0,-1
2018-07-05,Brazilian Congress set to Vote on Higher Freight Rates,Conab lowers Brazil's Safrinha Corn Estimate 2.2 mt in July Report,Mexico poised to start Importing Brazilian Pork,Brazilian Congress holds Hearing on Controversial Freight Rates,"U.S. Corn Condition Declines Slightly, Soybeans Unchanged",Early Cotton Harvest Underway in Brazil,U.S. Corn Condition Declines Slightly Soybeans Unchanged,Major Expansion begins at Port of Paranagua in Southern Brazil,Argentina could Import 6 Million Tons of Soybeans from Paraguay,,"3,51",0,-1
2018-07-08,Scientists in Parana Confirm presence of new Corn Bacterial Disease,Conab lowers Brazil's Safrinha Corn Estimate 2.2 mt in July Report,Brazilian Congress set to Vote on Higher Freight Rates,Major Expansion begins at Port of Paranagua in Southern Brazil,"U.S. Corn Condition Declines Slightly, Soybeans Unchanged",Early Cotton Harvest Underway in Brazil,U.S. Corn Condition Declines Slightly Soybeans Unchanged,,,,"3,46",1,0
2018-07-11,Early Cotton Harvest Underway in Brazil,U.S. Crop Conditions Decline due to Dryer Conditions,"July WASDE Increases Brazil Soy Production, lowers Brazil Corn",Conab lowers Brazil's Safrinha Corn Estimate 2.2 mt in July Report,July WASDE Increases Brazil Soy Production lowers Brazil Corn,Scientists in Parana Confirm presence of new Corn Bacterial Disease,Soybean/Sugarcane Rotation becoming more Popular In Sao Paulo,,,,"3,43",1,1
2018-07-14,U.S. Crop Conditions Decline due to Dryer Conditions,July WASDE Increases Brazil Soy Production lowers Brazil Corn,Soybean/Sugarcane Rotation becoming more Popular In Sao Paulo,Warmer Dryer Weather in Brazil to Aid Corn and Cotton Harvest,Brazilians may be missing Selling Opportunity due to Freight Dispute,Officials from China and Brazil Expand Trade Relations,"July WASDE Increases Brazil Soy Production, lowers Brazil Corn","Warmer, Dryer Weather in Brazil to Aid Corn and Cotton Harvest",,,"3,48",1,1
2018-07-23,Freight Impasse Delaying Fertilizer Deliveries in Brazil,Freight Rates in Brazil will not be finalized until later in August,Mato Grosso levies very high fines for Illegal Deforestation,High Freight Rates increase Cost of Producing Crops in Mato Grosso,"U.S. Corn Condition Steady, Soybean Condition Improves",Conventional Soybeans (non-GMO) continue to find a niche in Brazil,U.S. Corn Condition Steady Soybean Condition Improves,Brazilian Farmers concerned about lost Sales Opportunities,,,"3,58",1,1
2018-07-26,U.S. Crop Conditions Unchanged,High Freight Rates increase Cost of Producing Crops in Mato Grosso,Forward Selling Slow in Brazil due to Uncertainty over Freight Rates,Safrinha Corn Harvest in Brazil reaches 50%,Conventional Soybeans (non-GMO) continue to find a niche in Brazil,August Weather will determine Final 2018 U.S. Corn Yield,Flower Prices Increase in Brazil due to Higher Freight Rates,,,,"3,66",1,0
2018-08,Annual Month-By-Month Crop Production Cycle for Argentina,Crop Production Cycle for Paraguay Uruguay and Bolivia,Annual Month-By-Month Crop Production Cycle in Brazil,Corn Planting and Wheat Harvest in Parana off to a slow Start,2018 U.S. Corn Condition Declines Slightly Soybeans Unchanged,New Programs Launched for Construction of Grain Storage in Brazil,2018/19 Corn Acreage in Argentina could increase 7.4%,U.S. Corn Condition Holds Steady Soybeans Improve,Farmers in Bahia very Pleased with Cotton Production and Price,Brazilian Soybean Prices supported by Weaker Brazilian Currency,"3,59",1,1
2018-08,Annual Month-By-Month Crop Production Cycle for Argentina,Crop Production Cycle for Paraguay Uruguay and Bolivia,Annual Month-By-Month Crop Production Cycle in Brazil,2018 U.S. Corn Condition Declines Slightly Soybeans Unchanged,2018/19 Corn Acreage in Argentina could increase 7.4%,U.S. Corn Condition Holds Steady Soybeans Improve,New Soybean Variety in Argentina more Tolerant to Dry Weather,Farmers in Bahia very Pleased with Cotton Production and Price,Brazilian Soybean Prices supported by Weaker Brazilian Currency,U.S. Corn Condition declines 2% Soybeans decline 1%,"8,66",0,-1
2018-08-01,Brazilian Farmers may Plant 3-4% more Soybeans in 2018/19,More Corn-based Ethanol to come online in Brazil,Crops in Santa Cruz region of Bolivia suffering from Severe Drought,Forward Selling Slow in Brazil due to Uncertainty over Freight Rates,Safrinha Corn Production in Brazil continues to Disappoint,August Weather will determine Final 2018 U.S. Corn Yield,,,,,"3,69",0,-1
2018-08-04,Safrinha Corn Harvest in Parana approaching 50% Complete,Early Cotton Yields in Brazil surpass Expectations,Trip Report - Iowa and Northern Illinois,Conab Lowers Brazil's Corn Production 0.7 mt to 82.1 Million Tons,More Corn-based Ethanol to come online in Brazil,Brazilian Judge Temporarily bans the use of Glyphosate Herbicide,,,,,"3,68",0,-1
2018-08-10,Brazil Companies may Purchase Trucks to avoid Higher Freight Cost,Conab Lowers Brazil's Corn Production 0.7 mt to 82.1 Million Tons,Brazilian Grain Production to Increase 30% in 10 Years,New Rates in Brazil could add $0.60-1.20/bu to cost of moving Grain,Low Water Levels on Parana River Impacting Argentine Ports,Argentina Suspends Export Tax Reductions on Soybean Meal and Oil,,,,,"3,61",0,0
2018-08-13,Low Water Levels on Parana River Impacting Argentine Ports,Argentina Suspends Export Tax Reductions on Soybean Meal and Oil,New Rates in Brazil could add $0.60-1.20/bu to cost of moving Grain,Brazil Companies may Purchase Trucks to avoid Higher Freight Cost,Brazilian Grain Production to Increase 30% in 10 Years,Soybeans making Inroads in Sugarcane Production in Sao Paulo,,,,,"3,62",0,-1
2018-08-16,Brazilian Soybean Prices supported by Weaker Brazilian Currency,U.S. Corn Condition declines 2% Soybeans decline 1%,Farmers in Mato Grosso Fined for Illegal Land Clearing,Soybeans making Inroads in Sugarcane Production in Sao Paulo,New Rates in Brazil could add $0.60-1.20/bu to cost of moving Grain,"Could Brazil Plant more Soy in 2018/19, but Produce a smaller Crop",Ban on Roundup could cause Massive Problems for Brazil Farmers,Low Water Levels on Parana River Impacting Argentine Ports,"U.S. Corn Condition declines 2%, Soybeans decline 1%",Could Brazil Plant more Soy in 2018/19 but Produce a smaller Crop,"3,61",0,-1
2018-08-19,Brazilian Currency Continues to Weaken,"Could Brazil Plant more Soy in 2018/19, but Produce a smaller Crop",New Soybean Variety in Argentina more Tolerant to Dry Weather,Ban on Roundup could cause Massive Problems for Brazil Farmers,Farmers in Bahia very Pleased with Cotton Production and Price,Farmers in Mato Grosso Fined for Illegal Land Clearing,U.S. Corn Condition declines 2% Soybeans decline 1%,Brazilian Soybean Prices supported by Weaker Brazilian Currency,"U.S. Corn Condition declines 2%, Soybeans decline 1%",Could Brazil Plant more Soy in 2018/19 but Produce a smaller Crop,"3,54",0,0
2018-08-25,U.S. Corn Condition Holds Steady Soybeans Improve,2018/19 Planting Weather could be Irregular in Mato Grosso,2018/19 Corn Acreage in Argentina could increase 7.4%,Brazil's Poultry and Pork Exports to Disappoint in 2018,"U.S. Corn Condition Holds Steady, Soybeans Improve",New Programs Launched for Construction of Grain Storage in Brazil,Decision Concerning Freight Rates in Brazil may not come until Nov.,Unexpected Frost in Western Parana Impacted Winter Wheat,,,"3,5",1,1
2018-08-28,Decision Concerning Freight Rates in Brazil may not come until Nov.,New Programs Launched for Construction of Grain Storage in Brazil,2018/19 Planting Weather could be Irregular in Mato Grosso,"U.S. Corn Condition Holds Steady, Soybeans Improve",Unexpected Frost in Western Parana Impacted Winter Wheat,U.S. Corn Condition Holds Steady Soybeans Improve,2018/19 Corn Acreage in Argentina could increase 7.4%,,,,"3,51",1,1
2018-08-31,Early Planting Weather in Central Brazil may be Irregular,Roundup Ban in Brazil Overturned on Appeal,Freight Rate Controversy in Brazil becomes even more Complicated,New Programs Launched for Construction of Grain Storage in Brazil,Corn Planting and Wheat Harvest in Parana off to a slow Start,"How might the ""Financial Meltdown"" in Argentina impact Ag","2018 U.S. Corn Condition Declines Slightly, Soybeans Unchanged",2018 U.S. Corn Condition Declines Slightly Soybeans Unchanged,,,"3,65",0,0
2018-09,History of How Brazil became so Important in Soybean Production,Soy Crush Margins in Brazil could turn Negative Fourth Quarter,Soy Farmers in Mato Grosso do Sul are Planting Fast and Selling Fast,Brazil Farmers expecting at least $10/bu for their 2018/19 Soybeans,Soybean Planting in Parana off to record fast Pace,Cotton Acreage and Production continues to increase in Brazil,South American could set new Records for Soy and Corn Production,Soybean and Full-Season Corn Planting in Parana at Record Pace,Brazil could Import up to 1.0 Million tons of U.S. Soybeans,2018/19 Brazilian Soybean Planting off to a Strong Start,"8,49",0,-1
2018-09,Scattered Problems for First Phase of Corn Planting in Argentina,History of How Brazil became so Important in Soybean Production,Soy Farmers in Mato Grosso do Sul are Planting Fast and Selling Fast,Cotton Acreage and Production continues to increase in Brazil,South American could set new Records for Soy and Corn Production,More Corn will be consumed domestically in Mato Grosso,Soybean and Full-Season Corn Planting in Parana at Record Pace,Conventional Soybean Acreage in Mato Grosso to Decline in 2018/19,U.S. Corn Condition Steady Soybeans Decline 1%,Freight Increases forcing some Companies to refuse new Business,"3,58",0,0
2018-09-03,Roundup Ban in Brazil Overturned on Appeal,"2018 U.S. Corn Condition Declines Slightly, Soybeans Unchanged",Early Planting Weather in Central Brazil may be Irregular,Cotton Acreage in Brazil could double over next Four Years,Annual Month-By-Month Crop Production Cycle in BrazilSeptemberOctober November December January FebruaryMarch AprilMayJune-July-August,Corn Planting and Wheat Harvest in Parana off to a slow Start,2018 U.S. Corn Condition Declines Slightly Soybeans Unchanged,"How might the ""Financial Meltdown"" in Argentina impact Ag",Freight Rate Controversy in Brazil becomes even more Complicated,,"3,67",0,-1
2018-09-06,Crop Production Cycle for Paraguay Uruguay and Bolivia,Conab Lowers Brazilian Corn Production in September Report,Annual Month-By-Month Crop Production Cycle in BrazilSeptemberOctober November December January FebruaryMarch AprilMayJune-July-August,Cotton Acreage in Brazil could double over next Four Years,"Crop Production Cycle for Paraguay, Uruguay, and Bolivia",U.S. Crop Conditions Improve due to additional Moisture,Early Planting Weather in Central Brazil may be Irregular,Extension of Railroads debated in Capital of Mato Grosso,Corn Planting and Wheat Harvest in Parana off to a slow Start,,"3,64",0,-1
2018-09-09,U.S. Crop Conditions Improve due to additional Moisture,Planting of the 2018/19 Soybean Crop underway in Parana Brazil,Extension of Railroads debated in Capital of Mato Grosso,Farmers in Mato Grosso renew Tepid Grain Sales,Farmers may fund Rail link between Mato Grosso and the Amazon,Conab Lowers Brazilian Corn Production in September Report,"Planting of the 2018/19 Soybean Crop underway in Parana, Brazil","Crop Production Cycle for Paraguay, Uruguay, and Bolivia",Crop Production Cycle for Paraguay Uruguay and Bolivia,,"3,58",0,-1
2018-09-15,Brazilian Agency to Enforce Payment of Higher Freight Rates,Freight Increases forcing some Companies to refuse new Business,2018/19 Soybean Planting in Parana off to a very Fast Start,"U.S. Corn Condition Steady, Soybeans Decline 1%",Current Weather and Planting Progress in South America,U.S. Corn Condition Steady Soybeans Decline 1%,Conventional Soybean Acreage in Mato Grosso to Decline in 2018/19,,,,"3,49",1,1
2018-09-18,2018/19 Soybean Planting in Parana off to a very Fast Start,Producers in Mato Grosso push for construction of Railroad,Brazilian Agency to Enforce Payment of Higher Freight Rates,Current Weather and Planting Progress in South America,Conventional Soybean Acreage in Mato Grosso to Decline in 2018/19,"U.S. Corn Condition Steady, Soybeans Decline 1%",U.S. Corn Condition Steady Soybeans Decline 1%,,,,"3,52",1,1
2018-09-24,Brazilians start planting after Soybean-free period ends in their State,Soybean and Full-Season Corn Planting in Parana at Record Pace,Tough Times continue for Brazilian Sugarcane Producers,Sugarcane harvesting ending early in South-Central Brazil,Brazil remains heavily dependent on Imported Fertilizers,Producers in Mato Grosso push for construction of Railroad,Brazil could Import up to 1.0 Million tons of U.S. Soybeans,2018/19 Brazilian Soybean Planting off to a Strong Start,,,"3,62",1,1
2018-09-27,Soybean and Full-Season Corn Planting in Parana at Record Pace,More Corn will be consumed domestically in Mato Grosso,South American could set new Records for Soy and Corn Production,Brazil remains heavily dependent on Imported Fertilizers,Cotton Acreage and Production continues to increase in Brazil,Sugarcane harvesting ending early in South-Central Brazil,,,,,"3,64",1,0
2018-09-30,South American could set new Records for Soy and Corn Production,Soy Farmers in Mato Grosso do Sul are Planting Fast and Selling Fast,More Corn will be consumed domestically in Mato Grosso,Cotton Acreage and Production continues to increase in Brazil,Soybean Planting in Parana off to record fast Pace,Brazil Farmers expecting at least $10/bu for their 2018/19 Soybeans,,,,,"3,67",1,0
2018-10,Brazil Soybean Planting continues at Record Fast Pace,Soy Harvest in Brazil will start 10-15 Days Earlier than Last Year,First Case of Soybean Rust reported in Commercial Fields in Brazil,In Sept. Brazil Exported 57 Times more Soybeans to China than U.S.,Proposal would increase Brazil's Biodiesel Blend to B15,Brazil's Soybeans being planted at Record Fast Pace,Corn-Based Ethanol production focus of Meeting in Mato Grosso,Corn-Based Ethanol production focus of Meeting in Mato Grosso,Brazil's 2018/19 Corn Crop could set a New Record High Production,Strong Machinery sales in Brazil expected to continue into 2019,"8,47",0,0
2018-10,First Case of Soybean Rust reported in Commercial Fields in Brazil,Proposal would increase Brazil's Biodiesel Blend to B15,Corn-Based Ethanol production focus of Meeting in Mato Grosso,Corn-Based Ethanol production focus of Meeting in Mato Grosso,Brazil's 2018/19 Corn Crop could set a New Record High Production,Strong Machinery sales in Brazil expected to continue into 2019,Mato Grosso could produce more Corn than Soybeans by 2022,Dry Weather in western Argentina slows Corn Planting,Stronger Brazil Currency results in Declining Grain Prices in Brazil,Forward Selling of Soybeans in Brazil Grinds to a Halt,"3,59",0,0
2018-10-03,Brazilian Presidential Election heads to Runoff on October 28th,Brazil Farmers expecting at least $10/bu for their 2018/19 Soybeans,History of How Brazil became so Important in Soybean Production,Soybean Planting in Parana off to record fast Pace,Soy Crush Margins in Brazil could turn Negative Fourth Quarter,Soy Farmers in Mato Grosso do Sul are Planting Fast and Selling Fast,,,,,"3,66",1,1
2018-10-06,Scattered Problems for First Phase of Corn Planting in Argentina,Brazilian Presidential Election heads to Runoff on October 28th,Conab:  Smaller Soy but Larger Corn Crop in Brazil in 2018/19,Stronger Brazilian Currency equates to Lower Grain Prices in Brazil,"Conab:  Smaller Soy, but Larger Corn Crop in Brazil in 2018/19",History of How Brazil became so Important in Soybean Production,Soybean Planting in Paraguay advances to 70% Complete,Soy Crush Margins in Brazil could turn Negative Fourth Quarter,Brazilian Currency Reacts strongly to Election Results,,"3,67",1,1
2018-10-09,Only 30.2% of Brazil's Land Area used for Agricultural Production,History of How Brazil became so Important in Soybean Production,"Conab:  Smaller Soy, but Larger Corn Crop in Brazil in 2018/19",Soybean Planting in Paraguay advances to 70% Complete,Stronger Brazilian Currency equates to Lower Grain Prices in Brazil,Conab:  Smaller Soy but Larger Corn Crop in Brazil in 2018/19,Scattered Problems for First Phase of Corn Planting in Argentina,Brazilian Presidential Election heads to Runoff on October 28th,Brazilian Currency Reacts strongly to Election Results,,"3,7",1,0
2018-10-15,"""Grain Railroad"" focus of Meeting next Month in Mato Grosso Brazil",Stronger Brazil Currency results in Declining Grain Prices in Brazil,Only 30.2% of Brazil's Land Area used for Agricultural Production,Forward Selling of Soybeans in Brazil Grinds to a Halt,Dry Weather in western Argentina slows Corn Planting,Soybean Planting in Brazil at a Record Fast Pace,Soybean Planting in Western Parana 95% Completed,,,,"3,73",0,-1
2018-10-18,Strong Machinery sales in Brazil expected to continue into 2019,Mato Grosso could produce more Corn than Soybeans by 2022,Brazil's next President could have Big Impact on Agricultural Policy,Brazil's 2018/19 Corn Crop could set a New Record High Production,2018/19 Brazil Soybeans being planted at Record Fast Pace,Soybean Planting in Western Parana 95% Completed,Stronger Brazil Currency results in Declining Grain Prices in Brazil,Dry Weather in western Argentina slows Corn Planting,,,"3,69",0,0
2018-10-21,2018/19 Brazil Soybeans being planted at Record Fast Pace,Mato Grosso could produce more Corn than Soybeans by 2022,Weather in Santa Fe good for Wheat Harvest and Spring Planting,Indigenous Brazilians could be impacted by a Bolsonaro Admin.,Brazil's 2018/19 Corn Crop could set a New Record High Production,Brazil's 2018 Wheat Crop disappoints once Again,Brazil's next President could have Big Impact on Agricultural Policy,Strong Machinery sales in Brazil expected to continue into 2019,,,"3,67",0,0
2018-10-24,Brazil's 2018/19 Corn Crop could set a New Record High Production,Weather in Santa Fe good for Wheat Harvest and Spring Planting,El Nino Correlates with above Average Yields in Santa Fe Argentina,"El Nino Correlates with above Average Yields in Santa Fe, Argentina",Strong Machinery sales in Brazil expected to continue into 2019,Brazil's 2018 Wheat Crop disappoints once Again,Indigenous Brazilians could be impacted by a Bolsonaro Admin.,Jair Bolsonaro Elected Brazil's next President,,,"3,66",1,0
2018-10-27,El Nino Correlates with above Average Yields in Santa Fe Argentina,Corn-Based Ethanol production focus of Meeting in Mato Grosso,"El Nino Correlates with above Average Yields in Santa Fe, Argentina",Brazil's Soybeans being planted at Record Fast Pace,Proposal would increase Brazil's Biodiesel Blend to B15,Freight Rates from Central Mato Grosso to Port of Santos up 22%,Jair Bolsonaro Elected Brazil's next President,In Sept. Brazil Exported 57 Times more Soybeans to China than U.S.,,,"3,67",1,1
2018-10-30,Jair Bolsonaro Elected Brazil's next President,Corn-Based Ethanol production focus of Meeting in Mato Grosso,Freight Rates from Central Mato Grosso to Port of Santos up 22%,Brazil's Soybeans being planted at Record Fast Pace,Proposal would increase Brazil's Biodiesel Blend to B15,In Sept. Brazil Exported 57 Times more Soybeans to China than U.S.,First Case of Soybean Rust reported in Commercial Fields in Brazil,,,,"3,68",1,0
2018-11,Corn-Based Ethanol helps to hold down Gasoline Prices in Brazil,Department of Rural Economics rates Parana Soybeans as 97% Good,Deforestation in Mato Grosso increased for Second Consecutive Year,Brazilian Farmers concerned about Early Confirmation of Soy Rust,Brazil's Cotton Exports could increase 35% in 2019,"""Grain Railroad"" could lower Cost out of Mato Grosso by 30%",Santa Catarina runs 4 Million Ton Deficit in Corn Production,95% of China's Soybean Imports in October 2018 came from Brazil,Crushers in Matos Grosso running out of Soybeans,Imea Releases their First Corn Production Estimate for Mato Grosso,"8,65",1,1
2018-11,Corn-Based Ethanol helps to hold down Gasoline Prices in Brazil,Deforestation in Mato Grosso increased for Second Consecutive Year,2018/19 Brazilian Crops continue to be Rated Very Good,Brazil's Cotton Exports could increase 35% in 2019,"""Grain Railroad"" could lower Cost out of Mato Grosso by 30%",Santa Catarina runs 4 Million Ton Deficit in Corn Production,2018/19 Crops in Brazil off to a Very Good Start,Planting of 2018/19 Crops in Argentina a little slower than Average,Imea Releases their First Corn Production Estimate for Mato Grosso,Farmers in Mato Grosso to increase Cotton Acreage by 18%,"3,69",1,1
2018-11-02,In Sept. Brazil Exported 57 Times more Soybeans to China than U.S.,Soy Harvest in Brazil will start 10-15 Days Earlier than Last Year,Paraguay Congress to Debate 10% Tax on Soybean Exports,Brazil's Biodiesel Producers Propose 10% Tax on Soybean Exports,Crop-Livestock-Forestry Rotations gaining Popularity in Brazil,Growing Season in Argentina off to an Average Start,Brazil Soybean Planting continues at Record Fast Pace,First Case of Soybean Rust reported in Commercial Fields in Brazil,,,"3,73",0,0
2018-11-08,Safrinha Corn in Mato Grosso will be planted within Ideal Window,Approximately 36% of Argentina's Corn has been Planted,Approximately 10% of Argentina's Soybeans have been Planted,Paraguay Congress to Debate 10% Tax on Soybean Exports,Brazil's Biodiesel Producers Propose 10% Tax on Soybean Exports,Conab's Nov. Crop Estimates for Brazil little changed from October,,,,,"3,7",0,-1
2018-11-14,Soybean Forward Contracting in Mato Grosso slowed in October,Brazil Soy Planting 82% Complete - Record Fast Pace,Soybean Rust could be bigger Problem this Year in Brazil,Heavy Rains impact Crops in Central Argentina,Brazil could increase Soybean Meal Production by 45%,Brazil's new Minister of Agriculture will be Ms. Tereza Cristina,,,,,"3,65",0,-1
2018-11-17,Brazil Soy Planting 82% Complete - Record Fast Pace,2018/19 Argentina Corn 36% Planted,2018/19 Argentina Soybeans 22% Planted,Brazil's new Minister of Agriculture will be Ms. Tereza Cristina,Soybean Rust could be bigger Problem this Year in Brazil,,,,,,"3,61",1,0
2018-11-20,Brazil's new Minister of Agriculture will be Ms. Tereza Cristina,2018/19 Argentina Corn 36% Planted,Brazil Soy Planting 82% Complete - Record Fast Pace,2018/19 Argentina Soybeans 22% Planted,Farmers in Mato Grosso to increase Cotton Acreage by 18%,,,,,,"3,6",1,1
2018-11-23,Planting of 2018/19 Crops in Argentina a little slower than Average,2018/19 Crops in Brazil off to a Very Good Start,Imea Releases their First Corn Production Estimate for Mato Grosso,Crushers in Matos Grosso running out of Soybeans,95% of China's Soybean Imports in October 2018 came from Brazil,Farmers in Mato Grosso to increase Cotton Acreage by 18%,,,,,"3,62",1,1
2018-11-26,2018/19 Crops in Brazil off to a Very Good Start,Crushers in Matos Grosso running out of Soybeans,95% of China's Soybean Imports in October 2018 came from Brazil,Planting of 2018/19 Crops in Argentina a little slower than Average,Imea Releases their First Corn Production Estimate for Mato Grosso,Farmers in Mato Grosso to increase Cotton Acreage by 18%,Santa Catarina runs 4 Million Ton Deficit in Corn Production,,,,"3,65",1,1
2018-12,Brazil Soybean Crop 21% Harvested vs. 5-Year Average of 8.6%,Pushback Continues against late Planting of Soy in Mato Grosso,Early Soy Yields out of Mato Grosso do Sul and Goias Disappoint,Soybean Prices in Mato Grosso decline as Harvest Progresses,Every State in Brazil expecting Lower Soybean Yields,Brazilian Farmers have sold 33.7% of their 2018/19 Soy Production,Brazil's Soybeans 6% Harvested Early Yields are Disappointing,Minimum Freight Rates Increased in Brazil,Argentina Soybeans Improving Wet Weather is a Concern,Brazil Soybean Harvest Underway Early Yields Disappoint,"8,95",1,1
2018-12,2018/19 Brazil Safrinha Corn Planting off to a Record Fast Start,Outside of Saturated Areas 2018/19 Argentina Crops doing Fine,Soybean Prices in Mato Grosso decline as Harvest Progresses,2018/19 Argentina Crops Complicated by Saturated Conditions,2018/19 Brazil Safrinha Corn being Planted at Record Pace,Brazilian Farmers have sold 33.7% of their 2018/19 Soy Production,Outside of Saturated Areas Argentina's Crops Progressing Well,Brazilian Farmers start planting their 2018/19 Safrinha Corn,Minimum Freight Rates Increased in Brazil,Condition of Argentina Corn Improving,"3,7",0,0
2018-12-02,Department of Rural Economics rates Parana Soybeans as 97% Good,Brazilian Farmers concerned about Early Confirmation of Soy Rust,Corn-Based Ethanol helps to hold down Gasoline Prices in Brazil,"""Grain Railroad"" could lower Cost out of Mato Grosso by 30%",Brazil's Cotton Exports could increase 35% in 2019,Deforestation in Mato Grosso increased for Second Consecutive Year,2018/19 Brazilian Crops continue to be Rated Very Good,2018/19 Crop Situation in Argentina is Uncertain,,,"3,84",1,0
2018-12-08,Dry Weather in Brazil starting to Worry Soybean Producers,Fines Suspended for not paying Minimum Freight Rates in Brazil,Mato Grosso Farmers have sold 36% of their 2018/19 Safrinha Corn,Conab increases Brazil's Soy and Corn Estimates in Dec. Report,78/206 Mills in South-Central Brazil Produced only Ethanol in 2018,Fines Reinstated for not Paying Minimum Freight Rates in Brazil,Weather in Argentina remains Uncertain,Dryer Weather in Southern Brazil starting to worry Producers,,,"3,85",0,0
2018-12-11,78/206 Mills in South-Central Brazil Produced only Ethanol in 2018,Weather in Argentina remains Uncertain,Mato Grosso Farmers have sold 36% of their 2018/19 Safrinha Corn,Dryer Weather in Southern Brazil starting to worry Producers,Dry Weather in Brazil starting to Worry Soybean Producers,Conab increases Brazil's Soy and Corn Estimates in Dec. Report,Fines Reinstated for not Paying Minimum Freight Rates in Brazil,Dry Weather to reduce Soybean Yields in Paraguay,,,"3,85",0,0
2018-12-14,Early Soybean Harvest Started in Brazil,Dry Weather could potentially Impact Full-Season Corn in Brazil,Fines Reinstated for not Paying Minimum Freight Rates in Brazil,Dry Weather to reduce Soybean Yields in Paraguay,Brazilian Weather becoming more Uneven,Brazil continues to emphasize Low Carbon Sustainable Agriculture,Dry Weather worries Soybean Farmers in Southern Brazil,Soybean Crop in Southern Brazil Impacted by Hot and Dry Weather,,,"3,82",0,-1
2018-12-20,Brazil continues to emphasize Low Carbon Sustainable Agriculture,"E100 Ethanol production surges in Brazil, Sugar Production declines",Aprosoja Proposes later planting of Soybeans in Mato Grosso,Soybean Crop in Southern Brazil Impacted by Hot and Dry Weather,E100 Ethanol production surges in Brazil Sugar Production declines,Embrapa Reports 113 Cases of Soybean Rust in Brazil,,,,,"3,76",0,0
2018-12-23,2018/19 Soybean Prospects in Paraguay Uruguay and Bolivia,Aprosoja Proposes later planting of Soybeans in Mato Grosso,"Southern Brazil Receives Some Rain, but Needs Much More",Southern Brazil Receives Some Rain but Needs Much More,"2018/19 Soybean Prospects in Paraguay, Uruguay, and Bolivia",Embrapa Reports 113 Cases of Soybean Rust in Brazil,,,,,"3,75",1,0
2018-12-26,Aprosoja Proposes later planting of Soybeans in Mato Grosso,"Southern Brazil Receives Some Rain, but Needs Much More","2018/19 Soybean Prospects in Paraguay, Uruguay, and Bolivia",2018/19 Soybean Prospects in Paraguay Uruguay and Bolivia,Expansion of Port of Paranagua in SE Brazil going Smoothly,Southern Brazil Receives Some Rain but Needs Much More,Dryness Concerns Developing in Northeastern and Southern Brazil,,,,"3,75",1,1
2018-12-29,Dryness Concerns Developing in Northeastern and Southern Brazil,Tolls Represent Significant portion of Transportation Costs in Brazil,2018/19 Brazilian Soybeans receive some Rain but need More,Dry Weather Impacting Soy in W. Parana and S. Mato Grosso do Sul,2018/19 Full-Season Brazilian Corn also impacted by Dry Weather,"2018/19 Brazilian Soybeans receive some Rain, but need More",Expansion of Port of Paranagua in SE Brazil going Smoothly,More of the Corn Production in Mato Grosso being used for Ethanol,,,"3,78",1,0
2019-01-01,More of the Corn Production in Mato Grosso being used for Ethanol,Dry Weather Impacting Soy in W. Parana and S. Mato Grosso do Sul,2018/19 Brazilian Soybeans receive some Rain but need More,Tolls Represent Significant portion of Transportation Costs in Brazil,"2018/19 Brazilian Soybeans receive some Rain, but need More",2018/19 Full-Season Brazilian Corn also impacted by Dry Weather,,,,,"3,8",0,0
2019-01-07,Soybean Harvest reaches 5% in Parana,Brazilian Soybean Farmers Report Disappointing Early Yields,Researchers Criticize Proposal for Late Planting of Soy in Brazil,Adverse Weather Impacting Brazilian Corn Production,Conab Lowers Brazil's Soybean Production 1.2 mt to 118.8 Million,Argentina Farmers still trying to Plant their 2018/19 Summer Crops,,,,,"3,8",0,0
2019-01-10,Attitude of Brazilian Farmers Slipping,Conab Lowers Brazil's Soybean Production 1.2 mt to 118.8 Million,"Brazilian Farmers start Safrinha Corn Planting, Weather Worries","Brazil Soybean Harvest Underway, Early Yields Disappoint",Researchers Criticize Proposal for Late Planting of Soy in Brazil,Brazil Soybean Harvest Underway Early Yields Disappoint,"Argentina Soybeans Improving, Wet Weather is a Concern",Brazilian Farmers start Safrinha Corn Planting Weather Worries,Adverse Weather Impacting Brazilian Corn Production,Argentina Soybeans Improving Wet Weather is a Concern,"3,76",1,0
2019-01-16,Condition of Argentina Corn Improving,Minimum Freight Rates Increased in Brazil,"Argentina Soybeans Improving, Wet Weather is a Concern",Argentina Soybeans Improving Wet Weather is a Concern,,,,,,,"3,79",0,0
2019-01-22,Outside of Saturated Areas Argentina's Crops Progressing Well,Brazilian Farmers have sold 33.7% of their 2018/19 Soy Production,Brazilian Gov. Proposes Dozens of Privatized Infrastructure Projects,"Outside of Saturated Areas, Argentina's Crops Progressing Well","Brazil's Soybeans 6% Harvested, Early Yields are Disappointing",Brazilian Farmers start planting their 2018/19 Safrinha Corn,Cotton Planting in Mato Grosso more than Half Complete,Minimum Freight Rates Increased in Brazil,Brazil's Soybeans 6% Harvested Early Yields are Disappointing,,"3,79",0,0
2019-01-31,Outside of Saturated Areas 2018/19 Argentina Crops doing Fine,Pushback Continues against late Planting of Soy in Mato Grosso,Soybean Prices in Mato Grosso decline as Harvest Progresses,Brazil Government Reaffirms Commitment to Complete BR-163,Wheat plays Key Role in Trade between Brazil and Argentina,Brazil Soybean Crop 21% Harvested vs. 5-Year Average of 8.6%,Early Soy Yields out of Mato Grosso do Sul and Goias Disappoint,"Outside of Saturated Areas, 2018/19 Argentina Crops doing Fine",2018/19 Brazil Safrinha Corn Planting off to a Record Fast Start,,"3,79",0,0
2019-02,2018/19 Safrinha Corn Planting Essentially Complete in Mato Grosso,Early 2018/19 Corn Yields in Argentina are Good,Soybean Premiums and Prices Move Higher in Brazil,Spring Weather could Impact 2019 Corn and Soy Acreage in U.S.,Weather Generally Beneficial for Start of Safrinha Corn in Brazil,Ethanol Produced from Corn Increasing Rapidly in Brazil,"""Northern Arc"" of Ports account for 28% of Brazil's Grain Exports",Brazil has Three Distinct Corn Crops,Livestock Producers in Southern Brazil importing Argentine Corn,Brazil's Safrinha Corn off to an Early Start,"3,78",1,1
2019-02,Late Season Weather helping 2018/19 Brazilian Soybean Crop,Soybean Premiums and Prices Move Higher in Brazil,Soybean Yields improving in Parana but total Crop Still down 15%,Spring Weather could Impact 2019 Corn and Soy Acreage in U.S.,2018/19 Brazilian Soybean Crop is 45% Harvested,Indigenous Farmers in Brazil want to Expand Crop Production,Improved Weather in Brazil Stabilizes Soybean Crop,2018/19 Soy Production in Paraguay could be down as Much as 30%,Conab lowers Brazilian Soybean Production 3.5 mt to 115.3 Million,2018/19 Safrinha Corn is 71.2% of Brazil's Total Corn Production,"9,13",1,1
2019-02-03,2018/19 Brazil Safrinha Corn Planting off to a Record Fast Start,Brazil Soybean Crop 21% Harvested vs. 5-Year Average of 8.6%,Outside of Saturated Areas 2018/19 Argentina Crops doing Fine,Port of Paranagua and Rumo Railroad Expanding Operations,"Imea Lowers Mato Grosso Soy Estimate, Increases Corn Estimate",Imea Lowers Mato Grosso Soy Estimate Increases Corn Estimate,Wheat plays Key Role in Trade between Brazil and Argentina,"Outside of Saturated Areas, 2018/19 Argentina Crops doing Fine",Freight Rates Top Priority of Ag Caucus in new Brazilian Congress,Pushback Continues against late Planting of Soy in Mato Grosso,"3,78",0,0
2019-02-06,"Imea Lowers Mato Grosso Soy Estimate, Increases Corn Estimate",Brazil Ag Minister to allow Commercial Ag on Indigenous Lands,2018/19 Brazil Safrinha Corn Planting off to a Record Fast Start,"Outside of Saturated Areas, 2018/19 Argentina Crops doing Fine",Brazil Judge Reinstates Fines for not Paying Minimum Freight Rates,Imea Lowers Mato Grosso Soy Estimate Increases Corn Estimate,Outside of Saturated Areas 2018/19 Argentina Crops doing Fine,Port of Paranagua and Rumo Railroad Expanding Operations,Freight Rates Top Priority of Ag Caucus in new Brazilian Congress,Some of the Best Rains of the Summer last Week in Central Brazil,"3,76",0,0
2019-02-12,Brazilian Farmers Plant a Record Large Cotton Crop,"Dryer Weather benefiting Crops in Argentina, at least for Now",2018/19 Soy Production in Paraguay could be down as Much as 30%,Some of the Best Rains of the Summer last Week in Central Brazil,Conab lowers Brazilian Soybean Production 3.5 mt to 115.3 Million,2018/19 Safrinha Corn is 71.2% of Brazil's Total Corn Production,Dryer Weather benefiting Crops in Argentina at least for Now,Brazil's New Agricultural Frontier - Sandy Soils,Brazil Ag Minister to allow Commercial Ag on Indigenous Lands,,"3,77",0,0
2019-02-18,Improved Weather in Brazil Stabilizes Soybean Crop,Brazil has Three Distinct Corn Crops,Brazil's Safrinha Corn off to an Early Start,Dry Weather in Southern Argentina starting to be a Concern,"""Northern Arc"" of Ports account for 28% of Brazil\'s Grain Exports",Indigenous Farmers in Brazil want to Expand Crop Production,Livestock Producers in Southern Brazil importing Argentine Corn,Brazilian Farmers Plant a Record Large Cotton Crop,"""Northern Arc"" of Ports account for 28% of Brazil's Grain Exports",,"3,73",0,0
2019-02-21,Southwestern Growing Region of Argentina still Needs Rainfall,2018/19 Brazilian Soybean Crop is 45% Harvested,Ethanol Produced from Corn Increasing Rapidly in Brazil,"""Northern Arc"" of Ports account for 28% of Brazil\'s Grain Exports",Spring Weather could Impact 2019 Corn and Soy Acreage in U.S.,"""Northern Arc"" of Ports account for 28% of Brazil's Grain Exports",Weather Generally Beneficial for Start of Safrinha Corn in Brazil,Livestock Producers in Southern Brazil importing Argentine Corn,Brazil has Three Distinct Corn Crops,,"3,73",1,0
2019-02-24,Weather Generally Beneficial for Start of Safrinha Corn in Brazil,2018/19 Brazilian Soybean Crop is 45% Harvested,Brazilian States Loose Significant Revenue due to Kandir Law,"Soybean Yields improving in Parana, but total Crop Still down 15%",Ethanol Produced from Corn Increasing Rapidly in Brazil,Traffic Problems Develop Once again on BR-163 in Northern Brazil,Soybean Yields improving in Parana but total Crop Still down 15%,Southwestern Growing Region of Argentina still Needs Rainfall,Spring Weather could Impact 2019 Corn and Soy Acreage in U.S.,,"3,71",0,0
2019-02-27,Weight Limits will be Enforced on BR-163 in Northern Brazil,Traffic Problems Develop Once again on BR-163 in Northern Brazil,Highway BR-163 closed in Northern Brazil due to Heavy Rain,Brazilian States Loose Significant Revenue due to Kandir Law,Spring Weather could Impact 2019 Corn and Soy Acreage in U.S.,Soybean Premiums and Prices Move Higher in Brazil,Southwestern Growing Region of Argentina still Needs Rainfall,"Soybean Yields improving in Parana, but total Crop Still down 15%",Soybean Yields improving in Parana but total Crop Still down 15%,,"3,72",0,-1
2019-03,Anec Estimates Lower Brazilian Soybean and Corn Exports,Farmers in Parana hoping for Good Safrinha Corn Crop,USDA Report may Overestimate Corn Underestimate Soy Acreage,Good Early Corn Yields in Argentina Soy Harvest just Starting,Another Corn-Based Ethanol Facility for Mato Grosso Brazil,Brazilian Farmers Optimistic about Safrinha Corn Production,Brazilian Safrinha Corn in Good Condition Dryness Worries,Early Argentine Corn Yields Exceed Expectations 8.5% Harvested,Early Soy Harvest Underway in Argentina Good Yields Reported,Cordoba Argentina Could Harvest Record Large Corn Crop,"3,73",0,-1
2019-03,Anec Estimates Lower Brazilian Soybean and Corn Exports,USDA Report may Overestimate Corn Underestimate Soy Acreage,Good Early Corn Yields in Argentina Soy Harvest just Starting,Brazilian Farmers Optimistic about Safrinha Corn Production,Soy Yields in NE Brazil Variable just Like the Rest of the Country,2018/19 Brazilian Soybean Crop approaching 70% Harvested,Early Soy Harvest Underway in Argentina Good Yields Reported,Soybean Moratorium helps preserve the Water Cycle in Brazil,Wet Weather Slows Brazil's Soybean Harvest Helps Safrinha Corn,2018/19 Soybean Harvest just getting Underway in Argentina,"9,09",0,0
2019-03-05,Early 2018/19 Corn Yields in Argentina are Good,Highway BR-163 in Northern Brazil Reopened to Truck Traffic,Trucks moving again on Highway BR-163 in Northern Brazil,Brazilian Agency Allows for Continued use of Glyphosate Herbicide,Highway BR-163 closed in Northern Brazil due to Heavy Rain,2018/19 Safrinha Corn Planting Essentially Complete in Mato Grosso,Late Season Weather helping 2018/19 Brazilian Soybean Crop,Weight Limits will be Enforced on BR-163 in Northern Brazil,,,"3,68",1,0
2019-03-11,2018/19 Brazil Soybeans 57% Harvested,Conab to Sell Many of its Grain Storage Facilities in Brazil,Trucks moving again on Highway BR-163 in Northern Brazil,Brazilian Farmers Optimistic about their 2018/19 Safrinha Corn,Another Corn-Based Ethanol Facility announced for Mato Grosso,Safrinha Corn in Parana 91% Planted Early Conditions are Good,Agricultural Limestone key to High Productivity in Cerrado Soils,Good Weather last Week Benefited Crops in Argentina,"Safrinha Corn in Parana 91% Planted, Early Conditions are Good",,"3,68",1,1
2019-03-14,"2018/19 Argentina Corn 6% Harvested, Early Yields Very Good","Safrinha Corn in Parana 91% Planted, Early Conditions are Good",2018/19 Argentina Corn 6% Harvested Early Yields Very Good,"Wet Weather Slows Brazil's Soybean Harvest, Helps Safrinha Corn",Wet Weather Slows Brazil's Soybean Harvest Helps Safrinha Corn,Safrinha Corn in Parana 91% Planted Early Conditions are Good,Another Corn-Based Ethanol Facility announced for Mato Grosso,Grain Companies to bid on BR-163 and Ferrograo Railroad in Brazil,30th National Soybean Forum held in Southern Brazil,2018/19 Soybean Harvest just getting Underway in Argentina,"3,72",1,1
2019-03-17,2018/19 Argentina Corn 6% Harvested Early Yields Very Good,Brazil may Import 750000 Tons of Duty-Free U.S. Wheat Annually,76% of Mato Grosso's Soybean Exports in Jan/Feb went to China,Hog Producers in Southern Brazil Looking for Corn from Paraguay,Cordoba Argentina Could Harvest Record Large Corn Crop,2018/19 Soybean Harvest just getting Underway in Argentina,"Cordoba, Argentina Could Harvest Record Large Corn Crop",30th National Soybean Forum held in Southern Brazil,"Brazil may Import 750,000 Tons of Duty-Free U.S. Wheat Annually",Grain Companies to bid on BR-163 and Ferrograo Railroad in Brazil,"3,74",0,0
2019-03-20,Early Soy Harvest Underway in Argentina Good Yields Reported,Hog Producers in Southern Brazil Looking for Corn from Paraguay,"Cordoba, Argentina Could Harvest Record Large Corn Crop","Early Soy Harvest Underway in Argentina, Good Yields Reported",Brazil may Import 750000 Tons of Duty-Free U.S. Wheat Annually,Soybean Moratorium helps preserve the Water Cycle in Brazil,"Early Argentine Corn Yields Exceed Expectations, 8.5% Harvested",Wet Weather Slows Brazil's Soybean Harvest Helps Safrinha Corn,"Wet Weather Slows Brazil's Soybean Harvest, Helps Safrinha Corn",Early Argentine Corn Yields Exceed Expectations 8.5% Harvested,"3,77",0,-1
2019-03-23,Huge Number of Trucks arriving at Port of Rosario in Argentina,2019/20 Sugarcane processing in Brazil off to a Slow Start,"Brazilian Safrinha Corn in Good Condition, Dryness Worries",Brazilian Safrinha Corn in Good Condition Dryness Worries,"Early Argentine Corn Yields Exceed Expectations, 8.5% Harvested",Soy Yields in NE Brazil Variable just Like the Rest of the Country,Soybean Moratorium helps preserve the Water Cycle in Brazil,Early Argentine Corn Yields Exceed Expectations 8.5% Harvested,"Early Soy Harvest Underway in Argentina, Good Yields Reported",2018/19 Brazilian Soybean Crop approaching 70% Harvested,"3,72",0,-1
2019-03-26,"Brazilian Safrinha Corn in Good Condition, Dryness Worries",Huge Number of Trucks arriving at Port of Rosario in Argentina,Early Soy Harvest Underway in Argentina Good Yields Reported,2019/20 Sugarcane processing in Brazil off to a Slow Start,Soy Yields in NE Brazil Variable just Like the Rest of the Country,Brazilian Safrinha Corn in Good Condition Dryness Worries,"Early Argentine Corn Yields Exceed Expectations, 8.5% Harvested","Early Soy Harvest Underway in Argentina, Good Yields Reported",Early Argentine Corn Yields Exceed Expectations 8.5% Harvested,"Soy Yields in NE Brazil Variable, just Like the Rest of the Country","3,69",0,-1
2019-03-29,Good Early Corn Yields in Argentina Soy Harvest just Starting,Anec Estimates Lower Brazilian Soybean and Corn Exports,Brazilian Farmers Optimistic about Safrinha Corn Production,Farmers in Parana hoping for Good Safrinha Corn Crop,"USDA Report may Overestimate Corn, Underestimate Soy Acreage",Another Corn-Based Ethanol Facility for Mato Grosso Brazil,Brazilian Farm Show Highlights Various Agricultural Technologies,"Another Corn-Based Ethanol Facility for Mato Grosso, Brazil",Huge Number of Trucks arriving at Port of Rosario in Argentina,USDA Report may Overestimate Corn Underestimate Soy Acreage,"3,62",0,0
2019-04,Brazilian Land Prices Reflect Agricultural Usage,Corn-Based Ethanol now 4.6% of Brazil's Ethanol Production,Equipment Sales Soar at Successful Agrishow-2019 in Brazil,Increased Cotton Prod. Stimulates Cotton Harvester Sales in Brazil,Deforestation Declined in Brazil in 2018 Much More Work Needed,The State of Mato Grosso leads Brazil in Cattle Production,2018/19 Argentine Soybeans more than 50% Harvested,Brazilian Exporters Unhappy about Increase in Freight Rates,Soybean Premiums decline significantly at Brazilian Ports,Farmers in Rio Grande do Sul like their Soy Yields but not Soy Prices,"8,99",0,-1
2019-04,Brazilian Land Prices Reflect Agricultural Usage,Corn-Based Ethanol now 4.6% of Brazil's Ethanol Production,Equipment Sales Soar at Successful Agrishow-2019 in Brazil,Continued Slow Planting of U.S. Corn 23% Planted vs. 46% Average,Increased Cotton Prod. Stimulates Cotton Harvester Sales in Brazil,Deforestation Declined in Brazil in 2018 Much More Work Needed,The State of Mato Grosso leads Brazil in Cattle Production,Brazilian Exporters Unhappy about Increase in Freight Rates,Soybean Premiums decline significantly at Brazilian Ports,Farmers in Rio Grande do Sul like their Soy Yields but not Soy Prices,"3,68",0,-1
2019-04-01,"Another Corn-Based Ethanol Facility for Mato Grosso, Brazil","USDA Report may Overestimate Corn, Underestimate Soy Acreage",Brazilian Farm Show Highlights Various Agricultural Technologies,Farmers in Parana hoping for Good Safrinha Corn Crop,Program Launched to Improve the Productivity of Cerrado Soils,Good Early Corn Yields in Argentina Soy Harvest just Starting,Brazilian Farmers Optimistic about Safrinha Corn Production,USDA Report may Overestimate Corn Underestimate Soy Acreage,"Good Early Corn Yields in Argentina, Soy Harvest just Starting",Another Corn-Based Ethanol Facility for Mato Grosso Brazil,"3,63",0,0
2019-04-07,Corn is Star Performer in 2018/19 South American Growing Season,Early 2018/19 Soybean Yields in Argentina are Very Good,U.S. Spring Planting Weather remains Worrisome,Conab Increases Brazilian Corn Est. 1.2 mt to 94.0 Million,Brazilian Government Supports the New Higher Freight Rates,Bridge Collapse in Northern Brazil will not Impact Soy Exports,Brazilian Congress Debates Repeal of the Kandir Law,Brazil to become Second Largest Cotton Exporter in the World,,,"3,61",0,0
2019-04-13,Researcher Predicts Frost will not Impact Corn in Southern Brazil,Early 2018/19 Argentine Soybean Yields Exceed Expectations,2018/19 Brazil Safrinha Corn continues in Good Condition,Cold and Wet Weather Stalls Early Planting Progress in Midwest,Brazil's Largest Farm Show starts in Two Weeks,,,,,,"3,6",0,-1
2019-04-22,Farmers in Rio Grande do Sul like their Soy Yields but not Soy Prices,Brazilian Truck Drivers again threatening a Nationwide Strike,Threatened Truck Driver Strike Adverted in Brazil,Wheat Production in Parana could impact U.S. Wheat Producers,2019 U.S. Corn 6% Planted vs. Average of 12%,Crop Yields in Argentina Continue to Exceed Expectations,"Farmers in Rio Grande do Sul like their Soy Yields, but not Soy Prices",Soybean Premiums decline significantly at Brazilian Ports,Mato Grosso accounts for nearly 70% of Brazil's Corn Exports,,"3,51",1,1
2019-04-28,"Deforestation Declined in Brazil in 2018, Much More Work Needed",Brazilian Exporters Unhappy about Increase in Freight Rates,Deforestation Declined in Brazil in 2018 Much More Work Needed,2018/19 Argentine Soybeans more than 50% Harvested,The State of Mato Grosso leads Brazil in Cattle Production,Record Late-April Snowfall across Portions of the Midwest,New 2019/20 Harvest Plan in Brazil will be released June 12th,More Sugar/Ethanol Mills in Brazil Close their Doors,Winter Wheat in Parana 11% Planted and Rated in Good Condition,,"3,66",0,-1
2019-05,Safrinha Corn Yields in Mato Grosso already Setting Records,Imea Estimates Soy Area in Mato Grosso to Increase 0.6% in 2019/20,Brazilian Farmers very hopeful concerning their 2019 Safrinha Corn,2019 U.S. Corn Planting Record Slow at 67% Complete,Brazilian Soybean Prices follow U.S. Prices Higher,2019 U.S. Corn only 58% Planted Faces Many Challenges,Safrinha Corn Harvest begins in Brazil big Yields Expected,Conab to Reduce the Number of its Grain Storage Facilities in Brazil,Brazil's Corn Exports could Exceed 30 Million Tons in 2019,Corn-Based Ethanol Production continues to Expand in Brazil,"3,59",0,-1
2019-05,96% of Fungicides used on Brazilain Soybeans is for Rust Control,Imea Estimates Soy Area in Mato Grosso to Increase 0.6% in 2019/20,2019 U.S. Soybean Planting Record Slow at 39% Complete,Brazilian Soybean Prices follow U.S. Prices Higher,2019 U.S. Soybean Acreage and Yields Uncertain at this Time,Corn-Based Ethanol Production continues to Expand in Brazil,Argentina Soy 77% Harvested Corn 34% Strong Yields for Both,U.S. Corn 49% Planted (Avg. is 80%) Soybeans 19% (Avg. is 47%),Brazil Soy Sales Soar due to Chinese Dollar Delays in U.S. Planting,Brazil Anticipates Increased Meat Exports to China,"8,63",0,-1
2019-05-01,Increased Cotton Prod. Stimulates Cotton Harvester Sales in Brazil,Deforestation Declined in Brazil in 2018 Much More Work Needed,The State of Mato Grosso leads Brazil in Cattle Production,"Continued Slow Planting of U.S. Corn, 23% Planted vs. 46% Average",Brazil Pursues Rigorous Enforcement of Minimum Freight Rates,Winter Wheat in Parana 11% Planted and Rated in Good Condition,2018/19 Argentine Soybeans more than 50% Harvested,New 2019/20 Harvest Plan in Brazil will be released June 12th,"Deforestation Declined in Brazil in 2018, Much More Work Needed",Continued Slow Planting of U.S. Corn 23% Planted vs. 46% Average,"3,68",0,-1
2019-05-07,Increased Cotton Prod. Stimulates Cotton Harvester Sales in Brazil,Equipment Sales Soar at Successful Agrishow-2019 in Brazil,Conab Increases Brazilian Soy and Corn Production in May Report,Brazilian Land Prices Reflect Agricultural Usage,Continued Slow Planting of U.S. Corn 23% Planted vs. 46% Average,Corn-Based Ethanol now 4.6% of Brazil's Ethanol Production,Brazilian Farmers Starting to Plant their Winter Wheat,"Continued Slow Planting of U.S. Corn, 23% Planted vs. 46% Average",,,"3,58",1,1
2019-05-10,Brazilian Farmers Starting to Plant their Winter Wheat,Brazil's Cotton Acreage up 23% in 2018/19 more Increases Expected,2018/19 Brazilian Soybean Harvest Approaching Completion,"Brazil's Cotton Acreage up 23% in 2018/19, more Increases Expected",Conab Increases Brazilian Soy and Corn Production in May Report,Brazil Anticipates Increased Meat Exports to China,"2019 U.S. Corn 30% Planted, Soybeans 9% Planted",2019 U.S. Corn 30% Planted Soybeans 9% Planted,Brazilian Farmers Optimistic as Early Safrinha Corn Harvest Begins,Brazil Making Slow Progress on Increasing Grain Storage Capacity,"3,65",1,1
2019-05-13,"2019 U.S. Corn 30% Planted, Soybeans 9% Planted",Brazil Making Slow Progress on Increasing Grain Storage Capacity,Brazilian Farmers Optimistic as Early Safrinha Corn Harvest Begins,Brazilian Farmers Starting to Plant their Winter Wheat,Brazil is Second Largest Corn Exporter in the World and Climbing,2019 U.S. Corn 30% Planted Soybeans 9% Planted,2018/19 Brazilian Soybean Harvest Approaching Completion,"Brazil's Cotton Acreage up 23% in 2018/19, more Increases Expected",Brazil Anticipates Increased Meat Exports to China,Brazil's Cotton Acreage up 23% in 2018/19 more Increases Expected,"3,71",1,1
2019-05-19,Corn-Based Ethanol Production continues to Expand in Brazil,Brazil Soy Sales Soar due to Chinese Dollar Delays in U.S. Planting,"Logistical Challenges for Grain Exports from Mato Grosso, Brazil","Argentina Soy 77% Harvested, Corn 34%, Strong Yields for Both",Logistical Challenges for Grain Exports from Mato Grosso Brazil,U.S. Farmers Consider Prevent Plant Options for 2019 Crops,Brazil's Ag Minister promotes Brazilian Ag Products in Asia,U.S. Corn 49% Planted (Avg. is 80%) Soybeans 19% (Avg. is 47%),"U.S. Corn 49% Planted (Avg. is 80%), Soybeans 19% (Avg. is 47%)",Argentina Soy 77% Harvested Corn 34% Strong Yields for Both,"3,94",1,1
2019-05-28,"2019 U.S. Corn only 58% Planted, Faces Many Challenges",Port of Paranagua in Brazil set to Load Largest Vessel Ever to Dock,2019 U.S. Planting Progresses at Record Slow Pace,2019 U.S. Soybean Acreage and Yields Uncertain at this Time,Brazilian Soybean Prices follow U.S. Prices Higher,Safrinha Corn Harvest begins in Brazil big Yields Expected,Historic Low Prime Rate of 6.5% could benefit Brazilian Farmers,2019 U.S. Corn only 58% Planted Faces Many Challenges,Conab to Reduce the Number of its Grain Storage Facilities in Brazil,"Safrinha Corn Harvest begins in Brazil, big Yields Expected","4,25",0,-1
2019-05-31,Brazilian Farmers very hopeful concerning their 2019 Safrinha Corn,Historic Low Prime Rate of 6.5% could benefit Brazilian Farmers,2019 U.S. Corn Planting Record Slow at 67% Complete,Brazilian Soybean Prices follow U.S. Prices Higher,2019 U.S. Soybean Planting Record Slow at 39% Complete,Brazil's 2019/2020 Harvest Plan to be Released June 12th,,,,,"4,22",1,0
2019-06,Trip Report - Northern Illinois - July 5 2019,U.S. Corn Condition Improves Slightly Soybeans Decline Slightly,Soy Prices could decline 23% if Brazil's Kandir Law Revoked,2019 U.S. Soy 92% Planted 83% Emerged - Remains Very Delayed,Cost of Producing Corn and Cotton in Mato Grosso on the Rise,Trip Report - Illinois Indiana and Ohio,U.S. Crop Conditions Decline due to Wet Conditions,2019 U.S. Corn 96% Planted Soybeans 85% Planted,Corn Harvest in Full Swing in Brazil Record Production Expected,2019 U.S. Corn 92% Planted Soybeans 77% Planted,"8,47",0,-1
2019-06,Hard Freeze Negatively Impacted Crops in Southern Brazil,2019 U.S. Crops continue to be behind in their Development,Trip Report - Northern Illinois - July 5 2019,U.S. Corn Condition Improves Slightly Soybeans Decline Slightly,Another Corn-Based Ethanol Facility set to open in Mato Grosso,Soy Prices could decline 23% if Brazil's Kandir Law Revoked,2019 U.S. Corn Crop only 94% Emerged vs. Average of 100%,Brazilian Farmers making Progress Harvesting their Safrinha Corn,Parana Farmers Planting Wheat and Harvesting Safrinha Corn,Cost of Producing Corn and Cotton in Mato Grosso on the Rise,"3,99",1,1
2019-06-03,Imea Estimates Soy Area in Mato Grosso to Increase 0.6% in 2019/20,2019 U.S. Soybean Planting Record Slow at 39% Complete,Brazilian Farmers very hopeful concerning their 2019 Safrinha Corn,Safrinha Corn Yields in Mato Grosso already Setting Records,2019 U.S. Corn Planting Record Slow at 67% Complete,Historic Low Prime Rate of 6.5% could benefit Brazilian Farmers,Brazil's 2019/2020 Harvest Plan to be Released June 12th,,,,"4,2",1,1
2019-06-06,2019 U.S. Soybean Planting 60% done 33 Million Acres left to Plant,"2019 U.S. Corn Planting 83% done, 15 Million Acres left to Plant",Parana hit Hardest by Soybean Rust of any State in Brazil,96% of Fungicides used on Brazilain Soybeans is for Rust Control,Brazil's 2019/2020 Harvest Plan to be Released June 12th,"2019 U.S. Soybean Planting 60% done, 33 Million Acres left to Plant",Safrinha Corn Yields in Mato Grosso already Setting Records,Brazilian Farmers very hopeful concerning their 2019 Safrinha Corn,2019 U.S. Corn Planting 83% done 15 Million Acres left to Plant,Soybean-free Period in Mato Grosso starts June 15th,"4,22",1,1
2019-06-12,2019 U.S. Corn 92% Planted Soybeans 77% Planted,Parana hit Hardest by Soybean Rust of any State in Brazil,Industry Pushback against Weaker Environmental Rules in Brazil,Soybean-free Period in Mato Grosso starts June 15th,Conab Increases Brazilian Corn Estimate 1.8 mt to 98.0 Million Tons,"2019 U.S. Corn 92% Planted, Soybeans 77% Planted",Grain Companies in Brazil may Reduce Credit for Farmers,No-till Farming in Brazil offers Many Advantages,2019 U.S. Corn Condition Unchanged at 59% Good to Excellent,,"4,46",0,0
2019-06-15,Industry Pushback against Weaker Environmental Rules in Brazil,"2019 U.S. Corn 92% Planted, Soybeans 77% Planted",2019 U.S. Corn Condition Unchanged at 59% Good to Excellent,"Corn Harvest in Full Swing in Brazil, Record Production Expected",State of Santa Catarina Leading Pork and Poultry Exporter in Brazil,Tariff Dispute between U.S. and China could benefit Brazil,2019 U.S. Corn 92% Planted Soybeans 77% Planted,Corn Harvest in Full Swing in Brazil Record Production Expected,2019/20 Brazilian Harvest Plan Announced by Ag Minister,Winter Wheat Planting underway in Brazil,"4,48",0,-1
2019-06-21,Trip Report - Illinois Indiana and Ohio,U.S. Crop Conditions Decline due to Wet Conditions,Rains Slows Corn Harvest and Winter Wheat Planting in Argentina,2019 U.S. Corn 96% Planted Soybeans 85% Planted,"2019 U.S. Corn 96% Planted, Soybeans 85% Planted","Trip Report - Illinois, Indiana, and Ohio",Cost of Producing Corn and Cotton in Mato Grosso on the Rise,,,,"4,45",0,-1
2019-06-27,2019 U.S. Soy 92% Planted 83% Emerged - Remains Very Delayed,Brazil's Forestry Plantation Plan calls for 12 mha by 2030,Cost of Producing Corn and Cotton in Mato Grosso on the Rise,Parana Farmers Planting Wheat and Harvesting Safrinha Corn,2019 U.S. Corn Crop only 94% Emerged vs. Average of 100%,2019 U.S. Crop Conditions Hold Steady at Low Level,Brazilian Farmers making Progress Harvesting their Safrinha Corn,"2019 U.S. Soy 92% Planted, 83% Emerged - Remains Very Delayed",,,"4,28",1,1
2019-06-30,"2019 U.S. Soy 92% Planted, 83% Emerged - Remains Very Delayed",2019 U.S. Soy 92% Planted 83% Emerged - Remains Very Delayed,Brazilian Farmers making Progress Harvesting their Safrinha Corn,Soy Prices could decline 23% if Brazil's Kandir Law Revoked,2019 U.S. Crop Conditions Hold Steady at Low Level,Brazil's Forestry Plantation Plan calls for 12 mha by 2030,2019 U.S. Corn Crop only 94% Emerged vs. Average of 100%,"Brazilian Scientists developing ""Tropicalized"" Canola Varieties",,,"4,28",1,1
2019-07,Soybean Prices Improving for Brazilian Farmers,First Look at 2019/20 South American Crop Production,Condition of U.S. Corn Crop declines 1% to 57% Good to Excellent,Brazil Ministry - Soy Production to Expand 32.9% over next Decade,Condition of the 2019 U.S. Corn Crop shows Slight Improvement,Brazilian Supreme Court allows Iranian Grain Vessels to be Refueled,Freeze results in Lower Wheat Production in Parana Brazil,U.S. Corn Condition declines 1% to 57% Good to Excellent,Reaction to the S. American Estimates in the July WASDE Report,2018/19 Brazil Safrinha Corn Harvest Surpasses 50%,"4,39",1,1
2019-07,Soybean Prices Improving for Brazilian Farmers,First Look at 2019/20 South American Crop Production,Condition of U.S. Corn Crop declines 1% to 57% Good to Excellent,Brazil Ministry - Soy Production to Expand 32.9% over next Decade,Condition of the 2019 U.S. Soybean Crop Unchanged,Freeze results in Lower Wheat Production in Parana Brazil,U.S. Corn Condition declines 1% to 57% Good to Excellent,U.S. Soybean Condition Unchanged at 54% Good to Excellent,Soybean Supply to tighten in Brazil between September and January,Reaction to the S. American Estimates in the July WASDE Report,"8,93",1,1
2019-07-03,Trip Report - Northern Illinois - July 5 2019,Brazil's Forestry Plantation Plan calls for 12 mha by 2030,2019 U.S. Soy 92% Planted 83% Emerged - Remains Very Delayed,"2019 U.S. Soy 92% Planted, 83% Emerged - Remains Very Delayed",Another Corn-Based Ethanol Facility set to open in Mato Grosso,U.S. Corn Condition Improves Slightly Soybeans Decline Slightly,Soy Prices could decline 23% if Brazil's Kandir Law Revoked,"Trip Report - Northern Illinois - July 5, 2019","Brazilian Scientists developing ""Tropicalized"" Canola Varieties","U.S. Corn Condition Improves Slightly, Soybeans Decline Slightly","4,37",1,1
2019-07-06,"Soybean-free period starts in Minas Gerais, Brazil","Trip Report - Northern Illinois - July 5, 2019","U.S. Corn Condition Improves Slightly, Soybeans Decline Slightly",Another Corn-Based Ethanol Facility set to open in Mato Grosso,Trip Report - Northern Illinois - July 5 2019,Hard Freeze Negatively Impacted Crops in Southern Brazil,2019 U.S. Crops continue to be behind in their Development,U.S. Corn Condition Improves Slightly Soybeans Decline Slightly,Stable Near-Term Domestic Soy Prices expected in Brazil,Conab Increases 2018/19 Brazilian Corn 1.5 mt to 98.5 Million Tons,"4,41",0,-1
2019-07-09,"U.S. Corn Condition Improves Slightly, Soybeans Decline Slightly","Trip Report - Northern Illinois - July 5, 2019",Conab Increases 2018/19 Brazilian Corn 1.5 mt to 98.5 Million Tons,Stable Near-Term Domestic Soy Prices expected in Brazil,U.S. Corn Condition Improves Slightly Soybeans Decline Slightly,Trip Report - Northern Illinois - July 5 2019,Soybean-free period starts in Minas Gerais Brazil,2019 U.S. Crops continue to be behind in their Development,Hard Freeze Negatively Impacted Crops in Southern Brazil,Brazilian Meat Exports surge in June thanks to Trade Dispute,"4,41",0,-1
2019-07-12,Soybean Harvest in Far Northern Brazil to Start within 30 Days,Conab Increases 2018/19 Brazilian Corn 1.5 mt to 98.5 Million Tons,U.S. Crop Conditions Improved Slightly Last Week,Brazilian Meat Exports surge in June thanks to Trade Dispute,2018/19 Brazil Safrinha Corn Harvest Surpasses 50%,Pasture-clearing Fires now Prohibited in Mato Grosso until Sep. 15th,U.S. Crops show Slight Improvement - High Temperatures Worry,Reaction to the S. American Estimates in the July WASDE Report,,,"4,38",0,-1
2019-07-24,RenovaBio attracts Investments in Brazil's Biofuels Sector,Freeze results in Lower Wheat Production in Parana Brazil,Freeze negatively impacts Brazilian Sugarcane Crop,U.S. Crop Conditions Unchanged to Slightly Higher,U.S. Corn Condition declines 1% to 57% Good to Excellent,"Freeze results in Lower Wheat Production in Parana, Brazil",U.S. Soybean Condition Unchanged at 54% Good to Excellent,Bridge over Paraguay River to connect M. G. do Sul with Paraguay,Brazilian Supreme Court allows Iranian Grain Vessels to be Refueled,,"4,17",0,-1
2019-07-27,Condition of the 2019 U.S. Corn Crop shows Slight Improvement,U.S. Crop Conditions Unchanged to Slightly Higher,Freeze negatively impacts Brazilian Sugarcane Crop,Condition of the 2019 U.S. Soybean Crop Unchanged,RenovaBio attracts Investments in Brazil's Biofuels Sector,Brazil Ministry - Soy Production to Expand 32.9% over next Decade,Brazil's North-South Railroad another Step Closer to Reality,,,,"4,04",1,0
2019-07-30,Export Records set during Month of July at Port of Paranagua,Condition of the 2019 U.S. Soybean Crop Unchanged,Condition of the 2019 U.S. Corn Crop shows Slight Improvement,Brazil Ministry - Soy Production to Expand 32.9% over next Decade,U.S. Crop Conditions Unchanged to Slightly Higher,Brazil's North-South Railroad another Step Closer to Reality,Freeze negatively impacts Brazilian Sugarcane Crop,,,,"4,02",1,0
2019-08,Six Million Acres of 2019 U.S. Soybeans not yet Setting Pods,2019 U.S. Corn Condition declines 3% gd/ex Soybeans Unchanged,Soybean Rust may Appear Later this Year in Southern Brazil,Economics and Politics Favor Soy over Corn in Argentina in 2019/20,AgRural Projecting 1.1% increase in Brazil Soy Acreage in 2019/20,Farmers in Parana should be the First to Plant Soybeans in Brazil,2019 U.S. Corn Condition improves 1% G/E Soybeans Unchanged,Soybean Prices in Brazil continue to Move Higher,Argentina May Start Exporting Soybean Meal to China,Farmers in Parana trying to Revive Cotton Production,"8,79",0,-1
2019-08,U.S. Corn Conditions down 3% due to Weather lack of Nitrogen,2019 U.S. Corn Condition declines 3% gd/ex Soybeans Unchanged,Economics and Politics Favor Soy over Corn in Argentina in 2019/20,3% of Full-Season Corn Planted in Parana in Southern Brazil,AgRural Projecting 1.1% increase in Brazil Soy Acreage in 2019/20,2019 U.S. Corn Condition improves 1% G/E Soybeans Unchanged,Soybean Prices in Brazil continue to Move Higher,Farmers in Parana trying to Revive Cotton Production,2019 U.S. Corn Crop Improves Slightly remains Highly Variable,Brazilian Sugarcane Acreage to Decline 2.4% in 2019/20,"4,16",0,-1
2019-08-02,First Look at 2019/20 South American Crop Production,U.S. Crop Conditions Unchanged to slightly down,Export Records set during Month of July at Port of Paranagua,Brazil's North-South Railroad another Step Closer to Reality,Sugar Mills have the Capacity to Generate 9% of Brazil's Electricity,Condition of U.S. Corn Crop declines 1% to 57% Good to Excellent,,,,,"4,05",0,-1
2019-08-08,2019 U.S. Crop Conditions Unchanged Last Week,Reaction to the U.S. August Crop Report,Second Frost Negatively Impacts Brazil's 2019 Wheat Crop,Corn Ethanol Production continues to expand In Brazil,Sugar Mills have the Capacity to Generate 9% of Brazil's Electricity,Soybean Prices Improving for Brazilian Farmers,First Look at 2019/20 South American Crop Production,2019 U.S. Crops in Eastern Corn Belt continue Slow Development,,,"3,86",0,-1
2019-08-11,Corn Ethanol Production continues to expand In Brazil,2019 U.S. Crops in Eastern Corn Belt continue Slow Development,2019 U.S. Crop Conditions Unchanged Last Week,U.S. Approves new GMO Soybean Variety from Argentina,Second Frost Negatively Impacts Brazil's 2019 Wheat Crop,Value of Argentine Peso in Freefall,Reaction to the U.S. August Crop Report,Brazil could be a Leader in Bioenergy Production,,,"3,68",0,-1
2019-08-14,Reaction to the U.S. August Crop Report,Value of Argentine Peso in Freefall,2019/20 Soybean Production Costs Increasing in Brazil,Biodiesel Blend in Brazil will increase 1% to 11% on September 1st,Brazil could be a Leader in Bioenergy Production,"U.S. Crop Conditions Decline 1%, Corn 54% & Soy 53% G/Ex",2019 U.S. Crops in Eastern Corn Belt continue Slow Development,U.S. Approves new GMO Soybean Variety from Argentina,U.S. Crop Conditions Decline 1% Corn 54% & Soy 53% G/Ex,,"3,63",0,0
2019-08-17,Rains Benefit U.S. Crops slow Crop Development Main Concern,U.S. Crop Conditions Decline 1% Corn 54% & Soy 53% G/Ex,China Continues Aggressive Purchases of Brazilian Soybeans,2019/20 Soybean Production Costs Increasing in Brazil,"U.S. Crop Conditions Decline 1%, Corn 54% & Soy 53% G/Ex",Brazilian State of Santa Catarina imposes a 17% Tax on Ag Inputs,"Exports from Brazil\'s ""Northern Arc"" of ports could hit 35 mt in 2019",Mato Grosso by far Largest Grain & Fiber Producing State in Brazil,"Rains Benefit U.S. Crops, slow Crop Development Main Concern","Exports from Brazil's ""Northern Arc"" of ports could hit 35 mt in 2019","3,62",1,0
2019-08-20,"Exports from Brazil\'s ""Northern Arc"" of ports could hit 35 mt in 2019",Rains Benefit U.S. Crops slow Crop Development Main Concern,"Exports from Brazil's ""Northern Arc"" of ports could hit 35 mt in 2019","Rains Benefit U.S. Crops, slow Crop Development Main Concern",Mato Grosso by far Largest Grain & Fiber Producing State in Brazil,Brazil will need to Import at least 7 Million Tons of Wheat,Brazilian State of Santa Catarina imposes a 17% Tax on Ag Inputs,U.S. Crop Conditions Decline 1% Corn 54% & Soy 53% G/Ex,2019/20 Soybean Production Costs Increasing in Brazil,"U.S. Crop Conditions Decline 1%, Corn 54% & Soy 53% G/Ex","3,61",1,0
2019-08-23,Cool Temperatures slow U.S. Soybean Crop Development,Argentina May Start Exporting Soybean Meal to China,Brazil will need to Import at least 7 Million Tons of Wheat,Farmers in Parana trying to Revive Cotton Production,Brazilian Sugarcane Acreage to Decline 2.4% in 2019/20,2019 U.S. Crop Conditions improve 1-2% Good to Excellent,"Exports from Brazil's ""Northern Arc"" of ports could hit 35 mt in 2019",2019 U.S. Corn Crop Improves Slightly remains Highly Variable,"Exports from Brazil\'s ""Northern Arc"" of ports could hit 35 mt in 2019",,"3,62",0,0
2019-08-26,Brazilian Sugarcane Acreage to Decline 2.4% in 2019/20,2019 U.S. Corn Crop Improves Slightly remains Highly Variable,Soybean Prices in Brazil continue to Move Higher,Cool Temperatures slow U.S. Soybean Crop Development,Argentina May Start Exporting Soybean Meal to China,Brazil will need to Import at least 7 Million Tons of Wheat,Farmers in Parana trying to Revive Cotton Production,2019 U.S. Crop Conditions improve 1-2% Good to Excellent,,,"3,63",0,-1
2019-08-29,2019 U.S. Corn Condition improves 1% G/E Soybeans Unchanged,"2019 U.S. Corn Condition improves 1% G/E, Soybeans Unchanged",Argentina May Start Exporting Soybean Meal to China,Brazilian Rainfall Forecast for Sept.-Oct.-Nov. is a Mixed Bag,Soybean Prices in Brazil continue to Move Higher,Amazon Fires put into Perspective,Farmers in Parana trying to Revive Cotton Production,,,,"3,63",0,-1
2019-09,20% of Argentine Corn Planted Very Little Soy Dryness Worries,2019/20 Brazilian Soybean Planting off to Slowest Start in 6 Years,Conventional Soybeans (non-GMO) Losing Ground in Mato Grosso,Soybean Planting in Rio Verde Goias off to an Uneven Start,2019/20 Brazil Soybean Planting off to a Slow Start 1% Planted,2019/20 Argentina Corn 16% Planted very few Soybeans Planted,Farmers in Western Mato Grosso are Anxious to Plant Soybeans,Deforestation Declined in Mato Grosso as Grain Prod. Increased,Santa Catarina to increase Soybean Acreage Decrease Corn Acreage,2019/20 Soy Planting in Brazil off to a Slower Start than Last Year,"8,61",0,-1
2019-09,20% of Argentine Corn Planted Very Little Soy Dryness Worries,U.S. Crops Could be Impacted by Freezing Temperatures,2019/20 Argentina Corn 16% Planted very few Soybeans Planted,2019 U.S. Crops Continue Slow March toward Maturity,Estimates from the B. A. Grain Exchange and its Meteorologists,Deforestation Declined in Mato Grosso as Grain Prod. Increased,Santa Catarina to increase Soybean Acreage Decrease Corn Acreage,Too Much Rain in NW Corn Belt Too Little in Southeastern U.S.,2019 U.S. Corn Condition Improves Soybeans Unchanged,2019 U.S. Crops remain behind in Development,"3,61",0,-1
2019-09-01,Amazon Fires put into Perspective,Brazilian Rainfall Forecast for Sept.-Oct.-Nov. is a Mixed Bag,2019 U.S. Corn Condition improves 1% G/E Soybeans Unchanged,3% of Full-Season Corn Planted in Parana in Southern Brazil,"2019 U.S. Corn Condition improves 1% G/E, Soybeans Unchanged",AgRural Projecting 1.1% increase in Brazil Soy Acreage in 2019/20,Farmers in Parana should be the First to Plant Soybeans in Brazil,,,,"3,58",1,0
2019-09-07,2019 U.S. Corn Condition declines 3% gd/ex Soybeans Unchanged,Six Million Acres of 2019 U.S. Soybeans not yet Setting Pods,Crop Production Cycles for Paraguay Uruguay and Bolivia,Soybean Rust may Appear Later this Year in Southern Brazil,"Crop Production Cycles for Paraguay, Uruguay, and Bolivia",U.S. Corn Conditions down 3% due to Weather lack of Nitrogen,Economics and Politics Favor Soy over Corn in Argentina in 2019/20,"2019 U.S. Corn Condition declines 3% gd/ex, Soybeans Unchanged","U.S. Corn Conditions down 3% due to Weather, lack of Nitrogen",,"3,62",1,1
2019-09-13,Farmers in Argentina have Planted 2.2% of their Intended Corn,Farmers in Mato Grosso have Sold 35% of their 2019/20 Corn Prod.,Highway BR-163 in Northern Brazil Blocked Again by Protestors,More Sept. Fires in the Cerrado Region of Brazil than Amazon,"2019 U.S. Corn Condition Unchanged, Soybeans decline 1%",2019 U.S. Crops remain behind in Development,Brazilian Soybean Planting off to a Slower Start than 2018/19,2019 U.S. Corn Condition Unchanged Soybeans decline 1%,,,"3,71",1,0
2019-09-16,2019 U.S. Crops remain behind in Development,Farmers in Mato Grosso have Sold 35% of their 2019/20 Corn Prod.,Highway BR-163 in Northern Brazil Blocked Again by Protestors,More Sept. Fires in the Cerrado Region of Brazil than Amazon,2019 U.S. Corn Condition Unchanged Soybeans decline 1%,"Brazilian Farmers Ready to Plant, only Thing Missing is Rainfall",Farmers in Argentina have Planted 2.2% of their Intended Corn,"2019 U.S. Corn Condition Unchanged, Soybeans decline 1%",Brazilian Farmers Ready to Plant only Thing Missing is Rainfall,Brazilian Soybean Planting off to a Slower Start than 2018/19,"3,71",1,0
2019-09-19,"2019 U.S. Corn Condition Improves, Soybeans Unchanged","Too Much Rain in NW Corn Belt, Too Little in Southeastern U.S.",2019 U.S. Corn Condition Improves Soybeans Unchanged,Farmers in Mato Grosso have Sold 35% of their 2019/20 Corn Prod.,"Brazilian Farmers Ready to Plant, only Thing Missing is Rainfall",2019 U.S. Crops remain behind in Development,Too Much Rain in NW Corn Belt Too Little in Southeastern U.S.,Results Indicate that Wheat can be Produced in Central Brazil,Alternative Energy Supplementing Hydroelectricity in Brazil,Brazilian Farmers Ready to Plant only Thing Missing is Rainfall,"3,73",1,1
2019-09-22,2019/20 Soy Planting in Brazil off to a Slower Start than Last Year,Results Indicate that Wheat can be Produced in Central Brazil,Alternative Energy Supplementing Hydroelectricity in Brazil,2019 U.S. Corn Condition Improves Soybeans Unchanged,"2019 U.S. Corn Condition Improves, Soybeans Unchanged",Farmers in Western Mato Grosso are Anxious to Plant Soybeans,Santa Catarina to increase Soybean Acreage Decrease Corn Acreage,Deforestation Declined in Mato Grosso as Grain Prod. Increased,"Too Much Rain in NW Corn Belt, Too Little in Southeastern U.S.",Too Much Rain in NW Corn Belt Too Little in Southeastern U.S.,"3,73",1,1
2019-09-25,"Too Much Rain in NW Corn Belt, Too Little in Southeastern U.S.",Paranagua to Export 14% More Over Next Three Months vs. 2018,Estimates from the B. A. Grain Exchange and its Meteorologists,2019/20 Soy Planting in Brazil off to a Slower Start than Last Year,Farmers in Western Mato Grosso are Anxious to Plant Soybeans,Too Much Rain in NW Corn Belt Too Little in Southeastern U.S.,Deforestation Declined in Mato Grosso as Grain Prod. Increased,Santa Catarina to increase Soybean Acreage Decrease Corn Acreage,2019 U.S. Crops Continue Slow March toward Maturity,,"3,8",1,1
2019-09-28,Estimates from the B. A. Grain Exchange and its Meteorologists,Conventional Soybeans (non-GMO) Losing Ground in Mato Grosso,2019/20 Brazil Soybean Planting off to a Slow Start 1% Planted,2019/20 Argentina Corn 16% Planted very few Soybeans Planted,"2019/20 Brazil Soybean Planting off to a Slow Start, 1% Planted",Soybean Planting in Rio Verde Goias off to an Uneven Start,"2019/20 Argentina Corn 16% Planted, very few Soybeans Planted",2019 U.S. Crops Continue Slow March toward Maturity,Paranagua to Export 14% More Over Next Three Months vs. 2018,Brazil and Paraguay closer to Linking Atlantic and Pacific Oceans,"3,88",1,0
2019-10,Significant Losses of Grain in Brazil Occurs during Transport,Delayed Soybean Planting in Brazil could Impact Safrinha Corn,2019/20 Argentina Corn Crop 40% Planted,Argentina Expected to Increase Commodity Export Taxes,Brazil's Northern Arc of Ports to Export 35 Million Tons of Grain,Soybean Prices in Brazil Decline 5% over last Two Weeks,2019/20 Argentina Corn 35% Planted Slightly Slower than Average,Mato Grosso Accounts for 52% of Brazil's Corn Exports,Brazil could have 16 Corn-Based Ethanol Facilities by 2021,Mato Grosso Farmers Increase Forward Contracting of Corn,"3,78",1,1
2019-10,Delayed Soybean Planting in Brazil could Impact Safrinha Corn,Soybean Planting in Argentina just Getting Underway,2019/20 Brazilian Soybean Crop 46% Planted,Argentina Expected to Increase Commodity Export Taxes,Soybean Prices in Brazil Decline 5% over last Two Weeks,2019/20 Brazilian Soybeans 35% Planted About Average,Farmers in Bahia Brazil starting to Plant their 2019/20 Soybeans,2019/20 Soybean Planting in Mato Grosso do Sul slowest in 5 Years,2019/20 Brazil Soybeans 21% Planted vs. 34% in 2018/19,2019/20 Argentine Soybean Planting just getting Underway,"9,01",1,1
2019-10-01,Soybean Planting in Rio Verde Goias off to an Uneven Start,Conventional Soybeans (non-GMO) Losing Ground in Mato Grosso,Brazil and Paraguay closer to Linking Atlantic and Pacific Oceans,2019/20 Argentina Corn 16% Planted very few Soybeans Planted,2019/20 Brazil Soybean Planting off to a Slow Start 1% Planted,2019 U.S. Crops Continue Slow March toward Maturity,"2019/20 Brazil Soybean Planting off to a Slow Start, 1% Planted","Soybean Planting in Rio Verde, Goias off to an Uneven Start",Estimates from the B. A. Grain Exchange and its Meteorologists,"2019/20 Argentina Corn 16% Planted, very few Soybeans Planted","3,88",1,0
2019-10-04,20% of Argentine Corn Planted Very Little Soy Dryness Worries,"Rumo Confirms Expansion of Railroad in Mato Grosso, Brazil",Brazil and Paraguay closer to Linking Atlantic and Pacific Oceans,Rumo Confirms Expansion of Railroad in Mato Grosso Brazil,2019/20 Brazilian Soybean Planting off to Slowest Start in 6 Years,Brazilians Aggressively Selling their 2019/20 Grain Production,U.S. Crops Could be Impacted by Freezing Temperatures,"20% of Argentine Corn Planted, Very Little Soy, Dryness Worries",,,"3,88",1,1
2019-10-10,2019/20 Brazil Soybean Planting Pace much Slower than Last Year,Conab - 2019/20 Brazil Soy 120.3 mt (+4.7%) Corn 98.3 mt (-1.7%),Brazilians Aggressively Selling their 2019/20 Grain Production,2019/20 Argentina Corn being Planted at about Average Pace,Deforestation could Disrupt Rainfall Distribution in South America,Reaction to October Crop Report decrease in 2019 U.S. Soy Yield,Reaction to October Crop Report increase in 2019 U.S. Corn Yield,"Conab - 2019/20 Brazil Soy 120.3 mt (+4.7%), Corn 98.3 mt (-1.7%)",,,"3,92",0,0
2019-10-13,Deforestation could Disrupt Rainfall Distribution in South America,Mato Grosso Farmers Increase Forward Contracting of Corn,Reaction to October Crop Report increase in 2019 U.S. Corn Yield,2019/20 Argentina Corn being Planted at about Average Pace,Brazilian Farmers Concerned about Possible Changes to Kandir Law,Dry Start to 2019/20 Soy Planting Worries Farmers in Parana Brazil,Reaction to October Crop Report decrease in 2019 U.S. Soy Yield,"Dry Start to 2019/20 Soy Planting Worries Farmers in Parana, Brazil",2019/20 Brazil Soybean Planting Pace much Slower than Last Year,,"3,94",0,-1
2019-10-16,Brazilian Farmers Concerned about Possible Changes to Kandir Law,2019/20 Brazil Soybeans 21% Planted vs. 34% in 2018/19,2019/20 Brazil Soybean Planting Pace much Slower than Last Year,2019/20 Argentine Soybean Planting just getting Underway,2019/20 Cotton Acreage in Mato Grosso Likely to be Unchanged,Mato Grosso Farmers Increase Forward Contracting of Corn,"Dry Start to 2019/20 Soy Planting Worries Farmers in Parana, Brazil",2019/20 Argentina Corn being Planted at about Average Pace,Dry Start to 2019/20 Soy Planting Worries Farmers in Parana Brazil,,"3,91",0,0
2019-10-19,Condition of Brazil's Highways Deteriorated in 2019,2019/20 Argentine Soybean Planting just getting Underway,Brazil could have 16 Corn-Based Ethanol Facilities by 2021,2019/20 Soybean Planting in Mato Grosso do Sul slowest in 5 Years,2019/20 Brazil Soybeans 21% Planted vs. 34% in 2018/19,2019/20 Cotton Acreage in Mato Grosso Likely to be Unchanged,Mato Grosso Accounts for 52% of Brazil's Corn Exports,Argentina to Expand Meat Exports to China,,,"3,87",1,0
2019-10-22,"Farmers in Bahia, Brazil starting to Plant their 2019/20 Soybeans",Argentina to Expand Meat Exports to China,Condition of Brazil's Highways Deteriorated in 2019,Farmers in Bahia Brazil starting to Plant their 2019/20 Soybeans,2019/20 Soybean Planting in Mato Grosso do Sul slowest in 5 Years,2019/20 Argentine Soybean Planting just getting Underway,Brazil could have 16 Corn-Based Ethanol Facilities by 2021,Mato Grosso Accounts for 52% of Brazil's Corn Exports,2019/20 Brazil Soybeans 21% Planted vs. 34% in 2018/19,,"3,87",1,0
2019-10-25,Soybean Prices in Brazil Decline 5% over last Two Weeks,Argentina to Expand Meat Exports to China,"2019/20 Brazilian Soybeans 35% Planted, About Average","Farmers in Bahia, Brazil starting to Plant their 2019/20 Soybeans",Argentina Elects a New President - Mr. Alberto Fernandez,"2019/20 Argentina Corn 35% Planted, Slightly Slower than Average",Brazil's Northern Arc of Ports to Export 35 Million Tons of Grain,2019/20 Argentina Corn 35% Planted Slightly Slower than Average,Farmers in Bahia Brazil starting to Plant their 2019/20 Soybeans,2019/20 Brazilian Soybeans 35% Planted About Average,"3,88",0,-1
2019-10-31,Soybean Planting in Argentina just Getting Underway,Agriculture Occupies 41% of Brazil's Total Land Area,2019/20 Brazilian Soybean Crop 46% Planted,Delayed Soybean Planting in Brazil could Impact Safrinha Corn,Brazil's Northern Arc of Ports to Export 35 Million Tons of Grain,2019/20 Argentina Corn Crop 40% Planted,Soybean Prices in Brazil Decline 5% over last Two Weeks,Argentina Expected to Increase Commodity Export Taxes,,,"3,85",0,-1
2019-11,First Case of Soybean Rust Confirmed in Brazilian Soybean Fields,Argentina Soy 39% Planted Corn 46% Dryer Forecast Worries,2019/20 Brazilian Soybeans Approaching 90% Planted,Surging Corn Exports Result in Higher Corn Prices in Brazil,Dry Areas of Argentina Received Showers Soybeans 32% Planted,Argentine Farmers Switching Some Intended Corn to Soybeans,2019/20 Brazilian Soybeans are 79% Planted,Delayed Soy Planting Could Reduce Brazil's Safrinha Corn Acreage,Paraguay Soy Farmers Worried about Weather and Potential Taxes,Strong Corn Prices in Mato Grosso Brazil's Largest Corn Producer,"9,31",1,1
2019-11,Argentina Soy 39% Planted Corn 46% Dryer Forecast Worries,Record Corn Exports Could Result in Corn Shortages in Brazil,2019/20 Full-Season Corn in Brazil OK Safrinha to be Determined,Surging Corn Exports Result in Higher Corn Prices in Brazil,Argentine Farmers Switching Some Intended Corn to Soybeans,Delayed Soy Planting Could Reduce Brazil's Safrinha Corn Acreage,Brazil Could Import a Small Amount of Corn Due to Tight Supplies,Safrina Corn will be Planted Late in Mato Grosso do Sul,Strong Corn Prices in Mato Grosso Brazil's Largest Corn Producer,2019/20 Argentina Soybeans 20% Planted Corn 45% Planted,"3,88",1,1
2019-11-03,13% of the Raw Material used in Brazilian Biodiesel is Beef Tallow,Soybean Planting in Argentina just Getting Underway,Delayed Soybean Planting in Brazil could Impact Safrinha Corn,2019/20 Brazilian Soybean Crop 46% Planted,Farmers in Parana May Now Plant Soybeans Past December 31st,2019/20 Argentina Corn Crop 40% Planted,Argentina Expected to Increase Commodity Export Taxes,Significant Losses of Grain in Brazil Occurs during Transport,,,"3,79",0,0
2019-11-12,Aprosoja Objects to Extended Deadline for Soy Planting in Parana,Conab Increases 2019/20 Brazilian Soy 0.47 mt Corn Unchanged,2019/20 Argentina Soybeans 8.7% Planted Corn 42.7% Planted,"November Crop Report - U.S. Corn Yields Lowered, Soy Unchanged",Rains slow Wheat Harvest and Soy Planting in Rio Grande do Sul,Soybean Planting in Mato Grosso to be Completed within 2 Weeks,November Crop Report - U.S. Corn Yields Lowered Soy Unchanged,"Conab Increases 2019/20 Brazilian Soy 0.47 mt, Corn Unchanged",Soybean Planting in Northeastern Brazil off to Irregular Start,"2019/20 Argentina Soybeans 8.7% Planted, Corn 42.7% Planted","3,74",0,0
2019-11-15,Rains slow Wheat Harvest and Soy Planting in Rio Grande do Sul,Brazil Benefits by Hosting Annual Meeting of BRICK Nations,2019/20 Argentina Soybeans 20% Planted Corn 45% Planted,2019/20 Brazil Soybeans 67% Planted,Strong Corn Prices in Mato Grosso Brazil's Largest Corn Producer,Safrina Corn will be Planted Late in Mato Grosso do Sul,Aprosoja Objects to Extended Deadline for Soy Planting in Parana,Domestic Soybean Prices in Brazil Continue to be Strong,"2019/20 Argentina Soybeans 20% Planted, Corn 45% Planted","Strong Corn Prices in Mato Grosso, Brazil's Largest Corn Producer","3,69",1,0
2019-11-27,Dry Areas of Argentina Received Showers Soybeans 32% Planted,Expansion of Ferronorte Railroad in Mato Grosso a Step Closer,Paving of Highway BR-163 in Northern Brazil is Now Complete,2019/20 Brazilian Soybeans Approaching 90% Planted,"Dry Areas of Argentina Received Showers, Soybeans 32% Planted",Surging Corn Exports Result in Higher Corn Prices in Brazil,Argentine Farmers Switching Some Intended Corn to Soybeans,,,,"3,78",0,0
2019-11-30,"Rains Return to Paraguay, Farmers are Now More Optimistic",Record Corn Exports Could Result in Corn Shortages in Brazil,Rains Return to Paraguay Farmers are Now More Optimistic,Argentina Soy 39% Planted Corn 46% Dryer Forecast Worries,"Argentina Soy 39% Planted, Corn 46%, Dryer Forecast Worries",2019/20 Brazilian Soybeans Approaching 90% Planted,Paving of Highway BR-163 in Northern Brazil is Now Complete,First Case of Soybean Rust Confirmed in Brazilian Soybean Fields,"2019/20 Full-Season Corn in Brazil OK, Safrinha to be Determined",2019/20 Full-Season Corn in Brazil OK Safrinha to be Determined,"3,79",0,0
2019-12,Fewer Cases of Soybean Rust in Brazil vs. Last Growing Season,2019/20 Argentina Soybeans Stabilized with Improved Weather,Dry Weather Trimming Soy Yields in Southern Brazil and NE Brazil,Early Soybean Harvest under Way in Select Regions of Mato Grosso,Workshop Promotes Wheat Production in Mato Grosso Brazil,2019 Corn Prices in Mato Grosso Averaged 17% More than in 2018,New Joint Venture in Brazil for Corn-Based Ethanol Production,2019/20 Brazil Soy Generally OK Dryness in NE Brazil Worries,Argentina has Approximately 65800 Soybean Producers,Attractive Prices Encourage Brazilian Farmers to Sell their Grain,"8,98",0,-1
2019-12,Drought Impacting Crops in Rio Grande do Sul in Southern Brazil,2019/20 Argentina Corn Helped by Rain Needs More,Full-season Corn Impacted by Dry Weather in Southern Brazil,Brazilian Farmers Planting Pasture Grass with Safrinha Corn,Workshop Promotes Wheat Production in Mato Grosso Brazil,Brazil Exports First Shipment of Dry Distillers Grain,Brazil Could Have Lowest Corn Carryover in Six Years,2019 Corn Prices in Mato Grosso Averaged 17% More than in 2018,New Joint Venture in Brazil for Corn-Based Ethanol Production,Corn in Argentina 55% Planted 26% Pollinating Dryness Worries,"3,73",0,-1
2019-12-03,First Case of Soybean Rust Confirmed in Brazilian Soybean Fields,Rains Return to Paraguay Farmers are Now More Optimistic,2019/20 Full-Season Corn in Brazil OK Safrinha to be Determined,Paving of Highway BR-163 in Northern Brazil is Now Complete,Record Corn Exports Could Result in Corn Shortages in Brazil,"Rains Return to Paraguay, Farmers are Now More Optimistic",2019/20 Brazilian Soybeans Approaching 90% Planted,"2019/20 Full-Season Corn in Brazil OK, Safrinha to be Determined","Argentina Soy 39% Planted, Corn 46%, Dryer Forecast Worries",Argentina Soy 39% Planted Corn 46% Dryer Forecast Worries,"3,78",1,0
2019-12-06,2019/20 Argentina Soybeans 50% Planted Dryness Worries,"2019/20 Brazilian Soy 93% Planted, Crop Developing Normally",Brazil May need to Import Corn before Safrinha Harvest next June,First Case of Soybean Rust Confirmed in Brazilian Soybean Fields,Attractive Prices Encourage Brazilian Farmers to Sell their Grain,2019/20 Brazilian Soy 93% Planted Crop Developing Normally,Dry Weather could Impact Early Pollinating Corn in Argentina,"2019/20 Argentina Soybeans 50% Planted, Dryness Worries",Completion of Soy Planting in NE Brazil Delayed by Dry Weather,Minimum Freight Rates Reduces Chance of Trucker Strike in Brazil,"3,76",1,1
2019-12-12,"Argentina has Approximately 65,800 Soybean Producers",Corn in Argentina 55% Planted 26% Pollinating Dryness Worries,Argentina has Approximately 65800 Soybean Producers,Dry Weather in Southern Half of Argentina Becoming Worrisome,"Brazil Corn Stocks Tight, Companies Already Importing Corn",Brazil's Beef Exports Up 11.3% in 2019 Driven by China Demand,2019/20 Brazil Soy Generally OK Dryness in NE Brazil Worries,"Corn in Argentina 55% Planted, 26% Pollinating, Dryness Worries",Attractive Prices Encourage Brazilian Farmers to Sell their Grain,Brazil Corn Stocks Tight Companies Already Importing Corn,"3,85",1,0
2019-12-15,2019 Was a Very Good Year for Brazilian Cotton Producers,Dry Weather in Southern Half of Argentina Becoming Worrisome,Brazil's Beef Exports Up 11.3% in 2019 Driven by China Demand,New Joint Venture in Brazil for Corn-Based Ethanol Production,"Corn in Argentina 55% Planted, 26% Pollinating, Dryness Worries",2019/20 Brazil Soy Generally OK Dryness in NE Brazil Worries,2019 Corn Prices in Mato Grosso Averaged 17% More than in 2018,"Brazil Corn Stocks Tight, Companies Already Importing Corn",Corn in Argentina 55% Planted 26% Pollinating Dryness Worries,"2019/20 Brazil Soy Generally OK, Dryness in NE Brazil Worries","3,88",1,0
2019-12-18,2019 Was a Very Good Year for Brazilian Cotton Producers,Dry Weather in Southern Half of Argentina Becoming Worrisome,Corn in Argentina 55% Planted 26% Pollinating Dryness Worries,2019 Corn Prices in Mato Grosso Averaged 17% More than in 2018,"Corn in Argentina 55% Planted, 26% Pollinating, Dryness Worries",Brazil Could Have Lowest Corn Carryover in Six Years,Brazil Exports First Shipment of Dry Distillers Grain,New Joint Venture in Brazil for Corn-Based Ethanol Production,,,"3,88",1,0
2019-12-21,Brazil Exports First Shipment of Dry Distillers Grain,Brazilian Gov. to help Independent Truckers form Cooperatives,"Workshop Promotes Wheat Production in Mato Grosso, Brazil",Workshop Promotes Wheat Production in Mato Grosso Brazil,Brazil Could Have Lowest Corn Carryover in Six Years,,,,,,"3,89",0,0
2019-12-30,Brazilian Farmers Planting Pasture Grass with Safrinha Corn,Early Soybean Harvest under Way in Select Regions of Mato Grosso,2020 Starts off with Dryness Concerns in Parts of South America,,,,,,,,"3,88",0,0
2020-01,China's Grain Purchases Focused on Brazilian Soybeans,Domestic Corn Prices in Brazil Expected to Remain Strong in 2020,2019/20 Soybean Harvest Pace in Brazil Slower than Last Year,Ethanol Stimulates Safrinha Corn Production in Mato Grosso,2019/20 Argentina Soybeans 100% Planted,Farmers in Bahia Starting to Harvest their Irrigated Soybeans,Early Soybean Yields in Brazil are Generally Positive,Brazilian Analysts Optimistic Concerning Brazil's Soybean Exports,After a Dry Start Late Rains Benefit Soybeans in Paraguay,Mato Grosso Farmers have Sold 4.9% of their 2020/21 Soybean Crop,"9,31",1,1
2020-01,China's Grain Purchases Focused on Brazilian Soybeans,Domestic Corn Prices in Brazil Expected to Remain Strong in 2020,2019/20 Brazilian Safrinha Corn Acreage Uncertain,Port of Itaqui Destined to be one of the Largest Grain Ports in Brazil,Ethanol Stimulates Safrinha Corn Production in Mato Grosso,2019/20 Argentina Corn 97% Planted 190000 ha Left to Plant,Corn Prices and Corn Sales in Brazil Expected to Remain Strong,Truckers want More than the 11-15% Increase in Freight Rates,Brazilian Farmers have Started to Plant their 2020 Safrinha Corn,Tight Corn Supplies in Southern Brazil could Worsen in Near Future,"3,85",1,1
2020-01-02,2019/20 Argentina Corn Helped by Rain Needs More,Brazil to Obtain Bids on R$ 101 Billion of Infrastructure Projects,2019/20 Argentina Soybeans Stabilized with Improved Weather,Early Soybean Harvest under Way in Select Regions of Mato Grosso,2020 Starts off with Dryness Concerns in Parts of South America,"2019/20 Argentina Corn Helped by Rain, Needs More",Dry Weather Trimming Soy Yields in Southern Brazil and NE Brazil,Full-season Corn Impacted by Dry Weather in Southern Brazil,,,"3,86",1,0
2020-01-05,Full-season Corn Impacted by Dry Weather in Southern Brazil,Dry Weather Trimming Soy Yields in Southern Brazil and NE Brazil,"2019/20 Argentina Corn Helped by Rain, Needs More",2019/20 Argentina Soybeans Stabilized with Improved Weather,2019/20 Argentina Corn Helped by Rain Needs More,Rust Monitoring System Reduces Fungicide Applications by 35%,Brazil to Obtain Bids on R$ 101 Billion of Infrastructure Projects,Fewer Cases of Soybean Rust in Brazil vs. Last Growing Season,Drought Impacting Crops in Rio Grande do Sul in Southern Brazil,,"3,84",1,0
2020-01-08,Drought Impacting Crops in Rio Grande do Sul in Southern Brazil,"Brazil Soybeans 0.4% Harvested vs 2.1% Last Year, 0.7% Average",Brazil Soybeans 0.4% Harvested vs 2.1% Last Year 0.7% Average,2019/20 Argentina Corn Helped by Rain Needs More,Fewer Cases of Soybean Rust in Brazil vs. Last Growing Season,"2019/20 Argentina Corn Helped by Rain, Needs More",Rust Monitoring System Reduces Fungicide Applications by 35%,Corn to Account for 4.7% of Brazil's Ethanol Production in 2019/20,Brazil Full-Season Corn Impacted by Dry Weather in S. Brazil,2019/20 Argentina Soybeans Stabilized with Improved Weather,"3,86",0,0
2020-01-11,"Brazil Soybeans 0.4% Harvested vs 2.1% Last Year, 0.7% Average",Brazil Full-Season Corn Impacted by Dry Weather in S. Brazil,"Corn in Argentina 88% Planted, Northern Argentina Last to Plant",Tight Corn Supplies in Southern Brazil could Worsen in Near Future,Soy 93% Planted in Argentina Acreage Reduced due to Dry Weather,Corn to Account for 4.7% of Brazil's Ethanol Production in 2019/20,"Soy 93% Planted in Argentina, Acreage Reduced due to Dry Weather",Brazilian Farmers have Started to Plant their 2020 Safrinha Corn,Farmers in Parana Petition for Late Planting of Safrinha Corn,Brazil Soybeans 0.4% Harvested vs 2.1% Last Year 0.7% Average,"3,86",1,0
2020-01-20,Brazil Soybean Harvest 1.8% Complete vs 6.1% in 2019,"Argentine Inflation 53.8% in 2019, 2020 is Forecasted at 42.2%",Mato Grosso Farmers have Sold 4.9% of their 2020/21 Soybean Crop,After a Dry Start Late Rains Benefit Soybeans in Paraguay,Port of Paranagua Increasing the Amount of Rail Deliveries,Brazilian Supreme Court to decide Fate of Freight Rates on Feb 19th,Argentine Inflation 53.8% in 2019 2020 is Forecasted at 42.2%,Corn Prices and Corn Sales in Brazil Expected to Remain Strong,Truckers want More than the 11-15% Increase in Freight Rates,"After a Dry Start, Late Rains Benefit Soybeans in Paraguay","3,89",0,-1
2020-01-23,Brazilian Supreme Court to decide Fate of Freight Rates on Feb 19th,Planting Nearly Complete in Argentina Dry Forecast Worries,Optimistic Mood at Brazil's first Big Farm Show of the Season,Brazilian Analysts Optimistic Concerning Brazil's Soybean Exports,"Planting Nearly Complete in Argentina, Dry Forecast Worries",After a Dry Start Late Rains Benefit Soybeans in Paraguay,"After a Dry Start, Late Rains Benefit Soybeans in Paraguay",Mato Grosso Farmers have Sold 4.9% of their 2020/21 Soybean Crop,,,"3,86",0,-1
2020-01-26,"Planting Nearly Complete in Argentina, Dry Forecast Worries",Early Soybean Yields in Brazil are Generally Positive,Agricultural Products Represented 43.2% of Brazil's Exports in 2019,Optimistic Mood at Brazil's first Big Farm Show of the Season,Brazil to be a Major Exporter of Food to India in the Coming Years,Planting Nearly Complete in Argentina Dry Forecast Worries,Brazilian Analysts Optimistic Concerning Brazil's Soybean Exports,,,,"3,82",0,0
2020-01-29,Brazil to be a Major Exporter of Food to India in the Coming Years,"2019/20 Argentina Corn 97% Planted, 190,000 ha Left to Plant",Early Soybean Yields in Brazil are Generally Positive,Agricultural Products Represented 43.2% of Brazil's Exports in 2019,2019/20 Argentina Corn 97% Planted 190000 ha Left to Plant,Farmers in Bahia Starting to Harvest their Irrigated Soybeans,Planting Nearly Complete in Argentina Dry Forecast Worries,2019/20 Argentina Soybeans 100% Planted,Brazilian Analysts Optimistic Concerning Brazil's Soybean Exports,"Planting Nearly Complete in Argentina, Dry Forecast Worries","3,81",0,0
2020-02,Soy Producers and Processors in Argentina Upset over Higher Taxes,Domestic Grain Prices in Brazil Setting Record Highs,Domestic Corn Prices in Brazil Continue Very Strong,Emater Lowers Soy and Corn Estimates in Rio Grande do Sul,Brazil's Biodiesel Blend Increased to 12% Vegetable Oil (B12),"Brazil is ""Best Game in Town"" When it Comes to Soybean Exports",2019/20 Brazilian Soybeans 43.1% Harvested,Domestic Corn Prices in Brazil 20% Higher Than a Year Ago,Dry Weather could Impact Late Developing Soybeans in Argentina,Reaction to USDA's 2020 Outlook Conference,"9,03",0,-1
2020-02,Domestic Grain Prices in Brazil Setting Record Highs,Domestic Corn Prices in Brazil Continue Very Strong,Emater Lowers Soy and Corn Estimates in Rio Grande do Sul,Hot and Dry Weather Could Impact Late Crops in Argentina,Brazil's Biodiesel Blend Increased to 12% Vegetable Oil (B12),Domestic Corn Prices in Brazil 20% Higher Than a Year Ago,Brazil's Largest Sugar Mill May Add Corn to Produce Ethanol,Half of Brazil's Safrinha Corn Planted after Ideal Window Closes,Reaction to USDA's 2020 Outlook Conference,"Brazilian Government Releases ""Pre-Cost"" Funding","3,84",0,0
2020-02-01,2019/20 Soybean Harvest Pace in Brazil Slower than Last Year,2019/20 Argentina Corn 97% Planted 190000 ha Left to Plant,Domestic Corn Prices in Brazil Expected to Remain Strong in 2020,2019/20 Brazilian Safrinha Corn Acreage Uncertain,"2019/20 Argentina Corn 97% Planted, 190,000 ha Left to Plant",Farmers in Bahia Starting to Harvest their Irrigated Soybeans,Ethanol Stimulates Safrinha Corn Production in Mato Grosso,Port of Itaqui Destined to be one of the Largest Grain Ports in Brazil,2019/20 Argentina Soybeans 100% Planted,,"3,81",0,0
2020-02-04,2019/20 Brazilian Safrinha Corn Acreage Uncertain,Port of Itaqui Destined to be one of the Largest Grain Ports in Brazil,2019/20 Argentina Corn 97% Planted 190000 ha Left to Plant,China's Grain Purchases Focused on Brazilian Soybeans,2019/20 Argentina Soybeans 100% Planted,2019/20 Soybean Harvest Pace in Brazil Slower than Last Year,Domestic Corn Prices in Brazil Expected to Remain Strong in 2020,Ethanol Stimulates Safrinha Corn Production in Mato Grosso,"2019/20 Argentina Corn 97% Planted, 190,000 ha Left to Plant",,"3,82",0,0
2020-02-07,Brazilian Farmers Actively Planting their 2020 Safrinha Corn,Brazilian Farmers Starting to Plant their 2019/20 Safrinha Corn,February WASDE Increased Soybean Production in South America,Conab Increased Brazilian Soy and Corn Estimates in Feb. Report,Attorney General in Mato Grosso blocks Late Planting of Soybeans,"2019/20 Brazilian Soybeans 15.7% Harvested, about Average",Domestic Corn Prices in Brazil Expected to Remain Strong in 2020,China's Grain Purchases Focused on Brazilian Soybeans,2019/20 Brazilian Soybeans 15.7% Harvested about Average,,"3,82",0,0
2020-02-10,"2019/20 Brazilian Soybeans 15.7% Harvested, about Average",2019/20 Brazilian Soybeans 15.7% Harvested about Average,February WASDE Increased Soybean Production in South America,Attorney General in Mato Grosso blocks Late Planting of Soybeans,Brazilian Farmers Starting to Plant their 2019/20 Safrinha Corn,Brazilian Farmers Actively Planting their 2020 Safrinha Corn,Conab Increased Brazilian Soy and Corn Estimates in Feb. Report,Corn Accounted for 3.8% of Brazil's Ethanol Production in 2019/20,China's Grain Purchases Focused on Brazilian Soybeans,,"3,8",0,0
2020-02-13,"Inauguration of Completed BR-163 Brazil's ""Soybean Highway""",2019/20 Brazil Soybeans 27.4% Harvested,Brazilian Farmers Planting Safrinha Corn after Soybean Harvest,Freight Rates Increasing in Brazil as Soybean Harvest Accelerates,Attorney General in Mato Grosso blocks Late Planting of Soybeans,Soybean Rust in Brazil Lowest on Record Scientists Speculate Why,Brazilian Farmers Actively Planting their 2020 Safrinha Corn,"Inauguration of Completed BR-163, Brazil\'s ""Soybean Highway""","Soybean Rust in Brazil Lowest on Record, Scientists Speculate Why",Corn Accounted for 3.8% of Brazil's Ethanol Production in 2019/20,"3,8",0,-1
2020-02-16,Brazilian Farmers Actively Planting their Safrinha Corn,"Soybean Rust in Brazil Lowest on Record, Scientists Speculate Why",Freight Rates Increasing in Brazil as Soybean Harvest Accelerates,2019/20 Brazil Soybeans 27.4% Harvested,"Inauguration of Completed BR-163, Brazil\'s ""Soybean Highway""",Brazilian Farmers Planting Safrinha Corn after Soybean Harvest,Farmers in Argentina Contemplate a General Strike,"Inauguration of Completed BR-163 Brazil's ""Soybean Highway""",Soybean Rust in Brazil Lowest on Record Scientists Speculate Why,Brazilian Exporters Confident about Grain Volumes in 2020,"3,8",0,-1
2020-02-19,Brazilian Exporters Confident about Grain Volumes in 2020,"Inauguration of Completed BR-163 Brazil's ""Soybean Highway""",Brazilian Farmers Planting Safrinha Corn after Soybean Harvest,Reaction to USDA's 2020 Outlook Conference,"Inauguration of Completed BR-163, Brazil\'s ""Soybean Highway""",Farmers in Argentina Contemplate a General Strike,Brazilian Farmers Actively Planting their Safrinha Corn,"Brazilian Government Releases ""Pre-Cost"" Funding",2019/20 Brazil Soybean Harvest slows to 5-year Average Pace,,"3,76",0,0
2020-02-22,Dry Weather could Impact Late Developing Soybeans in Argentina,Domestic Corn Prices in Brazil 20% Higher Than a Year Ago,Reaction to USDA's 2020 Outlook Conference,"Brazilian Government Releases ""Pre-Cost"" Funding",Brazilian Cotton Producers and Exporters Expecting a Good 2019/20,2019/20 Brazil Soybean Harvest slows to 5-year Average Pace,Brazil's Largest Sugar Mill May Add Corn to Produce Ethanol,Half of Brazil's Safrinha Corn Planted after Ideal Window Closes,,,"3,7",1,1
2020-02-25,Suspended Exports May Mean Higher Export Taxes in Argentina,Brazil's Largest Sugar Mill May Add Corn to Produce Ethanol,Brazilian Cotton Producers and Exporters Expecting a Good 2019/20,Half of Brazil's Safrinha Corn Planted after Ideal Window Closes,Domestic Corn Prices in Brazil 20% Higher Than a Year Ago,Dry Weather could Impact Late Developing Soybeans in Argentina,2019/20 Brazil Soybean Harvest slows to 5-year Average Pace,Reaction to USDA's 2020 Outlook Conference,,,"3,71",1,1
2020-02-28,Suspended Exports May Mean Higher Export Taxes in Argentina,Hot and Dry Weather Could Impact Late Crops in Argentina,Brazil's Biodiesel Blend Increased to 12% Vegetable Oil (B12),"Brazil is ""Best Game in Town"" When it Comes to Soybean Exports",Emater Lowers Soy and Corn Estimates in Rio Grande do Sul,Domestic Corn Prices in Brazil 20% Higher Than a Year Ago,Domestic Corn Prices in Brazil Continue Very Strong,2019/20 Brazilian Soybeans 43.1% Harvested,,,"3,78",0,0
2020-03,"Last Week was ""Best Week Ever"" for Brazilian Grain Producers",Only Minor Problems being Reported for Brazilian Logistics,Domestic Corn Prices in Brazil remain Strong,Safrinha Corn off to a Good Start in Southwestern Goias,Grain Logistics in Argentina are Tenuous at Best,Southern Safrinha Corn Areas of Brazil need Rain,Parana Farmers to Increase 2020 Winter Wheat Acreage by 5%,Brazilians Advised to Sell their Soy before Potential Stronger Real,Brazilian Producers Bullish on Future of Corn Ethanol Production,Virus Threat leads to Uncertainty of Grain Transport in Brazil,"3,76",0,-1
2020-03,Argentina Soybeans 8.1% Harvested Yields Variable,Brazil Soy 86% Harvested Rio Grande do Sul Severely Impacted,Only Minor Problems being Reported for Brazilian Logistics,Domestic Corn Prices in Brazil remain Strong,Soybean Yields in Rio Grande do Sul down at Least 40%,Brazilian Soybean Producers Recording Record High Profit Margins,Parana Farmers to Increase 2020 Winter Wheat Acreage by 5%,Brazilians Advised to Sell their Soy before Potential Stronger Real,Brazilian Producers Bullish on Future of Corn Ethanol Production,Brazil Soybeans 70% Harvested Variable Yields being Reported,"8,9",0,-1
2020-03-05,Hot and Dry Conditions in Argentina could Impact Late Planted Soy,"In March Report Conab Increases Brazil Soy, Lowers Brazil Corn",2019/20 Brazil Soybeans Over Half Harvested,Domestic Corn Prices in Brazil Continue Very Strong,Emater Lowers Soy and Corn Estimates in Rio Grande do Sul,Domestic Grain Prices in Brazil Setting Record Highs,End of Safrinha Planting Window Approaching in Brazil,In March Report Conab Increases Brazil Soy Lowers Brazil Corn,Soy Producers and Processors in Argentina Upset over Higher Taxes,,"3,76",0,-1
2020-03-08,Soy Producers and Processors in Argentina Upset over Higher Taxes,End of Safrinha Planting Window Approaching in Brazil,In March Report Conab Increases Brazil Soy Lowers Brazil Corn,Emater Lowers Soybean Production in Rio Grande do Sul by 32%,Hot and Dry Conditions in Argentina could Impact Late Planted Soy,Safrinha Corn in Northwestern Parana off to a Rough Start,Northern Mato Grosso Produced a Very Good Soy Crop in 2019/20,"In March Report Conab Increases Brazil Soy, Lowers Brazil Corn",2019/20 Brazil Soybeans Over Half Harvested,,"3,71",0,-1
2020-03-14,Soybean Estimates Continue to Decline in Rio Grande do Sul,Dry Weather Impacting Start of Safrinha Corn in Brazil,Argentine Mayor's Attempt to Close Ports Overruled for Now,Safrinha Corn in State of Parana off to Irregular Start,Brazil Exporters Confident Virus will Not Impact Total Shipments,Weak Currency Spurs Aggressive Selling by Brazilian Farmers,,,,,"3,45",1,0
2020-03-26,Brazilians Advised to Sell their Soy before Potential Stronger Real,Brazilian Soybean Producers Recording Record High Profit Margins,Brazilian Producers Bullish on Future of Corn Ethanol Production,Parana Farmers to Increase 2020 Winter Wheat Acreage by 5%,Brazilian Minister Declares Agribusiness Essential Services,Port of Paranagua in Brazil takes Precautions to Protect Workers,Grain Logistics in Argentina are Tenuous at Best,Southern Safrinha Corn Areas of Brazil need Rain,,,"3,42",0,-1
2020-03-29,Brazilian Soybean Producers Recording Record High Profit Margins,Parana Farmers to Increase 2020 Winter Wheat Acreage by 5%,Safrinha Corn off to a Good Start in Southwestern Goias,Southern Safrinha Corn Areas of Brazil need Rain,Domestic Corn Prices in Brazil remain Strong,Soybean Yields in Rio Grande do Sul down at Least 40%,Grain Logistics in Argentina are Tenuous at Best,Brazilian Minister Declares Agribusiness Essential Services,,,"3,36",0,-1
2020-04,Soy Prices Continue to Increase in Brazil due to Weaker Currency,Brazil Crushers Compete with Exporters for Tight Soy Supplies,Imea Estimates Mato Grosso will surpass 10 mha of Soy in 2020/21,2019/20 Argentina Soy Harvest Ahead of Average Approaching 70%,U.S. Corn Planting 51% Complete Soy 23% both Ahead of Average,Brazilian Farmers Expected to Increase their Winter Wheat Acreage,Brazil Soy Supply Should be Adequate to Meet Demand in 2020,Paraguay Ethanol Production Impacted by Corvid-19 Pandemic,Brazil Continues to Export Soybeans at a Record Pace,Domestic Soybean Prices in Brazil Set Records Last Friday,"8,61",0,-1
2020-04,Soy Prices Continue to Increase in Brazil due to Weaker Currency,2019/20 Argentina Corn Harvest Advanced 2% last Week to 37%,U.S. Corn Planting 51% Complete Soy 23% both Ahead of Average,2019/20 Safrinha Corn in Southern Brazil Waiting for Rain,Dry Weather a Concern for Southern Safrinha Corn in Brazil,Brazilian Farmers Expected to Increase their Winter Wheat Acreage,Paraguay Ethanol Production Impacted by Corvid-19 Pandemic,Domestic Soybean Prices in Brazil Set Records Last Friday,Brazilian Ports Operating Normally for Grain Exports,Brazil Produced Record Ethanol in 2019/20 4.7% Made from Corn,"3,44",0,-1
2020-04-01,"Brazil Soy 86% Harvested, Rio Grande do Sul Severely Impacted",Soybean Yields in Rio Grande do Sul down at Least 40%,Grain Logistics in Argentina are Tenuous at Best,Brazil Soy 86% Harvested Rio Grande do Sul Severely Impacted,Domestic Corn Prices in Brazil remain Strong,Southern Safrinha Corn Areas of Brazil need Rain,Safrinha Corn off to a Good Start in Southwestern Goias,"Last Week was ""Best Week Ever"" for Brazilian Grain Producers",Only Minor Problems being Reported for Brazilian Logistics,,"3,32",0,0
2020-04-04,"Conab Lowers Brazil Soybean Estimate, Increases Corn Estimate",Farmers in Parana to Plant 4.7% More Wheat in 2020,"Argentina Soybeans 8.1% Harvested, Yields Variable",Argentina Soybeans 8.1% Harvested Yields Variable,U.S. Attaché Lowers Brazil Soy Estimate 0.5 mt to 123.0 Million Tons,"Last Week was ""Best Week Ever"" for Brazilian Grain Producers","Brazil Soy 86% Harvested, Rio Grande do Sul Severely Impacted",Brazil's Ag Sector best Positioned to Weather Economic Turmoil,Brazil Soy 86% Harvested Rio Grande do Sul Severely Impacted,Only Minor Problems being Reported for Brazilian Logistics,"3,3",0,-1
2020-04-07,"Argentina Soybeans 8.1% Harvested, Yields Variable",Argentina Soybeans 8.1% Harvested Yields Variable,Brazilian Farmers Aggressively Selling their Crops,"Last Week was ""Best Week Ever"" for Brazilian Grain Producers",Brazil's Ag Sector best Positioned to Weather Economic Turmoil,"Conab Lowers Brazil Soybean Estimate, Increases Corn Estimate","Brazil Soy 86% Harvested, Rio Grande do Sul Severely Impacted",U.S. Attaché Lowers Brazil Soy Estimate 0.5 mt to 123.0 Million Tons,Conab Lowers Brazil Soybean Estimate Increases Corn Estimate,Farmers in Parana to Plant 4.7% More Wheat in 2020,"3,31",0,-1
2020-04-10,Conab Lowers Brazil Soybean Estimate Increases Corn Estimate,Aprosoja Lowers 2019/20 Brazil Soybean Production to 120.0 mt,2019/20 Argentina Soybeans 16% Harvested,Low Water on Parana River Restrict Vessel Loading in Argentina,Brazilian Farmers Aggressively Selling their Crops,USDA Expects Brazil's Soy Acreage to Increase 4% in 2020/21,2019/20 Argentina Corn 26% Harvested,"Conab Lowers Brazil Soybean Estimate, Increases Corn Estimate",Early U.S. Corn Planting Slowed by Cold Temps and Wet Soils,,"3,24",0,-1
2020-04-13,Winter Wheat Planting in Southern Brazil off to a Timid Start,Brazilian Farmers Aggressively Selling their Crops,Early U.S. Corn Planting Slowed by Cold Temps and Wet Soils,Aprosoja Lowers 2019/20 Brazil Soybean Production to 120.0 mt,2019/20 Argentina Corn 26% Harvested,2019/20 Argentina Soybeans 16% Harvested,USDA Expects Brazil's Soy Acreage to Increase 4% in 2020/21,Low Water on Parana River Restrict Vessel Loading in Argentina,,,"3,24",0,-1
2020-04-16,Winter Wheat Planting in Southern Brazil off to a Timid Start,Brazil Soybean Export Pace Intensifies,2020 U.S. Planting Progress - Corn 7% and Soybeans 2%,Aprosoja Lowers 2019/20 Brazil Soybean Production to 120.0 mt,USDA Expects Brazil's Soy Acreage to Increase 4% in 2020/21,"Brazilian Sugar/Ethanol Sector in ""Survival Mode""",Brazil Farmers Locked in Profits on 35% of Next Year's Soy Crop,,,,"3,17",0,0
2020-04-19,Brazil Soybean Export Pace Intensifies,2020 U.S. Planting Progress - Corn 7% and Soybeans 2%,Brazil Farmers Locked in Profits on 35% of Next Year's Soy Crop,Brazil Produced Record Ethanol in 2019/20 4.7% Made from Corn,Truck Traffic in Brazil down 45% due to Covid-19 Crisis,Safrinha Corn Dry in Southern Brazil Doing OK in Central Brazil,"Safrinha Corn Dry in Southern Brazil, Doing OK in Central Brazil","Brazilian Sugar/Ethanol Sector in ""Survival Mode""","Brazil Produced Record Ethanol in 2019/20, 4.7% Made from Corn",,"3,15",0,0
2020-04-28,Brazil Soy Supply Should be Adequate to Meet Demand in 2020,Brazilian Farmers Expected to Increase their Winter Wheat Acreage,Brazilian Ports Operating Normally for Grain Exports,Domestic Soybean Prices in Brazil Set Records Last Friday,Paraguay Ethanol Production Impacted by Corvid-19 Pandemic,2020 U.S. Planting Pace Leaps Ahead of Average,Brazil Continues to Export Soybeans at a Record Pace,Dry Weather a Concern for Southern Safrinha Corn in Brazil,,,"3,14",1,0
2020-05,Port of Paranagua Exports Record Amounts of Soybeans in 2020,Agricultural Equipment Sales Surge in Brazil,Brazil's Cotton Acreage to Decline in 2020/21 More Corn and Soy,2020 U.S. Soybean Crop 75% Planted and 52% Emerged,Soybeans are Gaining Acreage in the State of Sao Paulo Brazil,2019/20 Argentina Soybeans 93% Harvested Corn 43% Harvested,Itaipu Dam Opens Spillway to Increase Water Level of Parana River,Yacyreta Dam Increases Water Discharge to Aid Parana River,Weaker Currency Results in Higher Cost of Production in Brazil,2020 U.S. Corn 80% Planted Soybeans 53% Planted,"8,41",0,-1
2020-05,Agricultural Equipment Sales Surge in Brazil,Brazil's Cotton Acreage to Decline in 2020/21 More Corn and Soy,Brazil's Safrinha Corn 2% Harvested,2020 U.S. Crops Starting off in Generally Good Condition,2020 U.S. Corn Crop 78% Emerged Off to Good Start,2019/20 Safrinha Corn Harvest Starting in Mato Grosso,2019/20 Argentina Soybeans 93% Harvested Corn 43% Harvested,Safrinha Corn Helped by Recent Rains in Southern Brazil,Itaipu Dam Opens Spillway to Increase Water Level of Parana River,Yacyreta Dam Increases Water Discharge to Aid Parana River,"3,17",0,-1
2020-05-04,Dry Weather a Concern for Southern Safrinha Corn in Brazil,Imea Estimates Mato Grosso will surpass 10 mha of Soy in 2020/21,2019/20 Argentina Soy Harvest Ahead of Average Approaching 70%,"U.S. Corn Planting 51% Complete, Soy 23%, both Ahead of Average",2019/20 Argentina Corn Harvest Advanced 2% last Week to 37%,"2019/20 Argentina Soy Harvest Ahead of Average, Approaching 70%",Brazil Crushers Compete with Exporters for Tight Soy Supplies,2019/20 Safrinha Corn in Southern Brazil Waiting for Rain,U.S. Corn Planting 51% Complete Soy 23% both Ahead of Average,,"3,17",1,0
2020-05-07,"Conab Lowers Brazilian Soybean Estimate, Increases Corn Estimate","2020 U.S. Corn 67% Planted (56% average), Soy 38% (23% average)",Mirror Image Weather - North America and South America,Brazil Crushers Compete with Exporters for Tight Soy Supplies,Imea Estimates Mato Grosso will surpass 10 mha of Soy in 2020/21,Conab Lowers Brazilian Soybean Estimate Increases Corn Estimate,2020 U.S. Corn 67% Planted (56% average) Soy 38% (23% average),Soy Prices Continue to Increase in Brazil due to Weaker Currency,Corn will Account for 8.4% of Brazil's Ethanol According to Conab,,"3,19",1,0
2020-05-10,2020 U.S. Corn 67% Planted (56% average) Soy 38% (23% average),Soy Prices Continue to Increase in Brazil due to Weaker Currency,Agroconsult Lowers Estimate of Brazil's Safrinha Corn Production,"2020 U.S. Corn 67% Planted (56% average), Soy 38% (23% average)",Mirror Image Weather - North America and South America,"Conab Lowers Brazilian Soybean Estimate, Increases Corn Estimate",Conab Lowers Brazilian Soybean Estimate Increases Corn Estimate,Safrinha Corn Ratings Decline in Parana,Corn will Account for 8.4% of Brazil's Ethanol According to Conab,More Logistical Problems at Argentine Ports along the Parana River,"3,19",1,0
2020-05-13,"2020 U.S. Corn 80% Planted, Soybeans 53% Planted",More Logistical Problems at Argentine Ports along the Parana River,Conab Lowers Brazilian Soybean Estimate Increases Corn Estimate,2020 U.S. Corn 80% Planted Soybeans 53% Planted,Safrinha Corn Ratings Decline in Parana,Brazilian Farmers Sold 80% of 19/20 Crop and 28% of 20/21 Crop,Mirror Image Weather - North America and South America,Brazil's Agricultural Gross Domestic Product up 8.6% in 2020,"Conab Lowers Brazilian Soybean Estimate, Increases Corn Estimate",Agroconsult Lowers Estimate of Brazil's Safrinha Corn Production,"3,19",0,0
2020-05-16,Weaker Currency Results in Higher Cost of Production in Brazil,"2020 U.S. Corn 80% Planted, Soybeans 53% Planted",Brazilian Farmers Sold 80% of 19/20 Crop and 28% of 20/21 Crop,Itaipu Dam Opens Spillway to Increase Water Level of Parana River,2020 U.S. Corn 80% Planted Soybeans 53% Planted,Brazil's Safrinha Corn receives some Much Needed Rainfall,Bidding on Ferrograo Railroad Scheduled for First Semester of 2021,Yacyreta Dam Increases Water Discharge to Aid Parana River,Brazil's Agricultural Gross Domestic Product up 8.6% in 2020,,"3,19",1,0
2020-05-19,2020 U.S. Corn 80% Planted Soybeans 53% Planted,Yacyreta Dam Increases Water Discharge to Aid Parana River,Brazil's Agricultural Gross Domestic Product up 8.6% in 2020,Weaker Currency Results in Higher Cost of Production in Brazil,Itaipu Dam Opens Spillway to Increase Water Level of Parana River,Bidding on Ferrograo Railroad Scheduled for First Semester of 2021,Brazil's Safrinha Corn receives some Much Needed Rainfall,"2020 U.S. Corn 80% Planted, Soybeans 53% Planted",,,"3,19",1,0
2020-05-22,Help is on the Way for Low Water Levels on the Parana River,2019/20 Argentina Soybeans 93% Harvested Corn 43% Harvested,Paranagua Operating Normally after brief Suspension at Berth 214,Rumo Signs Contract to Operate Brazil's Malha Paulista Railroad,"2019/20 Argentina Soybeans 93% Harvested, Corn 43% Harvested",Safrinha Corn Helped by Recent Rains in Southern Brazil,Bidding on Ferrograo Railroad Scheduled for First Semester of 2021,2019/20 Safrinha Corn Harvest Starting in Mato Grosso,,,"3,21",1,0
2020-05-25,2019/20 Safrinha Corn Harvest Starting in Mato Grosso,Safrinha Corn Helped by Recent Rains in Southern Brazil,"Soybeans are Gaining Acreage in the State of Sao Paulo, Brazil",2019/20 Argentina Soybeans 93% Harvested Corn 43% Harvested,Soybeans are Gaining Acreage in the State of Sao Paulo Brazil,Paranagua Operating Normally after brief Suspension at Berth 214,Rumo Signs Contract to Operate Brazil's Malha Paulista Railroad,"2019/20 Argentina Soybeans 93% Harvested, Corn 43% Harvested",Help is on the Way for Low Water Levels on the Parana River,,"3,23",1,0
2020-05-28,Soybeans are Gaining Acreage in the State of Sao Paulo Brazil,2020 U.S. Crops Starting off in Generally Good Condition,Rumo Signs Contract to Operate Brazil's Malha Paulista Railroad,Brazil's Safrinha Corn 2% Harvested,"2020 U.S. Corn Crop 78% Emerged, Off to Good Start","Soybeans are Gaining Acreage in the State of Sao Paulo, Brazil",Paranagua Operating Normally after brief Suspension at Berth 214,2020 U.S. Corn Crop 78% Emerged Off to Good Start,2020 U.S. Soybean Crop 75% Planted and 52% Emerged,Upgrade of Malha Paulista Railroad will help Mato Grosso Farmers,"3,25",1,0
2020-06,Conab Increases Soy Estimate 0.4 mt Lowers Corn Estimate 0.4 mt,Worrisome Forecast for Corn in Eastern Corn Belt,2020 U.S. Corn Condition Declines 2% Soy Condition Unchanged,Increased Acreage and Late Rains Help Brazil Safrinha Corn,2020 U.S. Crop Conditions Improve 1% for both Corn and Soybeans,Currency Volatility Spurred Soybean Sales in Brazil,Depressed Ethanol Sales in Brazil show Signs of Recovery,Safrinha Corn Harvest in Mato Grosso is 16% Parana is 4%,Early Safrinha Corn Harvest Underway in Eastern Goias,2020 U.S. Crop Condition-Split Decision Corn up 1% Soy Down 2%,"3,23",1,1
2020-06,2020 U.S. Soybeans Starting to Bloom Dryness is a Concern,Conab Increases Soy Estimate 0.4 mt Lowers Corn Estimate 0.4 mt,2020 U.S. Corn Condition Declines 2% Soy Condition Unchanged,Increased Acreage and Late Rains Help Brazil Safrinha Corn,2020 U.S. Crop Conditions Improve 1% for both Corn and Soybeans,Currency Volatility Spurred Soybean Sales in Brazil,Depressed Ethanol Sales in Brazil show Signs of Recovery,Forward Contracting of Brazil Soybeans Should Slow,2020 U.S. Crop Condition-Split Decision Corn up 1% Soy Down 2%,Soy Planting Complete in Brazil's Northernmost State of Roraima,"8,49",0,0
2020-06-03,Port of Paranagua Exports Record Amounts of Soybeans in 2020,2019/20 Growing Season Good for Farmers in Western Bahia,Brazil's Cotton Acreage to Decline in 2020/21 More Corn and Soy,Brazil's 2020/21 Harvest Plan (Plano Safra) will be Released June 15th,2020 U.S. Crop Conditions Improve with Warmer Temperatures,"Brazil's Cotton Acreage to Decline in 2020/21, More Corn and Soy",Brazil's Safrinha Corn 2% Harvested,Agricultural Equipment Sales Surge in Brazil,2020 U.S. Soybean Crop 75% Planted and 52% Emerged,,"3,29",0,0
2020-06-06,"""Soybean-Free"" Period Starts June 15th in Mato Grosso","Conab Lowers Brazil Corn Estimate, Corn Prices Decline in Brazil",Port of Paranagua Exports Record Amounts of Soybeans in 2020,Brazilian Farmers to Plant 6.7% more Wheat in 2020,Future of Paraguay-Parana River System Focus of Virtual Meeting,Port of Paranagua Loads Largest Vessel ever to Dock at the Port,2020 U.S. Crop Conditions Improve with Warmer Temperatures,Conab Lowers Brazil Corn Estimate Corn Prices Decline in Brazil,Agricultural Equipment Sales Surge in Brazil,,"3,29",1,0
2020-06-09,Cotton Harvest Starting in Brazil Farmers will Plant Less in 2020/21,"""Soybean-Free"" Period Starts June 15th in Mato Grosso",Port of Paranagua Loads Largest Vessel ever to Dock at the Port,Port of Paranagua Exports Record Amounts of Soybeans in 2020,"Conab Lowers Brazil Corn Estimate, Corn Prices Decline in Brazil","Cotton Harvest Starting in Brazil, Farmers will Plant Less in 2020/21",2020 U.S. Crop Conditions Improve with Warmer Temperatures,Brazilian Farmers to Plant 6.7% more Wheat in 2020,Future of Paraguay-Parana River System Focus of Virtual Meeting,Conab Lowers Brazil Corn Estimate Corn Prices Decline in Brazil,"3,29",1,0
2020-06-12,"Brazil's Harvest Plan-5.8% More Money, 1-2% Lower Interest Rates",2019/20 Brazil Safrinha Corn 5.5% Harvested,Brazil's Harvest Plan-5.8% More Money 1-2% Lower Interest Rates,"Cotton Harvest Starting in Brazil, Farmers will Plant Less in 2020/21",Farmers in Mato Grosso do Sul have Sold 42% of their Corn,2020 U.S. Corn Condition Declines Soybeans Unchanged,Cotton Harvest Starting in Brazil Farmers will Plant Less in 2020/21,"2020 U.S. Corn Condition Declines, Soybeans Unchanged","""Soybean-Free"" Period Starts June 15th in Mato Grosso",,"3,3",0,0
2020-06-15,Brazil's Harvest Plan-5.8% More Money 1-2% Lower Interest Rates,Farmers in Mato Grosso do Sul have Sold 42% of their Corn,2020 U.S. Corn Condition Declines Soybeans Unchanged,Brazil Ethanol Producers Look to California as Alternative Market,Cotton Harvest Starting in Brazil Farmers will Plant Less in 2020/21,"Cotton Harvest Starting in Brazil, Farmers will Plant Less in 2020/21","2020 U.S. Corn Condition Declines, Soybeans Unchanged","Brazil's Harvest Plan-5.8% More Money, 1-2% Lower Interest Rates",2019/20 Brazil Safrinha Corn 5.5% Harvested,,"3,3",0,-1
2020-06-18,Soy Planting Complete in Brazil's Northernmost State of Roraima,Brazil's Harvest Plan-5.8% More Money 1-2% Lower Interest Rates,Brazil Ethanol Producers Look to California as Alternative Market,Forward Contracting of Brazil Soybeans Should Slow,Farmers in Mato Grosso do Sul have Sold 42% of their Corn,Brazil Already Committed to 26-28 Million Tons of Corn Exports,"Brazil's Harvest Plan-5.8% More Money, 1-2% Lower Interest Rates",Brazil's Harvest Plan 2020/21 - More Money Lower Interest Rates,"2020 U.S. Crop Condition-Split Decision, Corn up 1% Soy Down 2%",2020 U.S. Crop Condition-Split Decision Corn up 1% Soy Down 2%,"3,28",1,0
2020-06-21,Forward Contracting of Brazil Soybeans Should Slow,2020 U.S. Crop Condition-Split Decision Corn up 1% Soy Down 2%,"2020 U.S. Crop Condition-Split Decision, Corn up 1% Soy Down 2%",Soy Planting Complete in Brazil's Northernmost State of Roraima,Depressed Ethanol Sales in Brazil show Signs of Recovery,Safrinha Corn Harvest in Mato Grosso is 16% Parana is 4%,"Safrinha Corn Harvest in Mato Grosso is 16%, Parana is 4%","Brazil's Harvest Plan 2020/21 - More Money, Lower Interest Rates",Brazil Already Committed to 26-28 Million Tons of Corn Exports,Early Safrinha Corn Harvest Underway in Eastern Goias,"3,23",1,1
2020-06-24,2020 U.S. Crop Conditions Improve 1% for both Corn and Soybeans,"Brazil's Harvest Plan 2020/21 - More Money, Lower Interest Rates",Forward Contracting of Brazil Soybeans Should Slow,Currency Volatility Spurred Soybean Sales in Brazil,Early Safrinha Corn Harvest Underway in Eastern Goias,Brazil's Harvest Plan 2020/21 - More Money Lower Interest Rates,"Safrinha Corn Harvest in Mato Grosso is 16%, Parana is 4%",Brazil's Winter Wheat Crop off to a Generally Good Start,Safrinha Corn Harvest in Mato Grosso is 16% Parana is 4%,Depressed Ethanol Sales in Brazil show Signs of Recovery,"3,26",1,1
2020-06-27,Brazil's Agricultural Gross Domestic Product Hits New Record,Currency Volatility Spurred Soybean Sales in Brazil,Swarming Locusts (Grasshoppers) Worries Argentina and Brazil,2020 U.S. Crop Conditions Improve 1% for both Corn and Soybeans,"""Bomb Cyclone"" Causes Widespread Damage in Southern Brazil",Brazil's Winter Wheat Crop off to a Generally Good Start,Increased Acreage and Late Rains Help Brazil Safrinha Corn,,,,"3,41",1,0
2020-06-30,2020 U.S. Crop Conditions Improve 1% for both Corn and Soybeans,Appears Locust Swarm in Northeastern Argentina is under Control,"""Bomb Cyclone"" Causes Widespread Damage in Southern Brazil",Swarming Locusts (Grasshoppers) Worries Argentina and Brazil,Brazil's Agricultural Gross Domestic Product Hits New Record,Brazil's Winter Wheat Crop off to a Generally Good Start,Increased Acreage and Late Rains Help Brazil Safrinha Corn,,,,"3,45",0,0
2020-07,2020 U.S. Corn Condition Declines 1% Soybeans Improve 1%,Port of Paranagua to Continue Loading very Large Grain Vessels,Corn Prices in Brazil supported by Exports Livestock and Ethanol,2020 U.S. Crops in Good Condition Estimates Moving Higher,2020/21 Argentina Soybean and Corn Acreage Estimates,2020/21 Paraguay Soybean and Corn Acreage Estimates,2020 U.S. Corn Condition Unchanged Soybeans up 1% to 73% G/Ex,Brazilian Corn Acreage could Increase 2.3% in 2020/21,Brazilian Soybean Acreage could Increase 4.2% in 2020/21,2020 U.S. Corn Estimates moving Higher,"3,33",1,1
2020-07,2020 U.S. Corn Condition Declines 1% Soybeans Improve 1%,Corn Prices in Brazil supported by Exports Livestock and Ethanol,2020/21 Argentina Soybean and Corn Acreage Estimates,2020/21 Paraguay Soybean and Corn Acreage Estimates,2020 U.S. Corn Condition Unchanged Soybeans up 1% to 73% G/Ex,Itaipu Dam releasing more Water to Aid Paraguay Soybean Barges,Brazilian Corn Acreage could Increase 2.3% in 2020/21,Brazilian Soybean Acreage could Increase 4.2% in 2020/21,2020 U.S. Corn and Soy Crops Improve 3% to 72% Good to Excellent,Completion of Highway BR-163 lowers Transportation Costs 25%,"8,78",1,1
2020-07-03,"2020 U.S. Soybeans Starting to Bloom, Dryness is a Concern",Worrisome Forecast for Corn in Eastern Corn Belt,"2020 U.S. Corn Condition Declines 2%, Soy Condition Unchanged",Appears Locust Swarm in Northeastern Argentina is under Control,2020 U.S. Corn Condition Declines 2% Soy Condition Unchanged,Conab Increases Soy Estimate 0.4 mt Lowers Corn Estimate 0.4 mt,Brazil's Logistics Performing Better than Expected during Pandemic,"Conab Increases Soy Estimate 0.4 mt, Lowers Corn Estimate 0.4 mt","Port of Paranagua Recovered from ""Bomb Cyclone""",2020 U.S. Soybeans Starting to Bloom Dryness is a Concern,"3,46",0,-1
2020-07-06,Worrisome Forecast for Corn in Eastern Corn Belt,Appears Locust Swarm in Northeastern Argentina is under Control,Conab Increases Soy Estimate 0.4 mt Lowers Corn Estimate 0.4 mt,"2020 U.S. Corn Condition Declines 2%, Soy Condition Unchanged",Brazil's Logistics Performing Better than Expected during Pandemic,2020 U.S. Corn Condition Declines 2% Soy Condition Unchanged,"Conab Increases Soy Estimate 0.4 mt, Lowers Corn Estimate 0.4 mt","Port of Paranagua Recovered from ""Bomb Cyclone""","2020 U.S. Soybeans Starting to Bloom, Dryness is a Concern",Domestic Soybean Prices Strengthen in Brazil as Supply Tightens,"3,44",0,-1
2020-07-09,Numerous Infrastructure Projects in Mato Grosso moving Forward,2020 U.S. Corn Condition Down 2% (G/E) Soybeans Down 3% (G/E),Clearing of Native Cerrado Land in Brazil Lowest in 18 Years,Conab Increases Soy Estimate 0.4 mt Lowers Corn Estimate 0.4 mt,"2020 U.S. Corn Condition Down 2% (G/E), Soybeans Down 3% (G/E)",Brazil's Agricultural Exports Soared in June to Record Levels,2020 U.S. Soybeans Starting to Bloom Dryness is a Concern,Domestic Soybean Prices Strengthen in Brazil as Supply Tightens,2020 U.S. Corn Rated 69% Good to Excellent down 2%,"2020 U.S. Soybeans Starting to Bloom, Dryness is a Concern","3,33",0,-1
2020-07-15,New Swarm of Grasshoppers/Locust forming in Paraguay,2020 U.S. Corn Rated 69% Good to Excellent down 2%,Ferrograo Railroad in Mato Grosso one Step Closer to Fruition,2020 U.S. Corn Condition Steady Soybeans Improve 1%,Corn Ethanol Facilities to be Inaugurated by Brazilian President,"2020 U.S. Corn Rated 69% Good to Excellent, down 2%","2020 U.S. Corn Condition Steady, Soybeans Improve 1%",Numerous Infrastructure Projects in Mato Grosso moving Forward,Economic Outlook for Brazilian Farmers the Best in Recent Years,Brazil's Soybean Exports Continue at a Record Pace,"3,28",0,0
2020-07-21,Paranagua Sets New Record Loading 104200 Tons on One Vessel,"More than Half of 2020 U.S. Corn Pollinated, Rains Benefit",2020 U.S. Soy Entering Pod Set under Generally Good Conditions,Completion of Highway BR-163 lowers Transportation Costs 25%,More than Half of 2020 U.S. Corn Pollinated Rains Benefit,"Paranagua Sets New Record Loading 104,200 Tons on One Vessel",Three Swarms of Locust now in N. Argentina and S. Paraguay,Ferrograo Railroad in Mato Grosso one Step Closer to Fruition,Brazil to Export Record Soy in July but it is also Importing Soy,2020 U.S. Corn Condition Steady Soybeans Improve 1%,"3,26",0,-1
2020-07-24,Completion of Highway BR-163 lowers Transportation Costs 25%,2020 U.S. Corn Estimates moving Higher,Brazilian Soybean Acreage could Increase 4.2% in 2020/21,Brazilian Farmers could make Record Profits on their 2020/21 Crops,"First Locust Swarm under Control in Argentina, Two More to Go",Paranagua Sets New Record Loading 104200 Tons on One Vessel,First Locust Swarm under Control in Argentina Two More to Go,"Paranagua Sets New Record Loading 104,200 Tons on One Vessel",Brazil's Agricultural Exports to China continue to set Records,2020 U.S. Corn and Soy Crops Improve 3% to 72% Good to Excellent,"3,2",0,-1
2020-07-27,Brazilian Farmers could make Record Profits on their 2020/21 Crops,Brazilian Soybean Acreage could Increase 4.2% in 2020/21,"First Locust Swarm under Control in Argentina, Two More to Go",Brazilian Corn Acreage could Increase 2.3% in 2020/21,2020 U.S. Corn Estimates moving Higher,2020 U.S. Corn and Soy Crops Improve 3% to 72% Good to Excellent,Brazil's Agricultural Exports to China continue to set Records,Completion of Highway BR-163 lowers Transportation Costs 25%,First Locust Swarm under Control in Argentina Two More to Go,,"3,18",0,-1
2020-07-30,2020 U.S. Corn Condition Unchanged Soybeans up 1% to 73% G/Ex,First Locust Swarm under Control in Argentina Two More to Go,Brazilian Corn Acreage could Increase 2.3% in 2020/21,2020/21 Paraguay Soybean and Corn Acreage Estimates,"First Locust Swarm under Control in Argentina, Two More to Go",Itaipu Dam releasing more Water to Aid Paraguay Soybean Barges,Brazilian Farmers may produce a Record Large Wheat Crop in 2020,2020/21 Argentina Soybean and Corn Acreage Estimates,Brazilian Soybean Acreage could Increase 4.2% in 2020/21,"2020 U.S. Corn Condition Unchanged, Soybeans up 1% to 73% G/Ex","3,14",0,0
2020-08,Mato Grosso to Produce More Corn than Soybeans in 2020/21,U.S. Corn Condition down 1 to 61% G/E Soy down 1 to 65% G/E,Annual Month-By-Month Crop Production Cycle in Brazil,Strong Exports Forces Brazil to Import Soybeans Corn and Rice,Spot Commodity Prices in Mato Grosso near Record High Levels,2020 U.S. Corn Condition Declines 2% Corn is 12% Mature,2020 U.S. Soybean Condition Declines 3% 8% Dropping Leaves,2020 U.S. Corn Crop Declines 2% G/E Soybeans Decline 3% G/E,Brazil Backtracks on Suspension of Tariffs for Imported Grain,If Needed Brazil will temporarily suspend Tariffs on Soy Corn Rice,"3,2",0,-1
2020-08,Mato Grosso to Produce More Corn than Soybeans in 2020/21,Soybean Planting Starts in Parana Brazil Today September 10th,U.S. Corn Condition down 1 to 61% G/E Soy down 1 to 65% G/E,Potential Long Term Soybean Expansion in Brazil,Annual Month-By-Month Crop Production Cycle in Brazil,Strong Exports Forces Brazil to Import Soybeans Corn and Rice,Spot Commodity Prices in Mato Grosso near Record High Levels,Soy Stocks Tight in Brazil may be Tight Again Second Half of 2021,2020 U.S. Corn Condition Declines 2% Corn is 12% Mature,2020 U.S. Soybean Condition Declines 3% 8% Dropping Leaves,"8,87",1,1
2020-08-02,Corn Prices in Brazil supported by Exports Livestock and Ethanol,Itaipu Dam releasing more Water to Aid Paraguay Soybean Barges,2020 U.S. Corn Condition Unchanged Soybeans up 1% to 73% G/Ex,2020 U.S. Crops in Good Condition Estimates Moving Higher,2020/21 Argentina Soybean and Corn Acreage Estimates,Brazilian Farmers may produce a Record Large Wheat Crop in 2020,"2020 U.S. Crops in Good Condition, Estimates Moving Higher",Fifth Swarm of Locust advancing in Northern Argentina,"2020 U.S. Corn Condition Unchanged, Soybeans up 1% to 73% G/Ex",2020/21 Paraguay Soybean and Corn Acreage Estimates,"3,11",1,1
2020-08-05,Port of Paranagua to Continue Loading very Large Grain Vessels,"2020 U.S. Corn Condition Declines 1%, Soybeans Improve 1%",2020/21 Paraguay Soybean and Corn Acreage Estimates,2020/21 Argentina Soybean and Corn Acreage Estimates,Corn Prices in Brazil supported by Exports Livestock and Ethanol,2020 U.S. Crops in Good Condition Estimates Moving Higher,"2020 U.S. Crops in Good Condition, Estimates Moving Higher",2020 U.S. Corn Condition Declines 1% Soybeans Improve 1%,Fifth Swarm of Locust advancing in Northern Argentina,Marfrig Global Foods's Goal is Zero Deforestation within 10 Years,"3,1",1,1
2020-08-17,"2020 U.S. Corn down 2% to 69% gd/ex, Soy down 2% to 72%",2020/21 Full-Season Corn Planting Underway in Rio Grande do Sul,U.S. Soybeans Impacted much less than Corn from Derecho Storm,Brazilian Farmers Forward Contracting their Soy at a Record Pace,Corn Source for 8.8% of Brazil's Ethanol Production in 2020/21,Damage to U.S. Corn from Derecho Storm still being Evaluated,Meteorologists Predicting Dry Start to Planting in Brazil,Highway BR-163 in Northern Brazil Target of Indigenous Protestors,2020 U.S. Corn down 2% to 69% gd/ex Soy down 2% to 72%,,"3,27",1,1
2020-08-23,"2020 U.S. Corn Condition Declines 5% G/E, Soy Declines 3% G/E",2020 U.S. Soybean Condition Declines 3% to 69% Rated G/E,"Weather in Brazil- Hot and Dry North, Cold and Wet South",Conab Estimates an 8% Increase in 2020/21 Brazil Grain Production,2020 U.S. Corn Condition Declines 5% G/E Soy Declines 3% G/E,2020 U.S. Corn Condition Declines 5% to 64% Rated G/E,Weather in Brazil- Hot and Dry North Cold and Wet South,Conab Increased Brazil Soy Production 14.4 mt for Last Seven Years,If Needed Brazil will temporarily suspend Tariffs on Soy Corn Rice,"If Needed, Brazil will temporarily suspend Tariffs on Soy, Corn, Rice","3,44",1,1
2020-08-26,Brazil Backtracks on Suspension of Tariffs for Imported Grain,Conab Estimates an 8% Increase in 2020/21 Brazil Grain Production,2020 U.S. Soybean Condition Declines 3% to 69% Rated G/E,"If Needed, Brazil will temporarily suspend Tariffs on Soy, Corn, Rice",If Needed Brazil will temporarily suspend Tariffs on Soy Corn Rice,Ag Expansion in Mato Grosso Supported by Three New Railroads,2020 U.S. Corn Condition Declines 5% to 64% Rated G/E,Conab Increased Brazil Soy Production 14.4 mt for Last Seven Years,"2020 U.S. Corn Crop Declines 2% G/E, Soybeans Decline 3% G/E",2020 U.S. Corn Crop Declines 2% G/E Soybeans Decline 3% G/E,"3,52",1,1
2020-08-29,Ag Expansion in Mato Grosso Supported by Three New Railroads,2020 U.S. Soybean Condition Declines 3% 8% Dropping Leaves,Spot Commodity Prices in Mato Grosso near Record High Levels,"2020 U.S. Corn Crop Declines 2% G/E, Soybeans Decline 3% G/E","2020 U.S. Soybean Condition Declines 3%, 8% Dropping Leaves",Brazil Backtracks on Suspension of Tariffs for Imported Grain,"Soy Stocks Tight in Brazil, may be Tight Again Second Half of 2021","2020 U.S. Corn Condition Declines 2%, Corn is 12% Mature",2020 U.S. Corn Crop Declines 2% G/E Soybeans Decline 3% G/E,2020 U.S. Corn Condition Declines 2% Corn is 12% Mature,"3,57",1,1
2020-09,2020/21 Argentina Corn 15.4% Planted 20.8% Average,Corn Prices in Southern Brazil hit R$ 70.00 per sack ($5.80 per bu.),Soybean Oil Prices in Brazil Record High Carryover Record Low,"""Northern Arc"" of Ports Increase Share of Brazil's Grain Exports",Corn Prices in Mato Grosso continue to Set Record Highs,2020 U.S. Corn 15% Harvested Soybeans 20% Harvested,2020 U.S. Corn Condition 61% G/E 8% Harvested,2020 U.S. Corn Condition Improves 1% G/E Soybeans Unchanged,U.S. Registers Sale of 30000 Tons of Rice to Brazil,2020 U.S. Corn Yield Estimated at 176.0 bu/ac,"3,42",1,1
2020-09,2020/21 Brazil Soybeans 1.6% Planted Average is 4.5%,Brazil Soybeans R$ 160.00 per sack (approximately $13.35 per bu.),Corn Prices in Southern Brazil hit R$ 70.00 per sack ($5.80 per bu.),Soybean Oil Prices in Brazil Record High Carryover Record Low,"""Northern Arc"" of Ports Increase Share of Brazil's Grain Exports",Corn Prices in Mato Grosso continue to Set Record Highs,2020 U.S. Corn 15% Harvested Soybeans 20% Harvested,Soybean Supply Situation in Brazil Getting even Tighter,2020 U.S. Soybean Condition 63% G/E 6% Harvested,2020 U.S. Corn Condition Improves 1% G/E Soybeans Unchanged,"9,34",1,1
2020-09-01,"Soy Stocks Tight in Brazil, may be Tight Again Second Half of 2021",Spot Commodity Prices in Mato Grosso near Record High Levels,"Strong Exports Forces Brazil to Import Soybeans, Corn, and Rice",2020 U.S. Corn Condition Declines 2% Corn is 12% Mature,Soy Stocks Tight in Brazil may be Tight Again Second Half of 2021,"2020 U.S. Soybean Condition Declines 3%, 8% Dropping Leaves","2020 U.S. Corn Crop Declines 2% G/E, Soybeans Decline 3% G/E",2020 U.S. Corn Crop Declines 2% G/E Soybeans Decline 3% G/E,2020 U.S. Soybean Condition Declines 3% 8% Dropping Leaves,Strong Exports Forces Brazil to Import Soybeans Corn and Rice,"3,57",1,1
2020-09-04,"Strong Exports Forces Brazil to Import Soybeans, Corn, and Rice",Mato Grosso to Produce More Corn than Soybeans in 2020/21,Strong Exports Forces Brazil to Import Soybeans Corn and Rice,South America Weather and Early Planting Progress,Soybean Planting Starts in Parana Brazil Today September 10th,"Soybean Planting Starts in Parana, Brazil Today, September 10th",Marfrig Global Foods Launches Carbon-Neutral Viva Beef,"U.S. Corn Condition down 1 to 61% G/E, Soy down 1 to 65% G/E",Potential Long Term Soybean Expansion in Brazil,U.S. Corn Condition down 1 to 61% G/E Soy down 1 to 65% G/E,"3,61",1,1
2020-09-07,Mato Grosso to Produce More Corn than Soybeans in 2020/21,U.S. Corn Condition down 1 to 61% G/E Soy down 1 to 65% G/E,"Soybean Planting Starts in Parana, Brazil Today, September 10th","U.S. Corn Condition down 1 to 61% G/E, Soy down 1 to 65% G/E",South America Weather and Early Planting Progress,Annual Month-By-Month Crop Production Cycle in Brazil,Dry Conditions Slow Start of Soybean Planting in Parana,Soybean Planting Starts in Parana Brazil Today September 10th,"Strong Exports Forces Brazil to Import Soybeans, Corn, and Rice",Potential Long Term Soybean Expansion in Brazil,"3,64",1,1
2020-09-10,"Brazil Lifts 8% Tariff on Imported Rice, is Soybeans and Corn Next",Annual Month-By-Month Crop Production Cycle for Argentina,"Soybean Planting Starts in Parana, Brazil Today, September 10th",2020 U.S. Soybean Yield Estimated at 51.0 bu/ac,Soybean Planting Starts in Parana Brazil Today September 10th,Dry Conditions Slow Start of Soybean Planting in Parana,Brazil Lifts 8% Tariff on Imported Rice is Soybeans and Corn Next,Mato Grosso to Produce More Corn than Soybeans in 2020/21,2020 U.S. Corn Yield Estimated at 176.0 bu/ac,U.S. Corn Condition Declines 1% G/E Soybeans Decline 2% G/E,"3,68",1,0
2020-09-16,La Nina could Impact Planting and Crop Development in S. America,2019/20 Brazil Cotton Crop Record Large for Third Year in a Row,2020 U.S. Corn Yield Estimated at 176.0 bu/ac,Argentina Weather and Spring Planting Progress,2020 U.S. Soybean Yield Estimated at 51.0 bu/ac,"U.S. Registers Sale of 30,000 Tons of Rice to Brazil",U.S. Registers Sale of 30000 Tons of Rice to Brazil,"2020 U.S. Corn Condition Improves 1% G/E, Soybeans Unchanged",2020 U.S. Corn Condition Improves 1% G/E Soybeans Unchanged,Soy Planting has Started in Mato Grosso for Farmers with Irrigation,"3,73",0,-1
2020-09-19,2020 U.S. Soybean Condition 63% G/E 6% Harvested,U.S. Registers Sale of 30000 Tons of Rice to Brazil,Argentina Weather and Spring Planting Progress,2020 U.S. Corn Condition Improves 1% G/E Soybeans Unchanged,Marfrig Expanding Cattle Monitoring System in Brazil,"2020 U.S. Corn Condition 61% G/E, 8% Harvested","U.S. Registers Sale of 30,000 Tons of Rice to Brazil","2020 U.S. Soybean Condition 63% G/E, 6% Harvested",2020 U.S. Corn Condition 61% G/E 8% Harvested,"2020 U.S. Corn Condition Improves 1% G/E, Soybeans Unchanged","3,67",1,1
2020-09-22,"2020 U.S. Soybean Condition 63% G/E, 6% Harvested",Soybean Supply Situation in Brazil Getting even Tighter,2020 U.S. Corn Condition 61% G/E 8% Harvested,Marfrig Expanding Cattle Monitoring System in Brazil,2020 U.S. Soybean Condition 63% G/E 6% Harvested,Argentina Weather and Spring Planting Progress,2020 U.S. Corn Condition Improves 1% G/E Soybeans Unchanged,"2020 U.S. Corn Condition 61% G/E, 8% Harvested","2020 U.S. Corn Condition Improves 1% G/E, Soybeans Unchanged",,"3,67",1,1
2020-09-25,"""Northern Arc"" of Ports Increase Share of Brazil\'s Grain Exports",Marfrig Expanding Cattle Monitoring System in Brazil,Corn Prices in Mato Grosso continue to Set Record Highs,2020 U.S. Corn 15% Harvested Soybeans 20% Harvested,Soybean Supply Situation in Brazil Getting even Tighter,"Brazil Weather - Hot and Dry Central, Showers far Southern Brazil","""Northern Arc"" of Ports Increase Share of Brazil's Grain Exports",Brazil Weather - Hot and Dry Central Showers far Southern Brazil,"2020 U.S. Corn 15% Harvested, Soybeans 20% Harvested",,"3,72",1,1
2020-09-28,"""Northern Arc"" of Ports Increase Share of Brazil's Grain Exports","2020 U.S. Corn 15% Harvested, Soybeans 20% Harvested",Corn Prices in Mato Grosso continue to Set Record Highs,Soybean Oil Prices in Brazil Record High Carryover Record Low,Soybean Supply Situation in Brazil Getting even Tighter,Brazil Weather - Hot and Dry Central Showers far Southern Brazil,"""Northern Arc"" of Ports Increase Share of Brazil\'s Grain Exports","Soybean Oil Prices in Brazil Record High, Carryover Record Low",2020 U.S. Corn 15% Harvested Soybeans 20% Harvested,"Brazil Weather - Hot and Dry Central, Showers far Southern Brazil","3,75",1,1
2020-10,2020/21 Argentina Corn 30% Planted Soybeans 2-3% Planted,Soybean and Corn Prices Continue to Set Records in Brazil,Completion of BR-163 Lowers Freight Costs out of Mato Grosso,2020/21 Argentina Corn 28% Planted Soybeans 1-2% Planted,Spot Prices for Soy and Corn Continue to Set Records in Mato Grosso,Full-Season Corn in Southern Brazil off to a Somewhat Dry Start,Domestic Corn Prices in Brazil Approach Parity with Imported Corn,2020/21 Argentina Corn 24% Planted Soybeans 1-2% Planted,2020/21 Brazil Corn 47.2% Planted vs. 54.1% Average,Brazil Set to Suspend Import Tariffs on Soybeans and Corn,"3,73",1,1
2020-10,Brazil Importing U.S. Soybeans,Soybeans are Not a Major Contributor to Fires in Brazilian Amazon,2020/21 Argentina Corn 30% Planted Soybeans 2-3% Planted,Soybean and Corn Prices Continue to Set Records in Brazil,Farmers in N. Mato Grosso Working Double Shifts Planting Soy,Farmers in Parana Almost Double Soybean Planting in One Week,Completion of BR-163 Lowers Freight Costs out of Mato Grosso,2020/21 Argentina Corn 28% Planted Soybeans 1-2% Planted,Spot Prices for Soy and Corn Continue to Set Records in Mato Grosso,2020/21 Brazil Soybeans 23% Planted Average is 34%,"10,19",1,1
2020-10-01,2020/21 Brazil Soybeans 1.6% Planted Average is 4.5%,Brazil Negotiating Rice Imports from non-Mercosul Countries,Soybean Oil Prices in Brazil Record High Carryover Record Low,Corn Prices in Mato Grosso continue to Set Record Highs,"""Northern Arc"" of Ports Increase Share of Brazil's Grain Exports",Brazil Soybeans R$ 160.00 per sack (approximately $13.35 per bu.),Corn Prices in Southern Brazil hit R$ 70.00 per sack ($5.80 per bu.),"2020/21 Argentina Corn 15.4% Planted, 20.8% Average","2020/21 Brazil Soybeans 1.6% Planted, Average is 4.5%","""Northern Arc"" of Ports Increase Share of Brazil\'s Grain Exports","3,83",1,1
2020-10-04,"2020/21 Argentina Corn 15.4% Planted, 20.8% Average",Brazil Soybeans R$ 160.00 per sack (approximately $13.35 per bu.),2020/21 Argentina Corn 15.4% Planted 20.8% Average,2020/21 Brazil Soybeans 1.6% Planted Average is 4.5%,Soy Prices at Port of Paranagua in Southern Brazil hit Record Highs,"2020/21 Brazil Soybeans 1.6% Planted, Average is 4.5%","Farmers in Parana, Brazil waiting for Rain to Plant Soybeans","Conab - 2020/21 Brazilian Soy Production up 7.1%, Corn up 2.6%",Corn Prices in Southern Brazil hit R$ 70.00 per sack ($5.80 per bu.),Brazil Negotiating Rice Imports from non-Mercosul Countries,"3,87",1,1
2020-10-07,Highway BR-163 in Northern Brazil Blocked Again for 6 Days,"2020/21 Argentina Corn 15.4% Planted, 20.8% Average",Brazil 2020/21 Soybean Planting 3.4% Slowest in 10 years,2020/21 Brazil Soybeans 1.6% Planted Average is 4.5%,2020/21 Argentina Corn 15.4% Planted 20.8% Average,"2020/21 Brazil Soybeans 1.6% Planted, Average is 4.5%",Farmers in Parana Brazil waiting for Rain to Plant Soybeans,Soy Prices at Port of Paranagua in Southern Brazil hit Record Highs,"Farmers in Parana, Brazil waiting for Rain to Plant Soybeans","Brazil 2020/21 Soybean Planting 3.4%, Slowest in 10 years","3,9",1,1
2020-10-10,Soybean Rust Alert System Activated in the Brazilian State of Parana,Full-Season Corn in Southern Brazil 39% Planted About Average,Highway BR-163 in Northern Brazil Blocked Again for 6 Days,"Full-Season Corn in Southern Brazil 39% Planted, About Average",Brazil 2020/21 Soybean Planting 3.4% Slowest in 10 years,"Argentina Corn 21% Planted, 5% Slower than Average","Brazil 2020/21 Soybean Planting 3.4%, Slowest in 10 years",2020/21 Brazil Soybeans off to a Slow Start,Forward Contracting of Grain at Record Pace in Mato Grosso,Imea Increases Mato Grosso's 2020/21 Soybean Acreage and Yield,"3,96",1,1
2020-10-16,2020/21 Brazil Soybeans 6-8% Planted vs. 17.3% Average,"Dry Weather Slows Early Soybean Planting in Parana, Brazil",2020/21 Argentina Corn 24% Planted Soybeans 1-2% Planted,Wheat Yields in Rio Grande do Sul Disappoint,Soybean Rust Alert System Activated in the Brazilian State of Parana,Domestic Corn Prices in Brazil Approach Parity with Imported Corn,Dry Weather Slows Early Soybean Planting in Parana Brazil,2020/21 Brazil Corn 47.2% Planted vs. 54.1% Average,Brazil Set to Suspend Import Tariffs on Soybeans and Corn,"2020/21 Argentina Corn 24% Planted, Soybeans 1-2% Planted","4,09",1,0
2020-10-19,Soybean Planting in Parana Continues Slow at 32%,Domestic Corn Prices in Brazil Approach Parity with Imported Corn,"2020/21 Argentina Corn 24% Planted, Soybeans 1-2% Planted",2020/21 Brazil Soybeans 6-8% Planted vs. 17.3% Average,Dry Weather Slows Early Soybean Planting in Parana Brazil,Wheat Yields in Rio Grande do Sul Disappoint,2020/21 Argentina Corn 24% Planted Soybeans 1-2% Planted,Brazil Set to Suspend Import Tariffs on Soybeans and Corn,"Dry Weather Slows Early Soybean Planting in Parana, Brazil",2020/21 Brazil Corn 47.2% Planted vs. 54.1% Average,"4,13",0,-1
2020-10-25,"2020/21 Brazil Soybeans 23% Planted, Average is 34%",Full-Season Corn in Southern Brazil off to a Somewhat Dry Start,Spot Prices for Soy and Corn Continue to Set Records in Mato Grosso,2020/21 Argentina Corn 28% Planted Soybeans 1-2% Planted,Farmers in N. Mato Grosso Working Double Shifts Planting Soy,2020/21 Brazil Soybeans 23% Planted Average is 34%,Ferrograo Railroad in N. Brazil opposed by Indigenous Groups,Farmers in Parana Almost Double Soybean Planting in One Week,"2020/21 Argentina Corn 28% Planted, Soybeans 1-2% Planted",Completion of BR-163 Lowers Freight Costs out of Mato Grosso,"4,06",0,0
2020-10-28,Completion of BR-163 Lowers Freight Costs out of Mato Grosso,Farmers in N. Mato Grosso Working Double Shifts Planting Soy,"2020/21 Argentina Corn 28% Planted, Soybeans 1-2% Planted",2020/21 Argentina Corn 28% Planted Soybeans 1-2% Planted,Spot Prices for Soy and Corn Continue to Set Records in Mato Grosso,Soybean and Corn Prices Continue to Set Records in Brazil,Farmers in Parana Almost Double Soybean Planting in One Week,,,,"3,99",1,1
2020-10-31,Soybean and Corn Prices Continue to Set Records in Brazil,"2020/21 Argentina Corn 30% Planted, Soybeans 2-3% Planted",Soybeans are Not a Major Contributor to Fires in Brazilian Amazon,Worrisome Long Range Forecast for Southern Brazil,2020/21 Argentina Corn 30% Planted Soybeans 2-3% Planted,,,,,,"4,04",1,1
2020-11,Rainfall Helps Stabilize Full-Season Corn in Southern Brazil,600 Trucks Carrying Paraguay Soy and Corn Waiting to Enter Brazil,After Record Highs Soybean Prices Declining in Brazil,Soybean and Corn Prices Decline in Mato Grosso Brazil,2020/21 Brazil Full-Season Corn Impacted by Dry Weather,2020/21 Argentina Corn 32% Planted vs. 46% Last Year,Higher Corn Prices in Brazil could Compensate for Lower Yields,Argentina Farmers Continue to be Slow Sellers of their 2019/20 Soy,Parana Soybeans 92% Planted Full-Season Corn 98% Planted,Dryness Worries Soy Farmers in Argentina Forward Sales very Slow,"4,04",1,1
2020-11,Brazil Soybeans 90% Planted Rain is Improving but More is Needed,600 Trucks Carrying Paraguay Soy and Corn Waiting to Enter Brazil,U.S. Soybeans Unloaded at Port of Paranagua in Southern Brazil,After Record Highs Soybean Prices Declining in Brazil,2020/21 Parana Soybeans Rated 72% Good Worst in five Years,Soybean and Corn Prices Decline in Mato Grosso Brazil,Vessel of U.S. Soybeans Arrives at Port of Paranagua in Brazil,2020/21 Brazilian Soybeans 87% Planted Rainfall Improving,Higher Corn Prices in Brazil could Compensate for Lower Yields,Brazilian Farmers Already Purchasing Inputs for 2021/22 Soy Crop,"10,72",1,1
2020-11-03,Worrisome Long Range Forecast for Southern Brazil,Brazil Importing U.S. Soybeans,2020/21 Argentina Corn 30% Planted Soybeans 2-3% Planted,Soybeans are Not a Major Contributor to Fires in Brazilian Amazon,"2020/21 Argentina Corn 30% Planted, Soybeans 2-3% Planted",,,,,,"4,06",1,1
2020-11-06,Conab Increases Brazilian Soy Estimate 1.3 mt in Nov. Crop Report,Brazil Importing U.S. Soybeans,Drought Continues to Impact State of Santa Catarina in S. Brazil,Soy Planting Started Slow in Parana will end at the Normal Time,"Brazil Soybeans Over Half Planted, Dryness Still a Concern",Brazil Soybeans Over Half Planted Dryness Still a Concern,Argentina Planting Slow Soybeans 4% Planted Corn 31% Planted,"Argentina Planting Slow, Soybeans 4% Planted, Corn 31% Planted",Soybeans are Not a Major Contributor to Fires in Brazilian Amazon,Brazil's 2020/21 Safrinha Corn Will be Planted Later Than Normal,"4,13",1,1
2020-11-09,Brazil Soybeans Over Half Planted Dryness Still a Concern,Drought Continues to Impact State of Santa Catarina in S. Brazil,"Brazil Soybeans Over Half Planted, Dryness Still a Concern",Brazil Importing U.S. Soybeans,Argentina Planting Slow Soybeans 4% Planted Corn 31% Planted,Soy Planting Started Slow in Parana will end at the Normal Time,Brazil's 2020/21 Safrinha Corn Will be Planted Later Than Normal,"Soy Planting Started Slow in Parana, will end at the Normal Time",Dry Weather in Rio Grande do Sul Impacting Early Summer Crops,"Argentina Planting Slow, Soybeans 4% Planted, Corn 31% Planted","4,13",1,1
2020-11-15,2020/21 Argentina Soybeans 20% Planted Problematic Weather,Drought Losses Mount for Farmers in Santa Catarina in S. Brazil,"Parana Soybeans 92% Planted, Full-Season Corn 98% Planted","2020/21 Brazil Soybeans 70% Planted, Dry Worries in S. Brazil",Brazilian Cotton Acreage to Decline in Favor of More Corn and Soy,Parana Soybeans 92% Planted Full-Season Corn 98% Planted,"2020/21 Argentina Soybeans 20% Planted, Problematic Weather",2020/21 Brazil Soybeans 70% Planted Dry Worries in S. Brazil,Dryness Worries Soy Farmers in Argentina Forward Sales very Slow,"Dryness Worries Soy Farmers in Argentina, Forward Sales very Slow","4,22",1,1
2020-11-18,Dryness Delays 2020/21 Soybean Planting in Northern Uruguay,Soybeans are Planted Early in State of Bahia in Northeastern Brazil,2020/21 Brazil Soybeans 70% Planted Dry Worries in S. Brazil,Drought Losses Mount for Farmers in Santa Catarina in S. Brazil,Argentina Farmers Continue to be Slow Sellers of their 2019/20 Soy,"2020/21 Argentina Soybeans 20% Planted, Problematic Weather",2020/21 Argentina Soybeans 20% Planted Problematic Weather,"Parana Soybeans 92% Planted, Full-Season Corn 98% Planted","Dryness Worries Soy Farmers in Argentina, Forward Sales very Slow","2020/21 Brazil Soybeans 70% Planted, Dry Worries in S. Brazil","4,25",0,0
2020-11-21,Brazil Soybeans 81% Planted Dryness in Southern Brazil Worries,Argentina Farmers Continue to be Slow Sellers of their 2019/20 Soy,Dryness Delays 2020/21 Soybean Planting in Northern Uruguay,"Brazil Soybeans 81% Planted, Dryness in Southern Brazil Worries",Argentina Soybeans 20% Planted Slow due to Dryness,Soybeans are Planted Early in State of Bahia in Northeastern Brazil,"Argentina Soybeans 20% Planted, Slow due to Dryness",Brazilian Farmers Already Purchasing Inputs for 2021/22 Soy Crop,,,"4,27",0,0
2020-11-27,"2020/21 Brazilian Soybeans 87% Planted, Rainfall Improving",2020/21 Brazilian Soybeans 87% Planted Rainfall Improving,"Soybean and Corn Prices Decline in Mato Grosso, Brazil",Soybean and Corn Prices Decline in Mato Grosso Brazil,Vessel of U.S. Soybeans Arrives at Port of Paranagua in Brazil,Higher Corn Prices in Brazil could Compensate for Lower Yields,2020/21 Argentina Corn 32% Planted vs. 46% Last Year,2020/21 Parana Soybeans Rated 72% Good Worst in five Years,Brazilian Farmers Already Purchasing Inputs for 2021/22 Soy Crop,"2020/21 Parana Soybeans Rated 72% Good, Worst in five Years","4,25",0,0
2020-12,Grain Inspectors Selectively Strike Exporters in Argentina,Argentina Suspends Corn Exports Until at Least March,2020/21 Argentina Corn Only 61% Planted vs. 80% Average,Early Weather Concerns Impact Soybean Production in Mato Grosso,Farmers in Southern Brazil Completing Full-Season Corn Planting,Brazil's Biodiesel will Increase to 13% Vegetable Oil in March 2021,More of Mato Grosso's Corn being Consumed Internally,Imea Estimates 14% of Mato Grosso's Corn will be Planted Late,2020/21 Brazil Full-Season Corn Impacted by Dry Weather,2020/21 Argentina Corn 47% Planted 24% Rated Good/Excellent,"4,21",1,1
2020-12,Soy Harvest in Mato Grosso will be 15-20 Days Later Than Normal,January Critical for Brazilian Soybeans Some Areas Need Rain,Weather Improving in Brazil Early Maturing Soy Disappointing,2020/21 Argentina Soybeans 88% Planted 42% Good to Excellent,A Few Early Soybeans Harvested in Mato Grosso Last Week,Export Taxes on Argentina Soybeans back to 33%,Recent Rains in Central Brazil Help to Stabilize Soybean Crop,2.3% of Brazil's Soybeans are Conventional Soybeans (non-GMO),Argentina Soy 77% Planted Rain Needed to Plant Double-Crop,Early Weather Concerns Impact Soybean Production in Mato Grosso,"11,65",1,1
2020-12-03,Soybean and Corn Prices Decline in Mato Grosso Brazil,"After Record Highs, Soybean Prices Declining in Brazil",Brazil Soybeans 90% Planted Rain is Improving but More is Needed,Rainfall Helps Stabilize Full-Season Corn in Southern Brazil,"Soybean and Corn Prices Decline in Mato Grosso, Brazil","2020/21 Parana Soybeans Rated 72% Good, Worst in five Years",600 Trucks Carrying Paraguay Soy and Corn Waiting to Enter Brazil,"Brazil Soybeans 90% Planted, Rain is Improving, but More is Needed",After Record Highs Soybean Prices Declining in Brazil,2020/21 Parana Soybeans Rated 72% Good Worst in five Years,"4,23",1,0
2020-12-09,Brazil Soybeans 90% Planted Rain is Improving but More is Needed,Rainfall Helps Stabilize Full-Season Corn in Southern Brazil,Major Improvements Planned for Brazilian Highway BR-163,After Slow Start in 2020 Ag Vehicle Sales in Brazil up 30% in Nov.,China Booking New Crop Brazilian Soybeans for March Shipment,"Brazil Soybeans 90% Planted, Rain is Improving, but More is Needed","After Slow Start in 2020, Ag Vehicle Sales in Brazil up 30% in Nov.",Conab Lowers Brazil 2020/21 Soy Production 0.5 mt Corn 2.4 mt,"Conab Lowers Brazil 2020/21 Soy Production 0.5 mt, Corn 2.4 mt",,"4,23",1,1
2020-12-12,Major Improvements Planned for Brazilian Highway BR-163,2020/21 Brazil Full-Season Corn Impacted by Dry Weather,More of Mato Grosso's Corn being Consumed Internally,Imea Estimates 14% of Mato Grosso's Corn will be Planted Late,2020/21 Argentina Corn 47% Planted 24% Rated Good/Excellent,Labor Unrest Paralyze Ports in Argentina,"2020/21 Argentina Corn 47% Planted, 24% Rated Good/Excellent",,,,"4,29",1,1
2020-12-15,Brazil's Biodiesel will Increase to 13% Vegetable Oil in March 2021,2020/21 Argentina Corn 47% Planted 24% Rated Good/Excellent,Labor Unrest Paralyze Ports in Argentina,2020/21 Brazil Full-Season Corn Impacted by Dry Weather,More of Mato Grosso's Corn being Consumed Internally,Imea Estimates 14% of Mato Grosso's Corn will be Planted Late,"2020/21 Argentina Corn 47% Planted, 24% Rated Good/Excellent",,,,"4,32",1,1
2020-12-21,Strike at Argentine Ports Worry Brazilian Wheat Millers,Brazil's Biodiesel will Increase to 13% Vegetable Oil in March 2021,Labor Unrest Strands More than 100 Vessels at Argentine Ports,Next 45 Day Period will be Critical Pod Filling for Brazilian Soybeans,Farmers in Southern Brazil Completing Full-Season Corn Planting,Recent Rains give Temporary Reprieve to Dryness in Argentina,,,,,"4,45",1,1
